,Word1,Word2,Accepted_Candidate,Unaccepted_Candidate
0,프로젝트,밸브,프로젝브,프로젤브
1,프로젝트,밸브,프로젝브,프로벨브
2,프로젝트,밸브,프로젝브,프로제브
3,프로젝트,밸브,프로젝브,프로젝벨브
4,프로젝트,밸브,프로젤브,프로제브
5,프로젝트,밸브,프로젤브,프로젝벨브
6,프로젝트,밸브,프로벨브,프로제브
7,프로젝트,밸브,프로벨브,프로젝벨브
8,프로젝트,밸브,프로제브,프로젝벨브
9,고갱이,아르헨티나,고겡헨티나,고르헨티나
10,고갱이,아르헨티나,고겡헨티나,고게헨티나
11,고갱이,아르헨티나,고겡헨티나,고그헨티나
12,고갱이,아르헨티나,고겡헨티나,고으헨티나
13,고갱이,아르헨티나,고르헨티나,고게헨티나
14,고갱이,아르헨티나,고르헨티나,고그헨티나
15,고갱이,아르헨티나,고르헨티나,고으헨티나
16,고갱이,아르헨티나,고게헨티나,고으헨티나
17,고갱이,아르헨티나,고그헨티나,고으헨티나
18,녹두,젊음,녹듬,노음
19,녹두,젊음,녹듬,녹두음
20,녹두,젊음,노음,녹두음
21,가입자,그릇,가릇,가그릇
22,가입자,그릇,가릇,가입릇
23,가입자,그릇,가릇,가이릇
24,가입자,그릇,가릇,가으릇
25,가입자,그릇,가그릇,가이릇
26,가입자,그릇,가그릇,가으릇
27,가입자,그릇,가입릇,가이릇
28,가입자,그릇,가입릇,가으릇
29,쌍디귿,개악,쌍닥,싸악
30,쌍디귿,개악,쌍닥,쌍디각
31,쌍디귿,개악,쌍닥,쌍디악
32,쌍디귿,개악,쌍닥,쌍게악
33,쌍디귿,개악,싸악,쌍디각
34,쌍디귿,개악,싸악,쌍디악
35,쌍디귿,개악,싸악,쌍게악
36,쌍디귿,개악,쌍디각,쌍디악
37,쌍디귿,개악,쌍디각,쌍게악
38,쌍디귿,개악,쌍디악,쌍게악
39,가공적,햇병아리,가공자리,가공적리
40,가공적,햇병아리,가공자리,가고아리
41,가공적,햇병아리,가공자리,가공저아리
42,가공적,햇병아리,가공저리,가공적리
43,가공적,햇병아리,가공저리,가고아리
44,가공적,햇병아리,가공저리,가공저아리
45,가공적,햇병아리,가공적리,가고아리
46,가공적,햇병아리,가공적리,가공저아리
47,가공적,햇병아리,가고아리,가공저아리
48,어슷썰기,검문검색,어슷검섹,어순검섹
49,어슷썰기,검문검색,어슷검섹,어슨검섹
50,어슷썰기,검문검색,어슷검섹,어슷썸섹
51,어슷썰기,검문검색,어슷썰섹,어순검섹
52,어슷썰기,검문검색,어슷썰섹,어슨검섹
53,어슷썰기,검문검색,어슷썰섹,어슷썸섹
54,너와집,교육법,너육법,너왁법
55,너와집,교육법,너육법,너와법
56,너와집,교육법,너육법,너욱법
57,너와집,교육법,너육법,너와죽법
58,너와집,교육법,너왁법,너와법
59,너와집,교육법,너왁법,너욱법
60,너와집,교육법,너왁법,너와죽법
61,너와집,교육법,너와법,너욱법
62,너와집,교육법,너와법,너와죽법
63,너와집,교육법,너욱법,너와죽법
64,개벽,개선,게벼선,게게선
65,개벽,개선,게벼선,게베선
66,개벽,개선,게벼선,게벽선
67,개벽,개선,게벼선,게에선
68,개벽,개선,게게선,게벽선
69,개벽,개선,게게선,게에선
70,개벽,개선,게베선,게벽선
71,개벽,개선,게베선,게에선
72,개벽,개선,게벽선,게에선
73,바지런,초읽기,바짉기,바지기
74,바지런,초읽기,바짉기,바읽기
75,바지런,초읽기,바짉기,바지럵기
76,바지런,초읽기,바짉기,바지릵기
77,바지런,초읽기,바지기,바지럵기
78,바지런,초읽기,바지기,바지릵기
79,바지런,초읽기,바읽기,바지럵기
80,바지런,초읽기,바읽기,바지릵기
81,넌더리,가감승제,넌감승제,넌덤승제
82,넌더리,가감승제,넌감승제,넌담승제
83,넌더리,가감승제,넌감승제,넌더승제
84,넌더리,가감승제,넌감승제,너감승제
85,넌더리,가감승제,넌덤승제,넌더승제
86,넌더리,가감승제,넌덤승제,너감승제
87,넌더리,가감승제,넌담승제,넌더승제
88,넌더리,가감승제,넌담승제,너감승제
89,넌더리,가감승제,넌더승제,너감승제
90,힌트,텁석부리,힌석부리,힙석부리
91,힌트,텁석부리,힌석부리,힌턱부리
92,힌트,텁석부리,힌석부리,히석부리
93,힌트,텁석부리,힌석부리,히억부리
94,힌트,텁석부리,힙석부리,히석부리
95,힌트,텁석부리,힙석부리,히억부리
96,힌트,텁석부리,힌턱부리,히석부리
97,힌트,텁석부리,힌턱부리,히억부리
98,힌트,텁석부리,히석부리,히억부리
99,냉커피,꺽다리,넹커리,넹카리
100,냉커피,꺽다리,넹커리,넹커피리
101,냉커피,꺽다리,넥다리,넹카리
102,냉커피,꺽다리,넥다리,넹커피리
103,냉커피,꺽다리,넹다리,넹카리
104,냉커피,꺽다리,넹다리,넹커피리
105,냉커피,꺽다리,넹카리,넹커피리
106,가운뎃손가락,골프장,갈프장,가프장
107,가운뎃손가락,골프장,갈프장,가운장
108,가운뎃손가락,골프장,갈프장,가우장
109,가운뎃손가락,골프장,갈프장,가으장
110,가운뎃손가락,골프장,가프장,가우장
111,가운뎃손가락,골프장,가프장,가으장
112,가운뎃손가락,골프장,가운장,가우장
113,가운뎃손가락,골프장,가운장,가으장
114,똥물,샤머니즘,똥머니즘,똥무니즘
115,똥물,샤머니즘,똥머니즘,똥무이즘
116,똥물,샤머니즘,똥머니즘,똥물니즘
117,똥물,샤머니즘,똥머니즘,똥먀머니즘
118,똥물,샤머니즘,똥무니즘,똥무이즘
119,똥물,샤머니즘,똥무니즘,똥물니즘
120,똥물,샤머니즘,똥무니즘,똥먀머니즘
121,똥물,샤머니즘,똥무이즘,똥물니즘
122,똥물,샤머니즘,똥무이즘,똥먀머니즘
123,똥물,샤머니즘,똥물니즘,똥먀머니즘
124,빨래,가루비누,빨루비누,빠루비누
125,빨래,가루비누,빨루비누,빠우비누
126,빨래,가루비누,빨루비누,빨레비누
127,빨래,가루비누,빨루비누,빨레이누
128,빨래,가루비누,빠루비누,빠우비누
129,빨래,가루비누,빠루비누,빨레비누
130,빨래,가루비누,빠루비누,빨레이누
131,빨래,가루비누,빠우비누,빨레비누
132,빨래,가루비누,빠우비누,빨레이누
133,빨래,가루비누,빨레비누,빨레이누
134,히읗,균형적,힌형적,히형적
135,히읗,균형적,힌형적,히영적
136,히읗,균형적,힌형적,히엉적
137,히읗,균형적,힌형적,히응적
138,히읗,균형적,히형적,히영적
139,히읗,균형적,히형적,히엉적
140,히읗,균형적,히형적,히응적
141,히읗,균형적,히영적,히엉적
142,히읗,균형적,히영적,히응적
143,레슨,맴매,렘메,레메
144,레슨,맴매,렘메,레셈메
145,레슨,맴매,렘메,레슴메
146,레슨,맴매,렘메,레멤메
147,레슨,맴매,레메,레셈메
148,레슨,맴매,레메,레슴메
149,레슨,맴매,레메,레멤메
150,씨앗,밴댕이,씨아이,씨이
151,겨룸,난항,갼항,겨항
152,겨룸,난항,갼항,겨난항
153,겨룸,난항,갼항,겨룬항
154,겨룸,난항,견항,겨항
155,겨룸,난항,견항,겨난항
156,겨룸,난항,견항,겨룬항
157,겨룸,난항,겨항,겨난항
158,겨룸,난항,겨항,겨룬항
159,겨룸,난항,겨난항,겨룬항
160,토사구팽,복숭아뼈,토사구뼈,토사가뼈
161,토사구팽,복숭아뼈,토사구뼈,토사아뼈
162,토사구팽,복숭아뼈,토사구뼈,토사구파뼈
163,토사구팽,복숭아뼈,토사구뼈,토사구페뼈
164,토사구팽,복숭아뼈,토사가뼈,토사아뼈
165,토사구팽,복숭아뼈,토사가뼈,토사구파뼈
166,토사구팽,복숭아뼈,토사가뼈,토사구페뼈
167,토사구팽,복숭아뼈,토사아뼈,토사구파뼈
168,토사구팽,복숭아뼈,토사아뼈,토사구페뼈
169,몫돈,고목,몫목,모목
170,몫돈,고목,몫목,몫고목
171,몫돈,고목,몫목,몫도목
172,몫돈,고목,몫목,모고목
173,몫돈,고목,모목,몫고목
174,몫돈,고목,모목,몫도목
175,몫돈,고목,모목,모고목
176,몫돈,고목,몫고목,몫도목
177,몫돈,고목,몫고목,모고목
178,몫돈,고목,몫도목,모고목
179,개량형,개선문,게량문,게련문
180,개량형,개선문,게량문,게랸문
181,개량형,개선문,게량문,게랴문
182,개량형,개선문,게량문,게런문
183,개량형,개선문,게련문,게랴문
184,개량형,개선문,게련문,게런문
185,개량형,개선문,게랸문,게랴문
186,개량형,개선문,게랸문,게런문
187,암컷,콘센트,암센트,암컨트
188,암컷,콘센트,암센트,암켄트
189,암컷,콘센트,암센트,암커트
190,암컷,콘센트,암센트,암컷트
191,암컷,콘센트,암컨트,암커트
192,암컷,콘센트,암컨트,암컷트
193,암컷,콘센트,암켄트,암커트
194,암컷,콘센트,암켄트,암컷트
195,암컷,콘센트,암커트,암컷트
196,목덜미,깊이,목디,모이
197,목덜미,깊이,목디,목더이
198,목덜미,깊이,목디,목덜미이
199,목덜미,깊이,모이,목더이
200,목덜미,깊이,모이,목덜미이
201,목덜미,깊이,목더이,목덜미이
202,인슐린,바깥일,인슐릴,인슈일
203,인슐린,바깥일,인슐릴,인슐리일
204,인슐린,바깥일,인슐릴,인실
205,인슐린,바깥일,인슈일,인슐리일
206,인슐린,바깥일,인슈일,인실
207,인슐린,바깥일,인슐리일,인실
208,공휴일,봄나들이,공휴이이,공휴이
209,공휴일,봄나들이,공휴이이,공히
210,공휴일,봄나들이,공휴이이,고이
211,공휴일,봄나들이,공휴이,공히
212,공휴일,봄나들이,공휴이,고이
213,공휴일,봄나들이,공히,고이
214,곰방대,고무바퀴,곰방바퀴,곰방다퀴
215,곰방대,고무바퀴,곰방바퀴,곰무바퀴
216,곰방대,고무바퀴,곰방바퀴,곰바바퀴
217,곰방대,고무바퀴,곰방바퀴,곰부바퀴
218,곰방대,고무바퀴,곰방다퀴,곰무바퀴
219,곰방대,고무바퀴,곰방다퀴,곰바바퀴
220,곰방대,고무바퀴,곰방다퀴,곰부바퀴
221,곰방대,고무바퀴,곰무바퀴,곰부바퀴
222,곰방대,고무바퀴,곰바바퀴,곰부바퀴
223,미완성,부챗살,미완살,미쳇살
224,미완성,부챗살,미완살,미왓살
225,미완성,부챗살,미완살,미웻살
226,미완성,부챗살,미완살,미완셋살
227,미완성,부챗살,미쳇살,미완셋살
228,미완성,부챗살,미왓살,미완셋살
229,미완성,부챗살,미웻살,미완셋살
230,덧문,가뭄,덧뭄,더뭄
231,덧문,가뭄,덧뭄,덧가뭄
232,덧문,가뭄,덧뭄,덧마뭄
233,덧문,가뭄,덧뭄,덧무뭄
234,덧문,가뭄,더뭄,덧가뭄
235,덧문,가뭄,더뭄,덧마뭄
236,덧문,가뭄,더뭄,덧무뭄
237,덧문,가뭄,덧가뭄,덧마뭄
238,덧문,가뭄,덧가뭄,덧무뭄
239,감옥소,안간힘,감간힘,가간힘
240,감옥소,안간힘,감간힘,가안힘
241,감옥소,안간힘,감간힘,가안간힘
242,감옥소,안간힘,간간힘,가간힘
243,감옥소,안간힘,간간힘,가안힘
244,감옥소,안간힘,간간힘,가안간힘
245,감옥소,안간힘,가간힘,가안힘
246,감옥소,안간힘,가간힘,가안간힘
247,감옥소,안간힘,가안힘,가안간힘
248,가장행렬,착륙,각륙,가륙
249,가장행렬,착륙,각륙,가장륙
250,가장행렬,착륙,각륙,가착륙
251,가장행렬,착륙,각륙,가작륙
252,가장행렬,착륙,가륙,가장륙
253,가장행렬,착륙,가륙,가착륙
254,가장행렬,착륙,가륙,가작륙
255,가장행렬,착륙,가장륙,가작륙
256,가장행렬,착륙,가착륙,가작륙
257,강철봉,짝짜꿍,강철꿍,강짜꿍
258,강철봉,짝짜꿍,강철꿍,강차꿍
259,강철봉,짝짜꿍,강철꿍,강처꿍
260,강철봉,짝짜꿍,강철꿍,각짜꿍
261,강철봉,짝짜꿍,강짜꿍,강차꿍
262,강철봉,짝짜꿍,강짜꿍,강처꿍
263,강철봉,짝짜꿍,강짜꿍,각짜꿍
264,펴낸이,갖가지,펴가지,펴나지
265,펴낸이,갖가지,펴가지,펴네지
266,펴낸이,갖가지,펴가지,퍚가지
267,펴낸이,갖가지,펴가지,펴넨지
268,펴낸이,갖가지,펴나지,퍚가지
269,펴낸이,갖가지,펴나지,펴넨지
270,펴낸이,갖가지,펴네지,퍚가지
271,펴낸이,갖가지,펴네지,펴넨지
272,밥솥,군령,밥령,반령
273,밥솥,군령,밥령,바령
274,밥솥,군령,밥령,밥군령
275,밥솥,군령,밥령,밥순령
276,밥솥,군령,반령,바령
277,밥솥,군령,반령,밥군령
278,밥솥,군령,반령,밥순령
279,밥솥,군령,바령,밥군령
280,밥솥,군령,바령,밥순령
281,밥솥,군령,밥군령,밥순령
282,스탠드바,아랫것,스렛것,스엣것
283,스탠드바,아랫것,스렛것,스테것
284,스탠드바,아랫것,스텐것,스엣것
285,스탠드바,아랫것,스텐것,스테것
286,스탠드바,아랫것,스텟것,스엣것
287,스탠드바,아랫것,스텟것,스테것
288,겨룸,판잣집,견잣집,겨잣집
289,겨룸,판잣집,견잣집,겨룻집
290,겨룸,판잣집,견잣집,겨랏집
291,겨룸,판잣집,갼잣집,겨잣집
292,겨룸,판잣집,갼잣집,겨룻집
293,겨룸,판잣집,갼잣집,겨랏집
294,겨룸,판잣집,겨잣집,겨룻집
295,겨룸,판잣집,겨잣집,겨랏집
296,갤러리,에티켓,겔러켓,게티켓
297,갤러리,에티켓,겔러켓,게이켓
298,갤러리,에티켓,겔리켓,게티켓
299,갤러리,에티켓,겔리켓,게이켓
300,갤러리,에티켓,겔티켓,게티켓
301,갤러리,에티켓,겔티켓,게이켓
302,갤러리,에티켓,게티켓,게이켓
303,벚나무,낱잔,벚잔,벝잔
304,벚나무,낱잔,벚잔,벚낱잔
305,벚나무,낱잔,벚잔,벚나잔
306,벚나무,낱잔,벚잔,벚나낱잔
307,벚나무,낱잔,벝잔,벚낱잔
308,벚나무,낱잔,벝잔,벚나잔
309,벚나무,낱잔,벝잔,벚나낱잔
310,벚나무,낱잔,벚낱잔,벚나잔
311,벚나무,낱잔,벚낱잔,벚나낱잔
312,벚나무,낱잔,벚나잔,벚나낱잔
313,기타,과육,기튝,기육
314,기타,과육,기튝,기타육
315,기타,과육,기튝,기아육
316,기타,과육,기튝,기타아육
317,기타,과육,기육,기타육
318,기타,과육,기육,기아육
319,기타,과육,기육,기타아육
320,기타,과육,기타육,기아육
321,기타,과육,기타육,기타아육
322,기타,과육,기아육,기타아육
323,팸플릿,걸상,펨걸상,펨펄상
324,팸플릿,걸상,펨걸상,펨플걸상
325,팸플릿,걸상,펨걸상,펨플릴상
326,팸플릿,걸상,펨플상,펨펄상
327,팸플릿,걸상,펨플상,펨플걸상
328,팸플릿,걸상,펨플상,펨플릴상
329,팸플릿,걸상,펨펄상,펨플걸상
330,팸플릿,걸상,펨펄상,펨플릴상
331,팸플릿,걸상,펨플걸상,펨플릴상
332,뱁새눈,가무,벱가무,벱세무
333,뱁새눈,가무,벱가무,벱사무
334,뱁새눈,가무,벱가무,벱세누무
335,뱁새눈,가무,벱가무,벱세눈무
336,뱁새눈,가무,벱세무,벱세누무
337,뱁새눈,가무,벱세무,벱세눈무
338,뱁새눈,가무,벱사무,벱세누무
339,뱁새눈,가무,벱사무,벱세눈무
340,뱁새눈,가무,벱세누무,벱세눈무
341,꽃뱀,북엇국,꽃벗국,꽃베국
342,꽃뱀,북엇국,꽃벗국,꼬엇국
343,꽃뱀,북엇국,꽃벗국,꽃벰국
344,꽃뱀,북엇국,꽃벳국,꽃베국
345,꽃뱀,북엇국,꽃벳국,꼬엇국
346,꽃뱀,북엇국,꽃벳국,꽃벰국
347,꽃뱀,북엇국,꽃베국,꼬엇국
348,꽃뱀,북엇국,꽃베국,꽃벰국
349,꽃뱀,북엇국,꼬엇국,꽃벰국
350,쇳조각,휠체어,쉣조거,쉣체어
351,쇳조각,휠체어,쉣조거,쉴체어
352,쇳조각,휠체어,쉣조거,쉘체어
353,쇳조각,휠체어,쉣조거,쉣조어
354,슈퍼마켓,깊이,슈피,슈이
355,슈퍼마켓,깊이,슈피,슈퍼미
356,슈퍼마켓,깊이,슈피,슈퍼이
357,슈퍼마켓,깊이,슈피,슈퍼마키
358,슈퍼마켓,깊이,슈이,슈퍼미
359,슈퍼마켓,깊이,슈이,슈퍼이
360,슈퍼마켓,깊이,슈이,슈퍼마키
361,슈퍼마켓,깊이,슈퍼미,슈퍼이
362,슈퍼마켓,깊이,슈퍼미,슈퍼마키
363,슈퍼마켓,깊이,슈퍼이,슈퍼마키
364,인터넷,굼벵이,인터니,인터이
365,인터넷,굼벵이,인터니,인터네이
366,인터넷,굼벵이,인터니,인티
367,인터넷,굼벵이,인터이,인터네이
368,인터넷,굼벵이,인터이,인티
369,인터넷,굼벵이,인터네이,인티
370,콤플렉스,이팔청춘,콤플청춘,콤플렁춘
371,콤플렉스,이팔청춘,콤플청춘,콤플렝춘
372,콤플렉스,이팔청춘,콤팔청춘,콤플렁춘
373,콤플렉스,이팔청춘,콤팔청춘,콤플렝춘
374,콤플렉스,이팔청춘,콤플렉춘,콤플렁춘
375,콤플렉스,이팔청춘,콤플렉춘,콤플렝춘
376,됨됨이,대패질,뒘페질,뒈페질
377,됨됨이,대패질,뒘페질,뒈에질
378,됨됨이,대패질,뒘페질,뒘데페질
379,됨됨이,대패질,뒘데질,뒈페질
380,됨됨이,대패질,뒘데질,뒈에질
381,됨됨이,대패질,뒘데질,뒘데페질
382,됨됨이,대패질,뒈페질,뒈에질
383,됨됨이,대패질,뒈페질,뒘데페질
384,됨됨이,대패질,뒈에질,뒘데페질
385,콩가루,핸디캡,콩가켑,콘디켑
386,콩가루,핸디캡,콩가켑,콩기켑
387,콩가루,핸디캡,콩가켑,코디켑
388,콩가루,핸디캡,콩디켑,콘디켑
389,콩가루,핸디캡,콩디켑,콩기켑
390,콩가루,핸디캡,콩디켑,코디켑
391,콩가루,핸디캡,콘디켑,코디켑
392,콩가루,핸디캡,콩기켑,코디켑
393,가래,팝콘,갑콘,가콘
394,가래,팝콘,갑콘,가팝콘
395,가래,팝콘,갑콘,가랍콘
396,가래,팝콘,갑콘,가압콘
397,가래,팝콘,가콘,가팝콘
398,가래,팝콘,가콘,가랍콘
399,가래,팝콘,가콘,가압콘
400,가래,팝콘,가팝콘,가랍콘
401,가래,팝콘,가팝콘,가압콘
402,가래,팝콘,가랍콘,가압콘
403,껌정,보탬,껌템,꺼템
404,껌정,보탬,껌템,껌보템
405,껌정,보탬,껌템,껌조템
406,껌정,보탬,껌템,껌저템
407,껌정,보탬,꺼템,껌보템
408,껌정,보탬,꺼템,껌조템
409,껌정,보탬,꺼템,껌저템
410,껌정,보탬,껌보템,껌조템
411,껌정,보탬,껌보템,껌저템
412,못자리,손톱깎이,못자리이,못자이
413,못자리,손톱깎이,못자리이,못지
414,못자리,손톱깎이,못자리이,모이
415,못자리,손톱깎이,못자이,못지
416,못자리,손톱깎이,못자이,모이
417,못자리,손톱깎이,못지,모이
418,계집종,이니셜,계집셜,계니셜
419,계집종,이니셜,계집셜,계지셜
420,계집종,이니셜,계집셜,계이셜
421,계집종,이니셜,계집셜,계집니셜
422,계집종,이니셜,계니셜,계지셜
423,계집종,이니셜,계니셜,계이셜
424,계집종,이니셜,계니셜,계집니셜
425,계집종,이니셜,계지셜,계이셜
426,계집종,이니셜,계지셜,계집니셜
427,계집종,이니셜,계이셜,계집니셜
428,사또,농활,상활,사활
429,사또,농활,상활,사똥활
430,사또,농활,상활,사농활
431,사또,농활,상활,사옹활
432,사또,농활,사활,사똥활
433,사또,농활,사활,사농활
434,사또,농활,사활,사옹활
435,사또,농활,사똥활,사농활
436,사또,농활,사똥활,사옹활
437,사또,농활,사농활,사옹활
438,위헌,당번,윙번,위번
439,위헌,당번,윙번,위당번
440,위헌,당번,윙번,위헝번
441,위헌,당번,윙번,위항번
442,위헌,당번,위번,위당번
443,위헌,당번,위번,위헝번
444,위헌,당번,위번,위항번
445,위헌,당번,위당번,위헝번
446,위헌,당번,위당번,위항번
447,걷기,찜통,걷통,검통
448,걷기,찜통,걷통,거통
449,걷기,찜통,걷통,걷김통
450,걷기,찜통,걷통,걷찜통
451,걷기,찜통,검통,거통
452,걷기,찜통,검통,걷김통
453,걷기,찜통,검통,걷찜통
454,걷기,찜통,거통,걷김통
455,걷기,찜통,거통,걷찜통
456,걷기,찜통,걷김통,걷찜통
457,탤런트,고해,텔헤,테헤
458,탤런트,고해,텔헤,텔런헤
459,탤런트,고해,텔헤,텔고헤
460,탤런트,고해,텔헤,텔러헤
461,탤런트,고해,테헤,텔런헤
462,탤런트,고해,테헤,텔고헤
463,탤런트,고해,테헤,텔러헤
464,탤런트,고해,텔런헤,텔고헤
465,탤런트,고해,텔런헤,텔러헤
466,탤런트,고해,텔고헤,텔러헤
467,강대,광택제,강덱제,강텍제
468,강대,광택제,강덱제,가텍제
469,강대,광택제,강덱제,가엑제
470,강대,광택제,강덱제,강데제
471,강대,광택제,강텍제,가텍제
472,강대,광택제,강텍제,가엑제
473,강대,광택제,강텍제,강데제
474,강대,광택제,가텍제,가엑제
475,강대,광택제,가텍제,강데제
476,강대,광택제,가엑제,강데제
477,수탉,근삿값,순삿값,수삿값
478,수탉,근삿값,순삿값,수탓값
479,수탉,근삿값,순삿값,수타값
480,수탉,근삿값,순삿값,수앗값
481,수탉,근삿값,수삿값,수탓값
482,수탉,근삿값,수삿값,수타값
483,수탉,근삿값,수삿값,수앗값
484,수탉,근삿값,수탓값,수타값
485,수탉,근삿값,수탓값,수앗값
486,에어컨디셔너,곱절,에어컨디셔절,에어컨디솝절
487,에어컨디셔너,곱절,에어컨디셔절,에어컨디셔너절
488,에어컨디셔너,곱절,에어컨디셔절,에어컨디셔넙절
489,에어컨디셔너,곱절,에어컨디곱절,에어컨디솝절
490,에어컨디셔너,곱절,에어컨디곱절,에어컨디셔너절
491,에어컨디셔너,곱절,에어컨디곱절,에어컨디셔넙절
492,에어컨디셔너,곱절,에어컨디솝절,에어컨디셔너절
493,에어컨디셔너,곱절,에어컨디솝절,에어컨디셔넙절
494,에어컨디셔너,곱절,에어컨디셔너절,에어컨디셔넙절
495,새싹,뉘우침,세쑤침,세우침
496,새싹,뉘우침,세쑤침,세싹침
497,새싹,뉘우침,세쑤침,세뉘우침
498,새싹,뉘우침,세싸침,세우침
499,새싹,뉘우침,세싸침,세싹침
500,새싹,뉘우침,세싸침,세뉘우침
501,새싹,뉘우침,세우침,세싹침
502,새싹,뉘우침,세우침,세뉘우침
503,새싹,뉘우침,세싹침,세뉘우침
504,강심제,어휘집,강휘집,강쉬집
505,강심제,어휘집,강휘집,가휘집
506,강심제,어휘집,강휘집,강시집
507,강심제,어휘집,강심집,강쉬집
508,강심제,어휘집,강심집,가휘집
509,강심제,어휘집,강심집,강시집
510,강심제,어휘집,강쉬집,가휘집
511,강심제,어휘집,강쉬집,강시집
512,느낌,돋보기안경,늗보기안경,느보기안경
513,느낌,돋보기안경,늗보기안경,느꼬기안경
514,느낌,돋보기안경,늗보기안경,느끼기안경
515,느낌,돋보기안경,늗보기안경,느오기안경
516,느낌,돋보기안경,느보기안경,느꼬기안경
517,느낌,돋보기안경,느보기안경,느끼기안경
518,느낌,돋보기안경,느보기안경,느오기안경
519,느낌,돋보기안경,느꼬기안경,느오기안경
520,느낌,돋보기안경,느끼기안경,느오기안경
521,연둣빛,사흘,연흘,여흘
522,연둣빛,사흘,연흘,연둣흘
523,연둣빛,사흘,연흘,연사흘
524,연둣빛,사흘,연흘,연다흘
525,연둣빛,사흘,여흘,연둣흘
526,연둣빛,사흘,여흘,연사흘
527,연둣빛,사흘,여흘,연다흘
528,연둣빛,사흘,연둣흘,연사흘
529,연둣빛,사흘,연둣흘,연다흘
530,연둣빛,사흘,연사흘,연다흘
531,칡넝쿨,염탐꾼,칡탐꾼,칡남꾼
532,칡넝쿨,염탐꾼,칡탐꾼,침탐꾼
533,칡넝쿨,염탐꾼,칡탐꾼,칡넘꾼
534,칡넝쿨,염탐꾼,칡넝꾼,칡남꾼
535,칡넝쿨,염탐꾼,칡넝꾼,침탐꾼
536,칡넝쿨,염탐꾼,칡넝꾼,칡넘꾼
537,낙관론,귀티,낙관티,낙귀티
538,낙관론,귀티,낙관티,낙과티
539,낙관론,귀티,낙관티,낙기티
540,낙관론,귀티,낙관티,낙관로티
541,낙관론,귀티,낙귀티,낙과티
542,낙관론,귀티,낙귀티,낙기티
543,낙관론,귀티,낙귀티,낙관로티
544,낙관론,귀티,낙과티,낙기티
545,낙관론,귀티,낙과티,낙관로티
546,낙관론,귀티,낙기티,낙관로티
547,냉각,공통분모,넹통분모,넹강분모
548,냉각,공통분모,넹통분모,넹가분모
549,냉각,공통분모,넹통분모,넹가운모
550,냉각,공통분모,넹공분모,넹강분모
551,냉각,공통분모,넹공분모,넹가분모
552,냉각,공통분모,넹공분모,넹가운모
553,냉각,공통분모,넹강분모,넹가분모
554,냉각,공통분모,넹강분모,넹가운모
555,냉각,공통분모,넹가분모,넹가운모
556,밧데리,개막,밧데막,밧게막
557,밧데리,개막,밧데막,밧데레막
558,밧데리,개막,밧데막,밧데게막
559,밧데리,개막,밧데막,밧데에막
560,밧데리,개막,밧게막,밧데레막
561,밧데리,개막,밧게막,밧데게막
562,밧데리,개막,밧게막,밧데에막
563,밧데리,개막,밧데레막,밧데에막
564,밧데리,개막,밧데게막,밧데에막
565,결근,떡두꺼비,결두꺼비,격두꺼비
566,결근,떡두꺼비,결두꺼비,결그꺼비
567,결근,떡두꺼비,결두꺼비,결구꺼비
568,결근,떡두꺼비,결두꺼비,겨두꺼비
569,결근,떡두꺼비,격두꺼비,겨두꺼비
570,결근,떡두꺼비,결그꺼비,겨두꺼비
571,결근,떡두꺼비,결구꺼비,겨두꺼비
572,안전밸브,결함,안함,안결함
573,안전밸브,결함,안함,안졀함
574,안전밸브,결함,안함,안전함
575,안전밸브,결함,안함,안절함
576,안전밸브,결함,안결함,안졀함
577,안전밸브,결함,안결함,안전함
578,안전밸브,결함,안결함,안절함
579,안전밸브,결함,안졀함,안전함
580,안전밸브,결함,안졀함,안절함
581,안전밸브,결함,안전함,안절함
582,사나흘,겉모습,샅모습,사나습
583,사나흘,겉모습,샅모습,사모습
584,사나흘,겉모습,샅모습,사노습
585,사나흘,겉모습,샅모습,사오습
586,사나흘,겉모습,사나습,사노습
587,사나흘,겉모습,사나습,사오습
588,사나흘,겉모습,사모습,사노습
589,사나흘,겉모습,사모습,사오습
590,사나흘,겉모습,사노습,사오습
591,볏짚,톨게이트,볏지이트,벼게이트
592,볏짚,톨게이트,볏지이트,볏질게이트
593,볏짚,톨게이트,볏지이트,볏지게이트
594,볏짚,톨게이트,볏지이트,볏지에이트
595,볏짚,톨게이트,벼게이트,볏질게이트
596,볏짚,톨게이트,벼게이트,볏지게이트
597,볏짚,톨게이트,벼게이트,볏지에이트
598,볏짚,톨게이트,볏질게이트,볏지게이트
599,볏짚,톨게이트,볏질게이트,볏지에이트
600,볏짚,톨게이트,볏지게이트,볏지에이트
601,관하,국립묘지,관하오지,관호지
602,관하,국립묘지,관하오지,관하지
603,관하,국립묘지,관하오지,과오지
604,관하,국립묘지,관하오지,관지
605,관하,국립묘지,관호지,관하지
606,관하,국립묘지,관호지,과오지
607,관하,국립묘지,관호지,관지
608,관하,국립묘지,관하지,과오지
609,관하,국립묘지,관하지,관지
610,관하,국립묘지,과오지,관지
611,캘린더,탯줄,켓줄,케줄
612,캘린더,탯줄,켓줄,켈린줄
613,캘린더,탯줄,켓줄,켈텟줄
614,캘린더,탯줄,켈줄,케줄
615,캘린더,탯줄,켈줄,켈린줄
616,캘린더,탯줄,켈줄,켈텟줄
617,캘린더,탯줄,케줄,켈린줄
618,캘린더,탯줄,케줄,켈텟줄
619,캘린더,탯줄,켈린줄,켈텟줄
620,돛단배,뺄셈,돛단셈,돛델셈
621,돛단배,뺄셈,돛단셈,돛뻴셈
622,돛단배,뺄셈,돛단셈,돛달셈
623,돛단배,뺄셈,돛단셈,돛단벨셈
624,돛단배,뺄셈,돛델셈,돛단벨셈
625,돛단배,뺄셈,돛뻴셈,돛단벨셈
626,돛단배,뺄셈,돛달셈,돛단벨셈
627,나무줄기,에스파냐어,나무줄냐어,나무줄갸어
628,나무줄기,에스파냐어,나무줄냐어,나스파냐어
629,나무줄기,에스파냐어,나무줄냐어,나무파냐어
630,나무줄기,에스파냐어,나무줄냐어,나무줄가어
631,나무줄기,에스파냐어,나무줄갸어,나스파냐어
632,나무줄기,에스파냐어,나무줄갸어,나무파냐어
633,나무줄기,에스파냐어,나무줄갸어,나무줄가어
634,나무줄기,에스파냐어,나스파냐어,나무줄가어
635,나무줄기,에스파냐어,나무파냐어,나무줄가어
636,냉가슴,드라이클리닝,넹가스클리닝,넹가스을리닝
637,냉가슴,드라이클리닝,넹가스클리닝,네라이클리닝
638,냉가슴,드라이클리닝,넹가스클리닝,넹가슴클리닝
639,냉가슴,드라이클리닝,넹가스클리닝,넹가스이클리닝
640,냉가슴,드라이클리닝,넹가스을리닝,네라이클리닝
641,냉가슴,드라이클리닝,넹가스을리닝,넹가슴클리닝
642,냉가슴,드라이클리닝,넹가스을리닝,넹가스이클리닝
643,냉가슴,드라이클리닝,네라이클리닝,넹가슴클리닝
644,냉가슴,드라이클리닝,네라이클리닝,넹가스이클리닝
645,냉가슴,드라이클리닝,넹가슴클리닝,넹가스이클리닝
646,굼벵이,난롯가,굼벵가,굼벳가
647,굼벵이,난롯가,굼벵가,굼봇가
648,굼벵이,난롯가,굼벵가,군롯가
649,굼벵이,난롯가,굼롯가,굼벳가
650,굼벵이,난롯가,굼롯가,굼봇가
651,굼벵이,난롯가,굼롯가,군롯가
652,훼손,터럭,훼럭,훠럭
653,훼손,터럭,훼럭,훼터럭
654,훼손,터럭,훼럭,훼소럭
655,훼손,터럭,훼럭,훼서럭
656,훼손,터럭,훠럭,훼터럭
657,훼손,터럭,훠럭,훼소럭
658,훼손,터럭,훠럭,훼서럭
659,훼손,터럭,훼터럭,훼소럭
660,훼손,터럭,훼터럭,훼서럭
661,고금리,훌라후프,고금후프,고금루프
662,고금리,훌라후프,고금후프,골라후프
663,고금리,훌라후프,고금후프,고라후프
664,고금리,훌라후프,고금후프,고가후프
665,고금리,훌라후프,고금루프,고라후프
666,고금리,훌라후프,고금루프,고가후프
667,고금리,훌라후프,골라후프,고라후프
668,고금리,훌라후프,골라후프,고가후프
669,고금리,훌라후프,고라후프,고가후프
670,덕목,따귀,덕귀,더귀
671,덕목,따귀,덕귀,덕따귀
672,덕목,따귀,덕귀,덕마귀
673,덕목,따귀,덕귀,덕모귀
674,덕목,따귀,더귀,덕따귀
675,덕목,따귀,더귀,덕마귀
676,덕목,따귀,더귀,덕모귀
677,덕목,따귀,덕따귀,덕마귀
678,덕목,따귀,덕따귀,덕모귀
679,개장국,부응,게증,게응
680,개장국,부응,게증,게장긍
681,개장국,부응,게증,게부응
682,개장국,부응,게증,게자응
683,개장국,부응,게응,게장긍
684,개장국,부응,게응,게부응
685,개장국,부응,게응,게자응
686,개장국,부응,게장긍,게부응
687,개장국,부응,게장긍,게자응
688,개장국,부응,게부응,게자응
689,기운,사령탑,기령탑,기영탑
690,기운,사령탑,기령탑,기엉탑
691,기운,사령탑,기령탑,기웅탑
692,기운,사령탑,기령탑,기우탑
693,기운,사령탑,기영탑,기엉탑
694,기운,사령탑,기영탑,기웅탑
695,기운,사령탑,기영탑,기우탑
696,기운,사령탑,기엉탑,기우탑
697,기운,사령탑,기웅탑,기우탑
698,힐책,드라이브,힐라이브,힐차이브
699,힐책,드라이브,힐라이브,힐체이브
700,힐책,드라이브,힐라이브,히라이브
701,힐책,드라이브,힐라이브,히아이브
702,힐책,드라이브,힐차이브,히라이브
703,힐책,드라이브,힐차이브,히아이브
704,힐책,드라이브,힐체이브,히라이브
705,힐책,드라이브,힐체이브,히아이브
706,힐책,드라이브,히라이브,히아이브
707,농고,여덟째,농덟쩨,농걻쩨
708,농고,여덟째,농덟쩨,노덟쩨
709,농고,여덟째,농덟쩨,노얿쩨
710,농고,여덟째,농덟쩨,농고쩨
711,농고,여덟째,농걻쩨,노덟쩨
712,농고,여덟째,농걻쩨,노얿쩨
713,농고,여덟째,농걻쩨,농고쩨
714,농고,여덟째,노덟쩨,노얿쩨
715,농고,여덟째,노덟쩨,농고쩨
716,농고,여덟째,노얿쩨,농고쩨
717,쉼터,머리숱,쉼리숱,쉼티숱
718,쉼터,머리숱,쉼리숱,숴리숱
719,쉼터,머리숱,쉼리숱,쉬리숱
720,쉼터,머리숱,쉼리숱,쉬이숱
721,쉼터,머리숱,쉼티숱,숴리숱
722,쉼터,머리숱,쉼티숱,쉬리숱
723,쉼터,머리숱,쉼티숱,쉬이숱
724,쉼터,머리숱,숴리숱,쉬이숱
725,쉼터,머리숱,쉬리숱,쉬이숱
726,고질병,몸무게,고질게,곰무게
727,고질병,몸무게,고질게,고무게
728,고질병,몸무게,고질게,고주게
729,고질병,몸무게,고질게,고지게
730,고질병,몸무게,곰무게,고무게
731,고질병,몸무게,곰무게,고주게
732,고질병,몸무게,곰무게,고지게
733,고질병,몸무게,고무게,고주게
734,고질병,몸무게,고무게,고지게
735,딸기,겉모양,딸모양,땉모양
736,딸기,겉모양,딸모양,딸고양
737,딸기,겉모양,딸모양,따모양
738,딸기,겉모양,딸모양,따오양
739,딸기,겉모양,땉모양,따모양
740,딸기,겉모양,땉모양,따오양
741,딸기,겉모양,딸고양,따모양
742,딸기,겉모양,딸고양,따오양
743,딸기,겉모양,따모양,따오양
744,가부장,일렬횡대,가벌휑데,가부장데
745,가부장,일렬횡대,가벌휑데,가부휑데
746,가부장,일렬횡대,가벌휑데,가부쥉데
747,가부장,일렬횡대,가불휑데,가부장데
748,가부장,일렬횡대,가불휑데,가부휑데
749,가부장,일렬횡대,가불휑데,가부쥉데
750,가부장,일렬횡대,가부장데,가부휑데
751,가부장,일렬횡대,가부장데,가부쥉데
752,된장찌개,신데렐라,뒌장렐라,뒌장찔라
753,된장찌개,신데렐라,뒌장렐라,뒌장쩰라
754,된장찌개,신데렐라,뒌장렐라,뒌데렐라
755,된장찌개,신데렐라,뒌장렐라,뒨데렐라
756,된장찌개,신데렐라,뒌장찔라,뒌데렐라
757,된장찌개,신데렐라,뒌장찔라,뒨데렐라
758,된장찌개,신데렐라,뒌장쩰라,뒌데렐라
759,된장찌개,신데렐라,뒌장쩰라,뒨데렐라
760,레지던트,강골,렝골,레골
761,레지던트,강골,렝골,레강골
762,레지던트,강골,렝골,레징골
763,레지던트,강골,렝골,레장골
764,레지던트,강골,레골,레강골
765,레지던트,강골,레골,레징골
766,레지던트,강골,레골,레장골
767,레지던트,강골,레강골,레징골
768,레지던트,강골,레강골,레장골
769,깻묵,잼잼,껨젬,께젬
770,깻묵,잼잼,껨젬,껫젬젬
771,깻묵,잼잼,껨젬,껫뭄젬
772,깻묵,잼잼,껫젬,께젬
773,깻묵,잼잼,껫젬,껫젬젬
774,깻묵,잼잼,껫젬,껫뭄젬
775,깻묵,잼잼,께젬,껫젬젬
776,깻묵,잼잼,께젬,껫뭄젬
777,간헐적,못난이,간헐지,간허이
778,간헐적,못난이,간헐지,간헐저이
779,간헐적,못난이,간헐지,간히
780,간헐적,못난이,간헐지,가이
781,간헐적,못난이,간허이,간헐저이
782,간헐적,못난이,간허이,간히
783,간헐적,못난이,간허이,가이
784,간헐적,못난이,간헐저이,간히
785,간헐적,못난이,간헐저이,가이
786,간헐적,못난이,간히,가이
787,인슐린,가락지,인슐지,인슉지
788,인슐린,가락지,인슐지,인샥지
789,인슐린,가락지,인슐지,인락지
790,인슐린,가락지,인슐지,인슈지
791,인슐린,가락지,인슉지,인락지
792,인슐린,가락지,인슉지,인슈지
793,인슐린,가락지,인샥지,인락지
794,인슐린,가락지,인샥지,인슈지
795,인슐린,가락지,인락지,인슈지
796,끓는점,손찌검,끓는검,끓찌검
797,끓는점,손찌검,끓는검,끓니검
798,끓는점,손찌검,끓는검,끈찌검
799,끓는점,손찌검,끓는검,끓느검
800,끓는점,손찌검,끓찌검,끓니검
801,끓는점,손찌검,끓찌검,끈찌검
802,끓는점,손찌검,끓찌검,끓느검
803,그글피,굼벵이,그그이,그글피이
804,그글피,굼벵이,그그이,그기
805,그글피,굼벵이,그그이,그이
806,그글피,굼벵이,그글피이,그기
807,그글피,굼벵이,그글피이,그이
808,그글피,굼벵이,그기,그이
809,갓끈,고수익,갓수익,갓끄익
810,갓끈,고수익,갓수익,갓꾸익
811,갓끈,고수익,갓수익,가수익
812,갓끈,고수익,갓수익,가우익
813,갓끈,고수익,갓끄익,가수익
814,갓끈,고수익,갓끄익,가우익
815,갓끈,고수익,갓꾸익,가수익
816,갓끈,고수익,갓꾸익,가우익
817,갓끈,고수익,가수익,가우익
818,넝마주이,반액,넝마젝,넝마엑
819,넝마주이,반액,넝마젝,넝마주엑
820,넝마주이,반액,넝마젝,넝마주이엑
821,넝마주이,반액,넝마젝,넝멕
822,넝마주이,반액,넝마엑,넝마주엑
823,넝마주이,반액,넝마엑,넝마주이엑
824,넝마주이,반액,넝마엑,넝멕
825,넝마주이,반액,넝마주엑,넝마주이엑
826,넝마주이,반액,넝마주엑,넝멕
827,넝마주이,반액,넝마주이엑,넝멕
828,발송자,빨래판,발송판,발소판
829,발송자,빨래판,발송판,발세판
830,발송자,빨래판,발송판,발레판
831,발송자,빨래판,발송판,바레판
832,발송자,빨래판,발소판,바레판
833,발송자,빨래판,발세판,바레판
834,발송자,빨래판,발레판,바레판
835,위궤양,목탑,윅탑,위탑
836,위궤양,목탑,윅탑,위목탑
837,위궤양,목탑,윅탑,위곡탑
838,위궤양,목탑,윅탑,위옥탑
839,위궤양,목탑,위탑,위목탑
840,위궤양,목탑,위탑,위곡탑
841,위궤양,목탑,위탑,위옥탑
842,위궤양,목탑,위목탑,위곡탑
843,위궤양,목탑,위목탑,위옥탑
844,위궤양,목탑,위곡탑,위옥탑
845,홈런,피읖,홈릎,호읖
846,홈런,피읖,홈릎,홈피읖
847,홈런,피읖,홈릎,홈러읖
848,홈런,피읖,홈릎,홈리읖
849,홈런,피읖,호읖,홈피읖
850,홈런,피읖,호읖,홈러읖
851,홈런,피읖,호읖,홈리읖
852,홈런,피읖,홈피읖,홈러읖
853,홈런,피읖,홈피읖,홈리읖
854,넝쿨,캡슐,넝슐,넙슐
855,넝쿨,캡슐,넝슐,너슐
856,넝쿨,캡슐,넝슐,넝켑슐
857,넝쿨,캡슐,넝슐,넝쿱슐
858,넝쿨,캡슐,넙슐,너슐
859,넝쿨,캡슐,넙슐,넝켑슐
860,넝쿨,캡슐,넙슐,넝쿱슐
861,넝쿨,캡슐,너슐,넝켑슐
862,넝쿨,캡슐,너슐,넝쿱슐
863,꼬챙이,시냇가,꼬넷가,꼬체가
864,꼬챙이,시냇가,꼬넷가,꼬쳉넷가
865,꼬챙이,시냇가,꼬쳇가,꼬체가
866,꼬챙이,시냇가,꼬쳇가,꼬쳉넷가
867,꼬챙이,시냇가,꼬쳉가,꼬체가
868,꼬챙이,시냇가,꼬쳉가,꼬쳉넷가
869,꼬챙이,시냇가,꼬체가,꼬쳉넷가
870,간혹,국립묘지,간립묘지,간홉묘지
871,간혹,국립묘지,간립묘지,각립묘지
872,간혹,국립묘지,간립묘지,간힙묘지
873,간혹,국립묘지,간립묘지,가립묘지
874,간혹,국립묘지,간홉묘지,가립묘지
875,간혹,국립묘지,각립묘지,가립묘지
876,간혹,국립묘지,간힙묘지,가립묘지
877,제비뽑기,개혁자,제혁자,제벽자
878,제비뽑기,개혁자,제혁자,제벅자
879,제비뽑기,개혁자,제혁자,제빅자
880,제비뽑기,개혁자,제혁자,제역자
881,제비뽑기,개혁자,제벽자,제벅자
882,제비뽑기,개혁자,제벽자,제빅자
883,제비뽑기,개혁자,제벽자,제역자
884,두둑,감감무소식,둠감무소식,두두암무소식
885,두둑,감감무소식,둠감무소식,두감무소식
886,두둑,감감무소식,둠감무소식,두둠무소식
887,두둑,감감무소식,둠감무소식,두담무소식
888,두둑,감감무소식,두두암무소식,두감무소식
889,두둑,감감무소식,두두암무소식,두둠무소식
890,두둑,감감무소식,두두암무소식,두담무소식
891,두둑,감감무소식,두감무소식,두둠무소식
892,두둑,감감무소식,두감무소식,두담무소식
893,눈썹연필,갱생,눈셍,눙셍
894,눈썹연필,갱생,눈셍,누셍
895,눈썹연필,갱생,눈셍,눈썹셍
896,눈썹연필,갱생,눈셍,눈쎙셍
897,눈썹연필,갱생,눙셍,누셍
898,눈썹연필,갱생,눙셍,눈썹셍
899,눈썹연필,갱생,눙셍,눈쎙셍
900,눈썹연필,갱생,누셍,눈썹셍
901,눈썹연필,갱생,누셍,눈쎙셍
902,눈썹연필,갱생,눈썹셍,눈쎙셍
903,패스트푸드,깽판,펭판,페판
904,패스트푸드,깽판,펭판,페껭판
905,패스트푸드,깽판,펭판,페셍판
906,패스트푸드,깽판,펭판,페승판
907,패스트푸드,깽판,페판,페껭판
908,패스트푸드,깽판,페판,페셍판
909,패스트푸드,깽판,페판,페승판
910,섭생,민무늬,섭무늬,섭수늬
911,섭생,민무늬,섭무늬,선무늬
912,섭생,민무늬,섭무늬,섭세늬
913,섭생,민무늬,섭무늬,섭셍늬
914,섭생,민무늬,섭수늬,섭셍늬
915,섭생,민무늬,선무늬,섭셍늬
916,섭생,민무늬,섭세늬,섭셍늬
917,귀앓이,내야수,귀앓수,귀아수
918,귀앓이,내야수,귀앓수,귀아아수
919,귀앓이,내야수,귀앓수,귀수
920,귀앓이,내야수,귀앓수,과수
921,귀앓이,내야수,귀아수,귀아아수
922,귀앓이,내야수,귀아수,귀수
923,귀앓이,내야수,귀아수,과수
924,귀앓이,내야수,귀아아수,귀수
925,귀앓이,내야수,귀아아수,과수
926,귀앓이,내야수,귀수,과수
927,햅쌀,암컷,헴컷,헤컷
928,햅쌀,암컷,헴컷,헵쌈컷
929,햅쌀,암컷,헴컷,헵싸컷
930,햅쌀,암컷,헵컷,헤컷
931,햅쌀,암컷,헵컷,헵쌈컷
932,햅쌀,암컷,헵컷,헵싸컷
933,햅쌀,암컷,헤컷,헵쌈컷
934,햅쌀,암컷,헤컷,헵싸컷
935,햅쌀,암컷,헵쌈컷,헵싸컷
936,스탠드,밍크,스밍크,스텡크
937,스탠드,밍크,스밍크,스텐크
938,스탠드,밍크,스밍크,스팅크
939,스탠드,밍크,스밍크,스텐드크
940,스탠드,밍크,스텡크,스텐드크
941,스탠드,밍크,스텐크,스텐드크
942,스탠드,밍크,스팅크,스텐드크
943,흔적,스텐,흔텐,흐텐
944,흔적,스텐,흔텐,흔스텐
945,흔적,스텐,흔텐,흔저텐
946,흔적,스텐,흔텐,흔즈텐
947,흔적,스텐,흐텐,흔스텐
948,흔적,스텐,흐텐,흔저텐
949,흔적,스텐,흐텐,흔즈텐
950,흔적,스텐,흔스텐,흔저텐
951,흔적,스텐,흔스텐,흔즈텐
952,품앗이,벚꽃,품꽃,풎꽃
953,품앗이,벚꽃,품꽃,푸꽃
954,품앗이,벚꽃,품꽃,품벚꽃
955,품앗이,벚꽃,품꽃,푸벚꽃
956,품앗이,벚꽃,풎꽃,푸꽃
957,품앗이,벚꽃,풎꽃,품벚꽃
958,품앗이,벚꽃,풎꽃,푸벚꽃
959,품앗이,벚꽃,푸꽃,품벚꽃
960,품앗이,벚꽃,푸꽃,푸벚꽃
961,품앗이,벚꽃,품벚꽃,푸벚꽃
962,스텐,강진,승진,스진
963,스텐,강진,승진,스강진
964,스텐,강진,승진,스텡진
965,스텐,강진,승진,스탕진
966,스텐,강진,스진,스강진
967,스텐,강진,스진,스텡진
968,스텐,강진,스진,스탕진
969,스텐,강진,스강진,스텡진
970,스텐,강진,스강진,스탕진
971,가습기,가석방,가습방,가슥방
972,가습기,가석방,가습방,가억방
973,가습기,가석방,가습방,가스방
974,가습기,가석방,가습방,가습석방
975,가습기,가석방,가슥방,가억방
976,가습기,가석방,가슥방,가스방
977,가습기,가석방,가슥방,가습석방
978,가습기,가석방,가억방,가스방
979,가습기,가석방,가억방,가습석방
980,가습기,가석방,가스방,가습석방
981,계집애,쪼끔,계끔,계집끔
982,계집애,쪼끔,계끔,계쪼끔
983,계집애,쪼끔,계끔,계지끔
984,계집애,쪼끔,계끔,계조끔
985,계집애,쪼끔,계집끔,계쪼끔
986,계집애,쪼끔,계집끔,계지끔
987,계집애,쪼끔,계집끔,계조끔
988,계집애,쪼끔,계쪼끔,계지끔
989,계집애,쪼끔,계쪼끔,계조끔
990,논공행상,단답형,논공형,논갑형
991,논공행상,단답형,논공형,논곱형
992,논공행상,단답형,논공형,논고형
993,논공행상,단답형,논답형,논갑형
994,논공행상,단답형,논답형,논곱형
995,논공행상,단답형,논답형,논고형
996,논공행상,단답형,논갑형,논고형
997,논공행상,단답형,논곱형,논고형
998,잰걸음,간헐적,젠헐적,젠걸적
999,잰걸음,간헐적,젠헐적,젠거적
1000,잰걸음,간헐적,젠헐적,젠간헐적
1001,잰걸음,간헐적,젠헐적,젠건헐적
1002,잰걸음,간헐적,젠걸적,젠거적
1003,잰걸음,간헐적,젠걸적,젠간헐적
1004,잰걸음,간헐적,젠걸적,젠건헐적
1005,잰걸음,간헐적,젠거적,젠간헐적
1006,잰걸음,간헐적,젠거적,젠건헐적
1007,잰걸음,간헐적,젠간헐적,젠건헐적
1008,뜀뛰기,콧구멍,뜀구멍,뜃구멍
1009,뜀뛰기,콧구멍,뜀구멍,뜀뚜멍
1010,뜀뛰기,콧구멍,뜀구멍,뛰구멍
1011,뜀뛰기,콧구멍,뜀구멍,뛰우멍
1012,뜀뛰기,콧구멍,뜃구멍,뛰구멍
1013,뜀뛰기,콧구멍,뜃구멍,뛰우멍
1014,뜀뛰기,콧구멍,뜀뚜멍,뛰구멍
1015,뜀뛰기,콧구멍,뜀뚜멍,뛰우멍
1016,뜀뛰기,콧구멍,뛰구멍,뛰우멍
1017,골프채,거물급,골물급,골플급
1018,골프채,거물급,골물급,골풀급
1019,골프채,거물급,골물급,골프급
1020,골프채,거물급,골물급,고물급
1021,골프채,거물급,골플급,골프급
1022,골프채,거물급,골플급,고물급
1023,골프채,거물급,골풀급,골프급
1024,골프채,거물급,골풀급,고물급
1025,골프채,거물급,골프급,고물급
1026,이마빡,계절풍,이말풍,이마풍
1027,이마빡,계절풍,이말풍,이마절풍
1028,이마빡,계절풍,이말풍,이마빨풍
1029,이마빡,계절풍,이멀풍,이마풍
1030,이마빡,계절풍,이멀풍,이마절풍
1031,이마빡,계절풍,이멀풍,이마빨풍
1032,이마빡,계절풍,이마풍,이마절풍
1033,이마빡,계절풍,이마풍,이마빨풍
1034,이마빡,계절풍,이마절풍,이마빨풍
1035,관광버스,셋방,관방,괏방
1036,관광버스,셋방,관방,궷방
1037,관광버스,셋방,관방,과방
1038,관광버스,셋방,관방,관셋방
1039,관광버스,셋방,괏방,과방
1040,관광버스,셋방,괏방,관셋방
1041,관광버스,셋방,궷방,과방
1042,관광버스,셋방,궷방,관셋방
1043,관광버스,셋방,과방,관셋방
1044,콜롬비아,뾰루지,콜롬지,콜루지
1045,콜롬비아,뾰루지,콜롬지,콜로지
1046,콜롬비아,뾰루지,콜롬지,콜롬비지
1047,콜롬비아,뾰루지,콜롬지,콜롬루지
1048,콜롬비아,뾰루지,콜루지,콜로지
1049,콜롬비아,뾰루지,콜루지,콜롬비지
1050,콜롬비아,뾰루지,콜루지,콜롬루지
1051,콜롬비아,뾰루지,콜로지,콜롬비지
1052,콜롬비아,뾰루지,콜로지,콜롬루지
1053,잠깐,거름종이,잠까이,잠끼
1054,잠깐,거름종이,잠까이,자이
1055,잠깐,거름종이,잠끼,자이
1056,물티슈,노스탤지어,물티엘지어,무스텔지어
1057,물티슈,노스탤지어,물티엘지어,물티슈이어
1058,물티슈,노스탤지어,물티엘지어,물티텔지어
1059,물티슈,노스탤지어,물티엘지어,물티셀지어
1060,물티슈,노스탤지어,무스텔지어,물티슈이어
1061,물티슈,노스탤지어,무스텔지어,물티텔지어
1062,물티슈,노스탤지어,무스텔지어,물티셀지어
1063,물티슈,노스탤지어,물티슈이어,물티텔지어
1064,물티슈,노스탤지어,물티슈이어,물티셀지어
1065,배고픔,뙤약볕,베각볕,베고볕
1066,배고픔,뙤약볕,베각볕,베악볕
1067,배고픔,뙤약볕,베각볕,베고팍볕
1068,배고픔,뙤약볕,베곡볕,베고볕
1069,배고픔,뙤약볕,베곡볕,베악볕
1070,배고픔,뙤약볕,베곡볕,베고팍볕
1071,배고픔,뙤약볕,베고볕,베악볕
1072,배고픔,뙤약볕,베고볕,베고팍볕
1073,배고픔,뙤약볕,베악볕,베고팍볕
1074,등굣길,조개껍질,등굣깁질,등굣기질
1075,등굣길,조개껍질,등굣깁질,등굣길질
1076,등굣길,조개껍질,등굣깁질,드게껍질
1077,등굣길,조개껍질,등굣깁질,등굣기껍질
1078,등굣길,조개껍질,등굣기질,등굣길질
1079,등굣길,조개껍질,등굣기질,드게껍질
1080,등굣길,조개껍질,등굣기질,등굣기껍질
1081,등굣길,조개껍질,등굣길질,드게껍질
1082,등굣길,조개껍질,등굣길질,등굣기껍질
1083,등굣길,조개껍질,드게껍질,등굣기껍질
1084,벌칙,가는귀,벌는귀,벌친귀
1085,벌칙,가는귀,벌는귀,벌츤귀
1086,벌칙,가는귀,벌는귀,벌치귀
1087,벌칙,가는귀,벌는귀,버는귀
1088,벌칙,가는귀,벌친귀,벌치귀
1089,벌칙,가는귀,벌친귀,버는귀
1090,벌칙,가는귀,벌츤귀,벌치귀
1091,벌칙,가는귀,벌츤귀,버는귀
1092,깡패,공염불,깡폄불,깡펌불
1093,깡패,공염불,깡폄불,깡페불
1094,깡패,공염불,깡폄불,깡펨불
1095,깡패,공염불,깡폄불,깡불
1096,깡패,공염불,깡펌불,깡페불
1097,깡패,공염불,깡펌불,깡펨불
1098,깡패,공염불,깡펌불,깡불
1099,깡패,공염불,깡페불,깡불
1100,깡패,공염불,깡펨불,깡불
1101,고정불변,동성연애,고정불베,고정부에
1102,고정불변,동성연애,고정불베,고정불벼에
1103,고정불변,동성연애,고정불베,고정베
1104,고정불변,동성연애,고정불베,고저에
1105,고정불변,동성연애,고정부에,고정불벼에
1106,고정불변,동성연애,고정부에,고정베
1107,고정불변,동성연애,고정부에,고저에
1108,고정불변,동성연애,고정불벼에,고정베
1109,고정불변,동성연애,고정불벼에,고저에
1110,고정불변,동성연애,고정베,고저에
1111,미혹,길눈,밀눈,미눈
1112,미혹,길눈,밀눈,미길눈
1113,미혹,길눈,밀눈,미홀눈
1114,미혹,길눈,밀눈,미힐눈
1115,미혹,길눈,미눈,미길눈
1116,미혹,길눈,미눈,미홀눈
1117,미혹,길눈,미눈,미힐눈
1118,미혹,길눈,미길눈,미홀눈
1119,미혹,길눈,미길눈,미힐눈
1120,씨앗,기린,씨린,씨기린
1121,씨앗,기린,씨린,씨아린
1122,씨앗,기린,씨린,씨이린
1123,씨앗,기린,씨린,씨앗린
1124,씨앗,기린,씨기린,씨아린
1125,씨앗,기린,씨기린,씨이린
1126,씨앗,기린,씨기린,씨앗린
1127,씨앗,기린,씨아린,씨앗린
1128,씨앗,기린,씨이린,씨앗린
1129,매듭,돗자리,멧자리,메자리
1130,매듭,돗자리,멧자리,메다리
1131,매듭,돗자리,멧자리,메드리
1132,매듭,돗자리,멧자리,메듭리
1133,매듭,돗자리,메자리,메다리
1134,매듭,돗자리,메자리,메드리
1135,매듭,돗자리,메자리,메듭리
1136,매듭,돗자리,메다리,메듭리
1137,매듭,돗자리,메드리,메듭리
1138,낙오자,불륜,낙륜,날륜
1139,낙오자,불륜,낙륜,나륜
1140,낙오자,불륜,낙륜,낙불륜
1141,낙오자,불륜,낙륜,나불륜
1142,낙오자,불륜,날륜,나륜
1143,낙오자,불륜,날륜,낙불륜
1144,낙오자,불륜,날륜,나불륜
1145,낙오자,불륜,나륜,낙불륜
1146,낙오자,불륜,나륜,나불륜
1147,낙오자,불륜,낙불륜,나불륜
1148,보리쌀,호박엿,보리쎳,보리엿
1149,보리쌀,호박엿,보리쎳,보리싸엿
1150,보리쌀,호박엿,보리쎳,보렷
1151,보리쌀,호박엿,보리쎳,보엿
1152,보리쌀,호박엿,보리엿,보리싸엿
1153,보리쌀,호박엿,보리엿,보렷
1154,보리쌀,호박엿,보리엿,보엿
1155,보리쌀,호박엿,보리싸엿,보렷
1156,보리쌀,호박엿,보리싸엿,보엿
1157,보리쌀,호박엿,보렷,보엿
1158,말미잘,가공적,말공적,말몽적
1159,말미잘,가공적,말공적,말밍적
1160,말미잘,가공적,말공적,말미적
1161,말미잘,가공적,말공적,마공적
1162,말미잘,가공적,말몽적,말미적
1163,말미잘,가공적,말몽적,마공적
1164,말미잘,가공적,말밍적,말미적
1165,말미잘,가공적,말밍적,마공적
1166,말미잘,가공적,말미적,마공적
1167,깜빡이,앉은뱅이,깜빠이,깜삐
1168,깜빡이,앉은뱅이,깜빠이,까이
1169,깜빡이,앉은뱅이,깜삐,까이
1170,흔들의자,구중궁궐,흔중궁궐,흔둥궁궐
1171,흔들의자,구중궁궐,흔중궁궐,흔등궁궐
1172,흔들의자,구중궁궐,흔중궁궐,흔드궁궐
1173,흔들의자,구중궁궐,흔들궁궐,흔둥궁궐
1174,흔들의자,구중궁궐,흔들궁궐,흔등궁궐
1175,흔들의자,구중궁궐,흔들궁궐,흔드궁궐
1176,흔들의자,구중궁궐,흔둥궁궐,흔드궁궐
1177,흔들의자,구중궁궐,흔등궁궐,흔드궁궐
1178,글래머,앞바퀴,글바퀴,긒바퀴
1179,글래머,앞바퀴,글바퀴,글라퀴
1180,글래머,앞바퀴,글바퀴,글레퀴
1181,글래머,앞바퀴,글바퀴,그바퀴
1182,글래머,앞바퀴,긒바퀴,그바퀴
1183,글래머,앞바퀴,글라퀴,그바퀴
1184,글래머,앞바퀴,글레퀴,그바퀴
1185,고갯마루,고생대,고겟데,고엥데
1186,고갯마루,고생대,고겟데,고게데
1187,고갯마루,고생대,고겟데,고겟망데
1188,고갯마루,고생대,고겡데,고엥데
1189,고갯마루,고생대,고겡데,고게데
1190,고갯마루,고생대,고겡데,고겟망데
1191,고갯마루,고생대,고엥데,고게데
1192,고갯마루,고생대,고엥데,고겟망데
1193,고갯마루,고생대,고게데,고겟망데
1194,닻줄,휠체어,닻체어,닻제어
1195,닻줄,휠체어,닻체어,닻주어
1196,닻줄,휠체어,닻체어,달체어
1197,닻줄,휠체어,닻체어,다체어
1198,닻줄,휠체어,닻제어,다체어
1199,닻줄,휠체어,닻주어,다체어
1200,닻줄,휠체어,달체어,다체어
1201,수줍음,상징적,숭징적,수징적
1202,수줍음,상징적,숭징적,수줍적
1203,수줍음,상징적,숭징적,수중적
1204,수줍음,상징적,숭징적,수주적
1205,수줍음,상징적,수징적,수중적
1206,수줍음,상징적,수징적,수주적
1207,수줍음,상징적,수줍적,수중적
1208,수줍음,상징적,수줍적,수주적
1209,수줍음,상징적,수중적,수주적
1210,멜라닌,꼬랑지,멜라지,메랑지
1211,멜라닌,꼬랑지,멜라지,멜라닝지
1212,멜라닌,꼬랑지,멜라지,멜라니지
1213,멜라닌,꼬랑지,멜라지,멜라닌지
1214,멜라닌,꼬랑지,메랑지,멜라닝지
1215,멜라닌,꼬랑지,메랑지,멜라니지
1216,멜라닌,꼬랑지,메랑지,멜라닌지
1217,멜라닌,꼬랑지,멜라닝지,멜라니지
1218,멜라닌,꼬랑지,멜라닝지,멜라닌지
1219,멜라닌,꼬랑지,멜라니지,멜라닌지
1220,베이컨,쬐끔,베끔,베쮀끔
1221,베이컨,쬐끔,베끔,베웨끔
1222,베이컨,쬐끔,베끔,베이끔
1223,베이컨,쬐끔,베끔,베에끔
1224,베이컨,쬐끔,베쮀끔,베웨끔
1225,베이컨,쬐끔,베쮀끔,베이끔
1226,베이컨,쬐끔,베쮀끔,베에끔
1227,베이컨,쬐끔,베웨끔,베이끔
1228,베이컨,쬐끔,베웨끔,베에끔
1229,베이컨,쬐끔,베이끔,베에끔
1230,땡볕,돛대,뗓데,떼데
1231,땡볕,돛대,뗓데,뗑뵻데
1232,땡볕,돛대,뗓데,뗑볓데
1233,땡볕,돛대,뗑데,떼데
1234,땡볕,돛대,뗑데,뗑뵻데
1235,땡볕,돛대,뗑데,뗑볓데
1236,땡볕,돛대,떼데,뗑뵻데
1237,땡볕,돛대,떼데,뗑볓데
1238,아르헨티나,굴렁쇠,아렁쉐,아릉쉐
1239,아르헨티나,굴렁쇠,아렁쉐,아르쉐
1240,아르헨티나,굴렁쇠,아렁쉐,아를렁쉐
1241,아르헨티나,굴렁쇠,아렁쉐,아룰렁쉐
1242,아르헨티나,굴렁쇠,아릉쉐,아르쉐
1243,아르헨티나,굴렁쇠,아릉쉐,아를렁쉐
1244,아르헨티나,굴렁쇠,아릉쉐,아룰렁쉐
1245,아르헨티나,굴렁쇠,아르쉐,아를렁쉐
1246,아르헨티나,굴렁쇠,아르쉐,아룰렁쉐
1247,개띠,미얀마,게땬마,게얀마
1248,개띠,미얀마,게땬마,게딴마
1249,개띠,미얀마,게땬마,게안마
1250,개띠,미얀마,게땬마,게띠마
1251,개띠,미얀마,게얀마,게딴마
1252,개띠,미얀마,게얀마,게안마
1253,개띠,미얀마,게얀마,게띠마
1254,개띠,미얀마,게딴마,게안마
1255,개띠,미얀마,게딴마,게띠마
1256,개띠,미얀마,게안마,게띠마
1257,헤어드라이어,탱자,헹자,헤자
1258,헤어드라이어,탱자,헹자,헤텡자
1259,헤어드라이어,탱자,헹자,헤엥자
1260,헤어드라이어,탱자,헹자,헤엉자
1261,헤어드라이어,탱자,헤자,헤텡자
1262,헤어드라이어,탱자,헤자,헤엥자
1263,헤어드라이어,탱자,헤자,헤엉자
1264,헤어드라이어,탱자,헤텡자,헤엥자
1265,헤어드라이어,탱자,헤텡자,헤엉자
1266,구출,왜란,구란,구췌란
1267,구출,왜란,구란,구웨란
1268,구출,왜란,구란,구추란
1269,구출,왜란,구란,구체란
1270,구출,왜란,구췌란,구웨란
1271,구출,왜란,구췌란,구추란
1272,구출,왜란,구췌란,구체란
1273,감나무,홑옷,감놋,가옷
1274,감나무,홑옷,감놋,감나못
1275,감나무,홑옷,감놋,감나옷
1276,감나무,홑옷,감놋,감나무옷
1277,감나무,홑옷,가옷,감나못
1278,감나무,홑옷,가옷,감나옷
1279,감나무,홑옷,가옷,감나무옷
1280,감나무,홑옷,감나못,감나옷
1281,감나무,홑옷,감나못,감나무옷
1282,감나무,홑옷,감나옷,감나무옷
1283,공사립,관람권,공람권,곤람권
1284,공사립,관람권,공람권,공삼권
1285,공사립,관람권,공람권,공사권
1286,공사립,관람권,공람권,고람권
1287,공사립,관람권,곤람권,공사권
1288,공사립,관람권,곤람권,고람권
1289,공사립,관람권,공삼권,공사권
1290,공사립,관람권,공삼권,고람권
1291,공사립,관람권,공사권,고람권
1292,낭떠러지,팝송,낭송,납송
1293,낭떠러지,팝송,낭송,나송
1294,낭떠러지,팝송,낭송,낭팝송
1295,낭떠러지,팝송,낭송,낭땁송
1296,낭떠러지,팝송,납송,나송
1297,낭떠러지,팝송,납송,낭팝송
1298,낭떠러지,팝송,납송,낭땁송
1299,낭떠러지,팝송,나송,낭팝송
1300,낭떠러지,팝송,나송,낭땁송
1301,낭떠러지,팝송,낭팝송,낭땁송
1302,그림,귀향길,그향길,그량길
1303,그림,귀향길,그향길,그양길
1304,그림,귀향길,그향길,그링길
1305,그림,귀향길,그향길,그랑길
1306,그림,귀향길,그량길,그양길
1307,그림,귀향길,그량길,그링길
1308,그림,귀향길,그량길,그랑길
1309,트럼펫,카메룬,트럼룬,트메룬
1310,트럼펫,카메룬,트럼룬,트러룬
1311,트럼펫,카메룬,트럼룬,트레룬
1312,트럼펫,카메룬,트럼룬,트에룬
1313,트럼펫,카메룬,트메룬,트러룬
1314,트럼펫,카메룬,트메룬,트레룬
1315,트럼펫,카메룬,트메룬,트에룬
1316,트럼펫,카메룬,트러룬,트에룬
1317,트럼펫,카메룬,트레룬,트에룬
1318,고속철,팜플렛,곰플렛,고속렛
1319,고속철,팜플렛,곰플렛,고플렛
1320,고속철,팜플렛,곰플렛,고슬렛
1321,고속철,팜플렛,곰플렛,고솔렛
1322,고속철,팜플렛,고속렛,고슬렛
1323,고속철,팜플렛,고속렛,고솔렛
1324,고속철,팜플렛,고플렛,고슬렛
1325,고속철,팜플렛,고플렛,고솔렛
1326,경제권,멍에,경제,겨에
1327,경제권,멍에,경제,경제게
1328,경제권,멍에,경제,경제에
1329,경제권,멍에,겨에,경제게
1330,경제권,멍에,겨에,경제에
1331,경제권,멍에,경제게,경제에
1332,견물생심,비눗방울,견물셍시울,견물셍술
1333,견물생심,비눗방울,견물셍시울,견물세울
1334,견물생심,비눗방울,견물셍시울,견물술
1335,견물생심,비눗방울,견물셍시울,견무울
1336,견물생심,비눗방울,견물셍술,견물세울
1337,견물생심,비눗방울,견물셍술,견물술
1338,견물생심,비눗방울,견물셍술,견무울
1339,견물생심,비눗방울,견물세울,견물술
1340,견물생심,비눗방울,견물세울,견무울
1341,견물생심,비눗방울,견물술,견무울
1342,탱크,된밥,텡밥,테밥
1343,탱크,된밥,텡밥,텡퀜밥
1344,탱크,된밥,텡밥,텡뒌밥
1345,탱크,된밥,텐밥,테밥
1346,탱크,된밥,텐밥,텡퀜밥
1347,탱크,된밥,텐밥,텡뒌밥
1348,탱크,된밥,테밥,텡퀜밥
1349,탱크,된밥,테밥,텡뒌밥
1350,서랍장,개봉관,서봉관,서롱관
1351,서랍장,개봉관,서봉관,서랑관
1352,서랍장,개봉관,서봉관,서옹관
1353,서랍장,개봉관,서랍관,서롱관
1354,서랍장,개봉관,서랍관,서랑관
1355,서랍장,개봉관,서랍관,서옹관
1356,서랍장,개봉관,서롱관,서옹관
1357,서랍장,개봉관,서랑관,서옹관
1358,쓰레기통,혓바닥,씃바닥,쓰바닥
1359,쓰레기통,혓바닥,씃바닥,쓰레닥
1360,쓰레기통,혓바닥,씃바닥,쓰라닥
1361,쓰레기통,혓바닥,씃바닥,쓰아닥
1362,쓰레기통,혓바닥,쓰바닥,쓰라닥
1363,쓰레기통,혓바닥,쓰바닥,쓰아닥
1364,쓰레기통,혓바닥,쓰레닥,쓰라닥
1365,쓰레기통,혓바닥,쓰레닥,쓰아닥
1366,쓰레기통,혓바닥,쓰라닥,쓰아닥
1367,끓는점,땀방울,끓는줄,끓느울
1368,끓는점,땀방울,끓는줄,끓는저울
1369,끓는점,땀방울,끓는줄,끓눌
1370,끓는점,땀방울,끓는줄,끄울
1371,끓는점,땀방울,끓느울,끓는저울
1372,끓는점,땀방울,끓느울,끓눌
1373,끓는점,땀방울,끓느울,끄울
1374,끓는점,땀방울,끓는저울,끓눌
1375,끓는점,땀방울,끓는저울,끄울
1376,끓는점,땀방울,끓눌,끄울
1377,굴곡,네팔,굴팔,구팔
1378,굴곡,네팔,굴팔,굴네팔
1379,굴곡,네팔,굴팔,굴게팔
1380,굴곡,네팔,굴팔,굴고팔
1381,굴곡,네팔,구팔,굴네팔
1382,굴곡,네팔,구팔,굴게팔
1383,굴곡,네팔,구팔,굴고팔
1384,굴곡,네팔,굴네팔,굴게팔
1385,굴곡,네팔,굴네팔,굴고팔
1386,깍지,뱃가죽,깍가죽,깟가죽
1387,깍지,뱃가죽,깍가죽,깍자죽
1388,깍지,뱃가죽,깍가죽,까가죽
1389,깍지,뱃가죽,깍가죽,까아죽
1390,깍지,뱃가죽,깟가죽,까가죽
1391,깍지,뱃가죽,깟가죽,까아죽
1392,깍지,뱃가죽,깍자죽,까가죽
1393,깍지,뱃가죽,깍자죽,까아죽
1394,깍지,뱃가죽,까가죽,까아죽
1395,캘린더,늦바람,켈린람,켖바람
1396,캘린더,늦바람,켈린람,켈바람
1397,캘린더,늦바람,켈린람,켈라람
1398,캘린더,늦바람,켈린람,켈리람
1399,캘린더,늦바람,켖바람,켈라람
1400,캘린더,늦바람,켖바람,켈리람
1401,캘린더,늦바람,켈바람,켈라람
1402,캘린더,늦바람,켈바람,켈리람
1403,덮밥,길눈,덮눈,덜눈
1404,덮밥,길눈,덮눈,더눈
1405,덮밥,길눈,덮눈,덮길눈
1406,덮밥,길눈,덮눈,덮발눈
1407,덮밥,길눈,덜눈,더눈
1408,덮밥,길눈,덜눈,덮길눈
1409,덮밥,길눈,덜눈,덮발눈
1410,덮밥,길눈,더눈,덮길눈
1411,덮밥,길눈,더눈,덮발눈
1412,덮밥,길눈,덮길눈,덮발눈
1413,찜통,옹벽,찜벽,찡벽
1414,찜통,옹벽,찜벽,찌벽
1415,찜통,옹벽,찜벽,찜통벽
1416,찜통,옹벽,찜벽,찜토벽
1417,찜통,옹벽,찡벽,찌벽
1418,찜통,옹벽,찡벽,찜통벽
1419,찜통,옹벽,찡벽,찜토벽
1420,찜통,옹벽,찌벽,찜통벽
1421,찜통,옹벽,찌벽,찜토벽
1422,찜통,옹벽,찜통벽,찜토벽
1423,코냑,캔버스,콘버스,코냑스
1424,코냑,캔버스,콘버스,코버스
1425,코냑,캔버스,코냐스,코냑스
1426,코냑,캔버스,코냐스,코버스
1427,코냑,캔버스,코녀스,코냑스
1428,코냑,캔버스,코녀스,코버스
1429,벼슬,즉시,벼시,벼슥시
1430,벼슬,즉시,벼시,벼스시
1431,벼슬,즉시,벼시,벼슬시
1432,벼슬,즉시,벼시,벼스즉시
1433,벼슬,즉시,벼슥시,벼스시
1434,벼슬,즉시,벼슥시,벼슬시
1435,벼슬,즉시,벼슥시,벼스즉시
1436,벼슬,즉시,벼스시,벼슬시
1437,벼슬,즉시,벼스시,벼스즉시
1438,벼슬,즉시,벼슬시,벼스즉시
1439,쓴맛,똬리,쓴리,쓰리
1440,쓴맛,똬리,쓴리,쓴똬리
1441,쓴맛,똬리,쓴리,쓴뫄리
1442,쓴맛,똬리,쓴리,쓴마리
1443,쓴맛,똬리,쓰리,쓴똬리
1444,쓴맛,똬리,쓰리,쓴뫄리
1445,쓴맛,똬리,쓰리,쓴마리
1446,쓴맛,똬리,쓴똬리,쓴뫄리
1447,쓴맛,똬리,쓴똬리,쓴마리
1448,쓴맛,똬리,쓴뫄리,쓴마리
1449,깜깜절벽,강독,깜독,깡독
1450,깜깜절벽,강독,깜독,까독
1451,깜깜절벽,강독,깜독,깜깜독
1452,깜깜절벽,강독,깜독,깜강독
1453,깜깜절벽,강독,깡독,까독
1454,깜깜절벽,강독,깡독,깜깜독
1455,깜깜절벽,강독,깡독,깜강독
1456,깜깜절벽,강독,까독,깜깜독
1457,깜깜절벽,강독,까독,깜강독
1458,닮은꼴,강사진,닮사진,당사진
1459,닮은꼴,강사진,닮사진,다사진
1460,닮은꼴,강사진,닮사진,다아진
1461,닮은꼴,강사진,닮사진,닮강사진
1462,닮은꼴,강사진,당사진,다사진
1463,닮은꼴,강사진,당사진,다아진
1464,닮은꼴,강사진,당사진,닮강사진
1465,닮은꼴,강사진,다사진,다아진
1466,닮은꼴,강사진,다사진,닮강사진
1467,닮은꼴,강사진,다아진,닮강사진
1468,살쾡이,싼값,살값,산값
1469,살쾡이,싼값,살값,사값
1470,살쾡이,싼값,살값,살콴값
1471,살쾡이,싼값,살값,살퀜값
1472,살쾡이,싼값,산값,사값
1473,살쾡이,싼값,산값,살콴값
1474,살쾡이,싼값,산값,살퀜값
1475,살쾡이,싼값,사값,살콴값
1476,살쾡이,싼값,사값,살퀜값
1477,절뚝발이,살쾡이,절뚝비,절뚜이
1478,절뚝발이,살쾡이,절뚝비,절뚝바이
1479,절뚝발이,살쾡이,절뚝비,절띠
1480,절뚝발이,살쾡이,절뚝비,저이
1481,절뚝발이,살쾡이,절뚜이,절뚝바이
1482,절뚝발이,살쾡이,절뚜이,절띠
1483,절뚝발이,살쾡이,절뚜이,저이
1484,절뚝발이,살쾡이,절뚝바이,절띠
1485,절뚝발이,살쾡이,절뚝바이,저이
1486,절뚝발이,살쾡이,절띠,저이
1487,머리털,뺄셈,멀셈,머셈
1488,머리털,뺄셈,멀셈,머렐셈
1489,머리털,뺄셈,멀셈,머뻴셈
1490,머리털,뺄셈,멀셈,머릴셈
1491,머리털,뺄셈,머셈,머렐셈
1492,머리털,뺄셈,머셈,머뻴셈
1493,머리털,뺄셈,머셈,머릴셈
1494,숄더백,파렴치,숄덤치,숄더치
1495,숄더백,파렴치,숄덤치,쇼엄치
1496,숄더백,파렴치,숄덤치,숄더범치
1497,숄더백,파렴치,숄덤치,숄더벰치
1498,숄더백,파렴치,숄더치,쇼엄치
1499,숄더백,파렴치,숄더치,숄더범치
1500,숄더백,파렴치,숄더치,숄더벰치
1501,숄더백,파렴치,쇼엄치,숄더범치
1502,숄더백,파렴치,쇼엄치,숄더벰치
1503,거수경례,거짓말쟁이,거수경례이,거수경리
1504,거수경례,거짓말쟁이,거수경례이,거수겨이
1505,거수경례,거짓말쟁이,거수경례이,거수기
1506,거수경례,거짓말쟁이,거수경례이,거수이
1507,거수경례,거짓말쟁이,거수경리,거수겨이
1508,거수경례,거짓말쟁이,거수경리,거수기
1509,거수경례,거짓말쟁이,거수경리,거수이
1510,거수경례,거짓말쟁이,거수겨이,거수기
1511,거수경례,거짓말쟁이,거수겨이,거수이
1512,거수경례,거짓말쟁이,거수기,거수이
1513,코뿔소,떼쟁이,코뿔시,코뿌이
1514,코뿔소,떼쟁이,코뿔시,코뿔소이
1515,코뿔소,떼쟁이,코뿔시,코삐
1516,코뿔소,떼쟁이,코뿔시,코이
1517,코뿔소,떼쟁이,코뿌이,코뿔소이
1518,코뿔소,떼쟁이,코뿌이,코삐
1519,코뿔소,떼쟁이,코뿌이,코이
1520,코뿔소,떼쟁이,코뿔소이,코삐
1521,코뿔소,떼쟁이,코뿔소이,코이
1522,코뿔소,떼쟁이,코삐,코이
1523,가설,캥거루,강거루,가거루
1524,가설,캥거루,강거루,가서루
1525,가설,캥거루,강거루,가설루
1526,가설,캥거루,강거루,가어루
1527,가설,캥거루,가거루,가서루
1528,가설,캥거루,가거루,가설루
1529,가설,캥거루,가거루,가어루
1530,가설,캥거루,가서루,가설루
1531,가설,캥거루,가서루,가어루
1532,가설,캥거루,가설루,가어루
1533,복숭아뼈,갓난애,복수에,복세
1534,복숭아뼈,갓난애,복수에,보에
1535,복숭아뼈,갓난애,복세,보에
1536,횃불,흔들의자,휏부의자,휏부자
1537,횃불,흔들의자,휏부의자,휏븨자
1538,횃불,흔들의자,휏부의자,휏불자
1539,횃불,흔들의자,휏부의자,훼의자
1540,횃불,흔들의자,휏부자,휏불자
1541,횃불,흔들의자,휏부자,훼의자
1542,횃불,흔들의자,휏븨자,휏불자
1543,횃불,흔들의자,휏븨자,훼의자
1544,횃불,흔들의자,휏불자,훼의자
1545,멜로디,그린벨트,멜린벨트,멜론벨트
1546,멜로디,그린벨트,멜린벨트,멜로벨트
1547,멜로디,그린벨트,멜린벨트,멜로델트
1548,멜로디,그린벨트,멜린벨트,메린벨트
1549,멜로디,그린벨트,멜론벨트,멜로벨트
1550,멜로디,그린벨트,멜론벨트,멜로델트
1551,멜로디,그린벨트,멜론벨트,메린벨트
1552,멜로디,그린벨트,멜로벨트,멜로델트
1553,멜로디,그린벨트,멜로벨트,메린벨트
1554,고갯길,거름망,고름망,고금망
1555,고갯길,거름망,고름망,고겟망
1556,고갯길,거름망,고름망,고겜망
1557,고갯길,거름망,고름망,고게망
1558,고갯길,거름망,고금망,고게망
1559,고갯길,거름망,고겟망,고게망
1560,고갯길,거름망,고겜망,고게망
1561,엔지니어링,신춘,엔춘,엔신춘
1562,엔지니어링,신춘,엔춘,엔진춘
1563,엔지니어링,신춘,엔춘,엔지춘
1564,엔지니어링,신춘,엔춘,엔지신춘
1565,엔지니어링,신춘,엔신춘,엔진춘
1566,엔지니어링,신춘,엔신춘,엔지춘
1567,엔지니어링,신춘,엔신춘,엔지신춘
1568,엔지니어링,신춘,엔진춘,엔지춘
1569,엔지니어링,신춘,엔진춘,엔지신춘
1570,엔지니어링,신춘,엔지춘,엔지신춘
1571,지휘봉,알파벳,지휘벳,질파벳
1572,지휘봉,알파벳,지휘벳,지화벳
1573,지휘봉,알파벳,지휘벳,지파벳
1574,지휘봉,알파벳,지휘벳,지하벳
1575,지휘봉,알파벳,질파벳,지파벳
1576,지휘봉,알파벳,질파벳,지하벳
1577,지휘봉,알파벳,지화벳,지파벳
1578,지휘봉,알파벳,지화벳,지하벳
1579,지휘봉,알파벳,지파벳,지하벳
1580,채플,동남쪽,쳉남쪽,체남쪽
1581,채플,동남쪽,쳉남쪽,체픔쪽
1582,채플,동남쪽,쳉남쪽,체팜쪽
1583,채플,동남쪽,쳉남쪽,체프쪽
1584,채플,동남쪽,체남쪽,체픔쪽
1585,채플,동남쪽,체남쪽,체팜쪽
1586,채플,동남쪽,체남쪽,체프쪽
1587,채플,동남쪽,체픔쪽,체프쪽
1588,채플,동남쪽,체팜쪽,체프쪽
1589,객관성,모션,겍션,게션
1590,객관성,모션,겍션,겍모션
1591,객관성,모션,겍션,겍고션
1592,객관성,모션,겍션,게모션
1593,객관성,모션,게션,겍모션
1594,객관성,모션,게션,겍고션
1595,객관성,모션,게션,게모션
1596,객관성,모션,겍모션,겍고션
1597,객관성,모션,겍모션,게모션
1598,객관성,모션,겍고션,게모션
1599,불쾌,남아메리카,불퀘메리카,불퀘에리카
1600,불쾌,남아메리카,불퀘메리카,불퀘리카
1601,불쾌,남아메리카,불퀘메리카,불퀘아메리카
1602,불쾌,남아메리카,불퀘메리카,불퀘이카
1603,불쾌,남아메리카,불퀘에리카,불퀘리카
1604,불쾌,남아메리카,불퀘에리카,불퀘아메리카
1605,불쾌,남아메리카,불퀘에리카,불퀘이카
1606,불쾌,남아메리카,불퀘리카,불퀘아메리카
1607,불쾌,남아메리카,불퀘리카,불퀘이카
1608,불쾌,남아메리카,불퀘아메리카,불퀘이카
1609,꾀돌이,데스크톱,꿰돌크톱,꿰스크톱
1610,꾀돌이,데스크톱,꿰돌크톱,꿰드크톱
1611,꾀돌이,데스크톱,꿰돌크톱,꿰도크톱
1612,꾀돌이,데스크톱,꿰돌크톱,꿰으크톱
1613,꾀돌이,데스크톱,꿰스크톱,꿰드크톱
1614,꾀돌이,데스크톱,꿰스크톱,꿰도크톱
1615,꾀돌이,데스크톱,꿰스크톱,꿰으크톱
1616,꾀돌이,데스크톱,꿰드크톱,꿰으크톱
1617,꾀돌이,데스크톱,꿰도크톱,꿰으크톱
1618,에스파냐어,죗값,에쉣값,에셋값
1619,에스파냐어,죗값,에쉣값,에슷값
1620,에스파냐어,죗값,에쉣값,에스값
1621,에스파냐어,죗값,에쉣값,에스쥇값
1622,에스파냐어,죗값,에셋값,에스값
1623,에스파냐어,죗값,에셋값,에스쥇값
1624,에스파냐어,죗값,에슷값,에스값
1625,에스파냐어,죗값,에슷값,에스쥇값
1626,에스파냐어,죗값,에스값,에스쥇값
1627,걸음걸이,거의,걸거의,거거의
1628,걸음걸이,거의,걸거의,거어의
1629,걸음걸이,거의,거거의,거어의
1630,노출증,돋보기안경,노출기안경,녿보기안경
1631,노출증,돋보기안경,노출기안경,노출지안경
1632,노출증,돋보기안경,노출기안경,노출즈안경
1633,노출증,돋보기안경,노출기안경,노보기안경
1634,노출증,돋보기안경,녿보기안경,노보기안경
1635,노출증,돋보기안경,노출지안경,노보기안경
1636,노출증,돋보기안경,노출즈안경,노보기안경
1637,판잣집,당뇨병,판잣병,판조병
1638,판잣집,당뇨병,판잣병,판자병
1639,판잣집,당뇨병,판잣병,파오병
1640,판잣집,당뇨병,판잣병,판잣조병
1641,판잣집,당뇨병,판조병,파오병
1642,판잣집,당뇨병,판조병,판잣조병
1643,판잣집,당뇨병,판자병,파오병
1644,판잣집,당뇨병,판자병,판잣조병
1645,판잣집,당뇨병,파오병,판잣조병
1646,가을철,늑막염,가을쳠,가으염
1647,가을철,늑막염,가을쳠,가을처염
1648,가을철,늑막염,가을쳠,가염
1649,가을철,늑막염,가으염,가을처염
1650,가을철,늑막염,가으염,가염
1651,가을철,늑막염,가을처염,가염
1652,찐빵,가마니,찐마니,찐빠니
1653,찐빵,가마니,찐마니,찐빵니
1654,찐빵,가마니,찐마니,찌마니
1655,찐빵,가마니,찐마니,찌아니
1656,찐빵,가마니,찐빠니,찐빵니
1657,찐빵,가마니,찐빠니,찌마니
1658,찐빵,가마니,찐빠니,찌아니
1659,찐빵,가마니,찐빵니,찌마니
1660,찐빵,가마니,찐빵니,찌아니
1661,찐빵,가마니,찌마니,찌아니
1662,굳은살,과외,구웨,구아웨
1663,불쏘시개,콘돔,불돔,분돔
1664,불쏘시개,콘돔,불돔,불콘돔
1665,불쏘시개,콘돔,불돔,불쏜돔
1666,불쏘시개,콘돔,불돔,불쏘돔
1667,불쏘시개,콘돔,분돔,불콘돔
1668,불쏘시개,콘돔,분돔,불쏜돔
1669,불쏘시개,콘돔,분돔,불쏘돔
1670,불쏘시개,콘돔,불콘돔,불쏜돔
1671,불쏘시개,콘돔,불콘돔,불쏘돔
1672,불쏘시개,콘돔,불쏜돔,불쏘돔
1673,다이얼,눈빛,단빛,다빛
1674,다이얼,눈빛,단빛,다눈빛
1675,다이얼,눈빛,단빛,다운빛
1676,다이얼,눈빛,단빛,다인빛
1677,다이얼,눈빛,다빛,다눈빛
1678,다이얼,눈빛,다빛,다운빛
1679,다이얼,눈빛,다빛,다인빛
1680,다이얼,눈빛,다눈빛,다운빛
1681,다이얼,눈빛,다눈빛,다인빛
1682,암흑기,산기슭,암흑슭,암기슭
1683,암흑기,산기슭,암흑슭,암히슭
1684,암흑기,산기슭,암흑슭,암흐슭
1685,암흑기,산기슭,암흑슭,암흑기슭
1686,암흑기,산기슭,암기슭,암히슭
1687,암흑기,산기슭,암기슭,암흐슭
1688,암흑기,산기슭,암기슭,암흑기슭
1689,암흑기,산기슭,암히슭,암흑기슭
1690,암흑기,산기슭,암흐슭,암흑기슭
1691,껌둥이,바캉스,껌캉스,껌당스
1692,껌둥이,바캉스,껌캉스,껌두스
1693,껌둥이,바캉스,껌캉스,꺼캉스
1694,껌둥이,바캉스,껌둥스,껌당스
1695,껌둥이,바캉스,껌둥스,껌두스
1696,껌둥이,바캉스,껌둥스,꺼캉스
1697,껌둥이,바캉스,껌당스,껌두스
1698,껌둥이,바캉스,껌당스,꺼캉스
1699,무분별,세탁,무탁,무분탁
1700,무분별,세탁,무탁,무세탁
1701,무분별,세탁,무탁,무부탁
1702,무분별,세탁,무탁,무베탁
1703,무분별,세탁,무분탁,무세탁
1704,무분별,세탁,무분탁,무부탁
1705,무분별,세탁,무분탁,무베탁
1706,무분별,세탁,무세탁,무부탁
1707,무분별,세탁,무세탁,무베탁
1708,간식,쉰내,간네,가네
1709,간식,쉰내,간네,간쉰네
1710,간식,쉰내,간네,간신네
1711,간식,쉰내,간네,가쉰네
1712,간식,쉰내,가네,간쉰네
1713,간식,쉰내,가네,간신네
1714,간식,쉰내,가네,가쉰네
1715,간식,쉰내,간쉰네,간신네
1716,간식,쉰내,간쉰네,가쉰네
1717,계수나무,뒷받침,계수받침,계수낟침
1718,계수나무,뒷받침,계수받침,계잇받침
1719,계수나무,뒷받침,계수받침,계수나침
1720,계수나무,뒷받침,계수받침,계수낫받침
1721,계수나무,뒷받침,계수낟침,계수나침
1722,계수나무,뒷받침,계수낟침,계수낫받침
1723,계수나무,뒷받침,계잇받침,계수나침
1724,계수나무,뒷받침,계잇받침,계수낫받침
1725,계수나무,뒷받침,계수나침,계수낫받침
1726,안녕,처남댁,안냠덱,안남덱
1727,안녕,처남댁,안냠덱,안녀덱
1728,안녕,처남댁,안냠덱,안녕덱
1729,안녕,처남댁,안념덱,안남덱
1730,안녕,처남댁,안념덱,안녀덱
1731,안녕,처남댁,안념덱,안녕덱
1732,안녕,처남댁,안남덱,안녀덱
1733,안녕,처남댁,안남덱,안녕덱
1734,안녕,처남댁,안녀덱,안녕덱
1735,엮은이,건반,엮반,연반
1736,엮은이,건반,엮반,여반
1737,엮은이,건반,엮반,엮건반
1738,엮은이,건반,엮반,여건반
1739,엮은이,건반,연반,여반
1740,엮은이,건반,연반,엮건반
1741,엮은이,건반,연반,여건반
1742,엮은이,건반,여반,엮건반
1743,엮은이,건반,여반,여건반
1744,엮은이,건반,엮건반,여건반
1745,빼기,경상남도,뼁상남도,뻬상남도
1746,빼기,경상남도,뼁상남도,뻬강남도
1747,빼기,경상남도,뼁상남도,뻬앙남도
1748,빼기,경상남도,뼁상남도,뻬기남도
1749,빼기,경상남도,뻬상남도,뻬강남도
1750,빼기,경상남도,뻬상남도,뻬앙남도
1751,빼기,경상남도,뻬상남도,뻬기남도
1752,빼기,경상남도,뻬강남도,뻬앙남도
1753,빼기,경상남도,뻬강남도,뻬기남도
1754,빼기,경상남도,뻬앙남도,뻬기남도
1755,들창코,삭풍,들풍,득풍
1756,들창코,삭풍,들풍,들삭풍
1757,들창코,삭풍,들풍,들착풍
1758,들창코,삭풍,들풍,들창풍
1759,들창코,삭풍,득풍,들삭풍
1760,들창코,삭풍,득풍,들착풍
1761,들창코,삭풍,득풍,들창풍
1762,들창코,삭풍,들삭풍,들착풍
1763,들창코,삭풍,들삭풍,들창풍
1764,들창코,삭풍,들착풍,들창풍
1765,피읖,멜라닌,필라닌,피라닌
1766,피읖,멜라닌,필라닌,피으닌
1767,피읖,멜라닌,필라닌,피아닌
1768,피읖,멜라닌,필라닌,피읖닌
1769,피읖,멜라닌,피라닌,피으닌
1770,피읖,멜라닌,피라닌,피아닌
1771,피읖,멜라닌,피라닌,피읖닌
1772,피읖,멜라닌,피으닌,피읖닌
1773,피읖,멜라닌,피아닌,피읖닌
1774,바큇살,섹스,박스,바스
1775,바큇살,섹스,박스,바큇스
1776,바큇살,섹스,박스,바퀵스
1777,바큇살,섹스,박스,바퀙스
1778,바큇살,섹스,바스,바큇스
1779,바큇살,섹스,바스,바퀵스
1780,바큇살,섹스,바스,바퀙스
1781,바큇살,섹스,바큇스,바퀵스
1782,바큇살,섹스,바큇스,바퀙스
1783,쾌거,북엇국,퀘것국,퀘엇국
1784,쾌거,북엇국,퀘것국,퀘거국
1785,쾌거,북엇국,퀘것국,퀏국
1786,쾌거,북엇국,퀘것국,퀫국
1787,쾌거,북엇국,퀘엇국,퀘거국
1788,쾌거,북엇국,퀘엇국,퀏국
1789,쾌거,북엇국,퀘엇국,퀫국
1790,쾌거,북엇국,퀘거국,퀏국
1791,쾌거,북엇국,퀘거국,퀫국
1792,등잔,글쓴이,등자이,등지
1793,등잔,글쓴이,등자이,드이
1794,등잔,글쓴이,등지,드이
1795,일곱째,혀뿌리,일곱리,일뿌리
1796,일곱째,혀뿌리,일곱리,일고리
1797,일곱째,혀뿌리,일곱리,일구리
1798,일곱째,혀뿌리,일곱리,일혀뿌리
1799,일곱째,혀뿌리,일뿌리,일고리
1800,일곱째,혀뿌리,일뿌리,일구리
1801,일곱째,혀뿌리,일뿌리,일혀뿌리
1802,일곱째,혀뿌리,일고리,일혀뿌리
1803,일곱째,혀뿌리,일구리,일혀뿌리
1804,채플,누에,체페,체에
1805,채플,누에,체페,체누에
1806,채플,누에,체페,체푸에
1807,채플,누에,체페,체프에
1808,채플,누에,체에,체누에
1809,채플,누에,체에,체푸에
1810,채플,누에,체에,체프에
1811,채플,누에,체누에,체푸에
1812,채플,누에,체누에,체프에
1813,가분수,붕어,가버,가분서
1814,가분수,붕어,가버,가부어
1815,가분수,붕어,가버,가분수어
1816,가분수,붕어,가버,가어
1817,가분수,붕어,가분서,가부어
1818,가분수,붕어,가분서,가분수어
1819,가분수,붕어,가분서,가어
1820,가분수,붕어,가부어,가분수어
1821,가분수,붕어,가부어,가어
1822,가분수,붕어,가분수어,가어
1823,푯말,구릉지,푯릉지,푯믕지
1824,푯말,구릉지,푯릉지,푯망지
1825,푯말,구릉지,푯릉지,푯마지
1826,푯말,구릉지,푯릉지,표릉지
1827,푯말,구릉지,푯믕지,푯마지
1828,푯말,구릉지,푯믕지,표릉지
1829,푯말,구릉지,푯망지,푯마지
1830,푯말,구릉지,푯망지,표릉지
1831,구독,뇌사,구사,구눼사
1832,구독,뇌사,구사,구뒈사
1833,구독,뇌사,구사,구웨사
1834,구독,뇌사,구사,구도사
1835,구독,뇌사,구눼사,구웨사
1836,구독,뇌사,구눼사,구도사
1837,구독,뇌사,구뒈사,구웨사
1838,구독,뇌사,구뒈사,구도사
1839,글라이더,완쾌,글퀘,근퀘
1840,글라이더,완쾌,글퀘,그퀘
1841,글라이더,완쾌,글퀘,글란퀘
1842,글라이더,완쾌,글퀘,글라퀘
1843,글라이더,완쾌,근퀘,그퀘
1844,글라이더,완쾌,근퀘,글란퀘
1845,글라이더,완쾌,근퀘,글라퀘
1846,글라이더,완쾌,그퀘,글란퀘
1847,글라이더,완쾌,그퀘,글라퀘
1848,글라이더,완쾌,글란퀘,글라퀘
1849,노스탤지어,지읒,노스텔즞,노스텔지읒
1850,노스탤지어,지읒,노스텔즞,노스텔지지읒
1851,노스탤지어,지읒,노스텔즞,노스텔지이읒
1852,노스탤지어,지읒,노스텔즞,노스텔지어읒
1853,노스탤지어,지읒,노스텔지읒,노스텔지지읒
1854,노스탤지어,지읒,노스텔지읒,노스텔지이읒
1855,노스탤지어,지읒,노스텔지읒,노스텔지어읒
1856,노스탤지어,지읒,노스텔지지읒,노스텔지이읒
1857,노스탤지어,지읒,노스텔지지읒,노스텔지어읒
1858,노스탤지어,지읒,노스텔지이읒,노스텔지어읒
1859,손뼉,돌쩌귀,손쩌귀,솔쩌귀
1860,손뼉,돌쩌귀,손쩌귀,손뻐귀
1861,손뼉,돌쩌귀,손쩌귀,소쩌귀
1862,손뼉,돌쩌귀,손쩌귀,소어귀
1863,손뼉,돌쩌귀,솔쩌귀,소쩌귀
1864,손뼉,돌쩌귀,솔쩌귀,소어귀
1865,손뼉,돌쩌귀,손뻐귀,소쩌귀
1866,손뼉,돌쩌귀,손뻐귀,소어귀
1867,손뼉,돌쩌귀,소쩌귀,소어귀
1868,켄트지,옹립,켄트립,켄트지립
1869,켄트지,옹립,켄트립,켄트징립
1870,켄트지,옹립,켄트립,켄립
1871,켄트지,옹립,켄트립,켕립
1872,켄트지,옹립,켄트지립,켄트징립
1873,켄트지,옹립,켄트지립,켄립
1874,켄트지,옹립,켄트지립,켕립
1875,켄트지,옹립,켄트징립,켄립
1876,켄트지,옹립,켄트징립,켕립
1877,켄트지,옹립,켄립,켕립
1878,등받이,그끄저께,등받저께,등끄저께
1879,등받이,그끄저께,등받저께,등브저께
1880,등받이,그끄저께,등받저께,등바저께
1881,등받이,그끄저께,등받저께,등바어께
1882,등받이,그끄저께,등끄저께,등브저께
1883,등받이,그끄저께,등끄저께,등바저께
1884,등받이,그끄저께,등끄저께,등바어께
1885,등받이,그끄저께,등브저께,등바어께
1886,등받이,그끄저께,등바저께,등바어께
1887,금액,고려청자,금려청자,그려청자
1888,금액,고려청자,금려청자,그여청자
1889,금액,고려청자,금려청자,그어청자
1890,금액,고려청자,금려청자,금고려청자
1891,금액,고려청자,그려청자,그여청자
1892,금액,고려청자,그려청자,그어청자
1893,금액,고려청자,그려청자,금고려청자
1894,금액,고려청자,그여청자,그어청자
1895,금액,고려청자,그여청자,금고려청자
1896,금액,고려청자,그어청자,금고려청자
1897,무말랭이,낟알,무말,무말랄
1898,무말랭이,낟알,무말,무마알
1899,무말랭이,낟알,무말,무말레알
1900,무말랭이,낟알,무말,무알
1901,무말랭이,낟알,무말랄,무마알
1902,무말랭이,낟알,무말랄,무말레알
1903,무말랭이,낟알,무말랄,무알
1904,무말랭이,낟알,무마알,무말레알
1905,무말랭이,낟알,무마알,무알
1906,무말랭이,낟알,무말레알,무알
1907,고슴도치,엊저녁,고슴녁,곶저녁
1908,고슴도치,엊저녁,고슴녁,고저녁
1909,고슴도치,엊저녁,고슴녁,고스녁
1910,고슴도치,엊저녁,고슴녁,고서녁
1911,고슴도치,엊저녁,곶저녁,고저녁
1912,고슴도치,엊저녁,곶저녁,고스녁
1913,고슴도치,엊저녁,곶저녁,고서녁
1914,고슴도치,엊저녁,고저녁,고스녁
1915,고슴도치,엊저녁,고저녁,고서녁
1916,햇곡식,팽이버섯,헷곡버섯,헷곡서섯
1917,햇곡식,팽이버섯,헷곡버섯,헷곡시섯
1918,햇곡식,팽이버섯,헷곡버섯,헷기버섯
1919,햇곡식,팽이버섯,헷곡버섯,헷고버섯
1920,햇곡식,팽이버섯,헷곡서섯,헷기버섯
1921,햇곡식,팽이버섯,헷곡서섯,헷고버섯
1922,햇곡식,팽이버섯,헷곡시섯,헷기버섯
1923,햇곡식,팽이버섯,헷곡시섯,헷고버섯
1924,고참,공사립,고사립,고차립
1925,고참,공사립,고사립,고아립
1926,고참,공사립,고사립,고참립
1927,고참,공사립,고사립,고공사립
1928,고참,공사립,고차립,고아립
1929,고참,공사립,고차립,고참립
1930,고참,공사립,고차립,고공사립
1931,고참,공사립,고아립,고참립
1932,고참,공사립,고아립,고공사립
1933,고참,공사립,고참립,고공사립
1934,앙상블,앞뜰,앙뜰,앙상뜰
1935,앙상블,앞뜰,앙뜰,앙샆뜰
1936,앙상블,앞뜰,앙뜰,앙사뜰
1937,앙상블,앞뜰,앙뜰,앙상븦뜰
1938,앙상블,앞뜰,앙상뜰,앙샆뜰
1939,앙상블,앞뜰,앙상뜰,앙사뜰
1940,앙상블,앞뜰,앙상뜰,앙상븦뜰
1941,앙상블,앞뜰,앙샆뜰,앙사뜰
1942,앙상블,앞뜰,앙샆뜰,앙상븦뜰
1943,앙상블,앞뜰,앙사뜰,앙상븦뜰
1944,가전제품,쫄면,갈면,가면
1945,가전제품,쫄면,갈면,가쫄면
1946,가전제품,쫄면,갈면,가전면
1947,가전제품,쫄면,갈면,가절면
1948,가전제품,쫄면,가면,가쫄면
1949,가전제품,쫄면,가면,가전면
1950,가전제품,쫄면,가면,가절면
1951,가전제품,쫄면,가쫄면,가절면
1952,가전제품,쫄면,가전면,가절면
1953,숭배자,줏대,숭데,숫데
1954,숭배자,줏대,숭데,수데
1955,숭배자,줏대,숭데,숭줏데
1956,숭배자,줏대,숭데,숭붓데
1957,숭배자,줏대,숫데,수데
1958,숭배자,줏대,숫데,숭줏데
1959,숭배자,줏대,숫데,숭붓데
1960,숭배자,줏대,수데,숭줏데
1961,숭배자,줏대,수데,숭붓데
1962,숭배자,줏대,숭줏데,숭붓데
1963,아홉수,텃세,아홉세,아홋세
1964,아홉수,텃세,아홉세,아헛세
1965,아홉수,텃세,아홉세,아홉섯세
1966,아홉수,텃세,아홉세,아홉수세
1967,아홉수,텃세,아홋세,아홉섯세
1968,아홉수,텃세,아홋세,아홉수세
1969,아홉수,텃세,아헛세,아홉섯세
1970,아홉수,텃세,아헛세,아홉수세
1971,아홉수,텃세,아홉섯세,아홉수세
1972,꽃게,납빛,꽃빛,꼽빛
1973,꽃게,납빛,꽃빛,꼬빛
1974,꽃게,납빛,꽃빛,꽃납빛
1975,꽃게,납빛,꽃빛,꽃갑빛
1976,꽃게,납빛,꼽빛,꼬빛
1977,꽃게,납빛,꼽빛,꽃납빛
1978,꽃게,납빛,꼽빛,꽃갑빛
1979,꽃게,납빛,꼬빛,꽃납빛
1980,꽃게,납빛,꼬빛,꽃갑빛
1981,꽃게,납빛,꽃납빛,꽃갑빛
1982,팔뚝시계,스테디셀러,팔뚝시셀러,팔뚝시겔러
1983,팔뚝시계,스테디셀러,팔뚝시셀러,팔뚝시엘러
1984,팔뚝시계,스테디셀러,팔뚝시셀러,파테디셀러
1985,팔뚝시계,스테디셀러,팔뚝시셀러,팔뚜이셀러
1986,팔뚝시계,스테디셀러,팔뚝시겔러,팔뚝시엘러
1987,팔뚝시계,스테디셀러,팔뚝시겔러,파테디셀러
1988,팔뚝시계,스테디셀러,팔뚝시겔러,팔뚜이셀러
1989,팔뚝시계,스테디셀러,팔뚝시엘러,파테디셀러
1990,팔뚝시계,스테디셀러,팔뚝시엘러,팔뚜이셀러
1991,팔뚝시계,스테디셀러,파테디셀러,팔뚜이셀러
1992,횡단면,땔감,휄감,훼감
1993,횡단면,땔감,휄감,휑단감
1994,횡단면,땔감,휄감,휑달감
1995,횡단면,땔감,휑감,훼감
1996,횡단면,땔감,휑감,휑단감
1997,횡단면,땔감,휑감,휑달감
1998,횡단면,땔감,훼감,휑단감
1999,횡단면,땔감,훼감,휑달감
2000,횡단면,땔감,휑단감,휑달감
2001,뱃삯,낟알,벳살,벳사알
2002,뱃삯,낟알,벳살,베알
2003,뱃삯,낟알,벳사알,베알
2004,카톨릭,웬일,카틸,카톨릴
2005,카톨릭,웬일,카틸,카톨리일
2006,카톨릭,웬일,카틸,카일
2007,카톨릭,웬일,카틸,카토일
2008,카톨릭,웬일,카톨릴,카톨리일
2009,카톨릭,웬일,카톨릴,카일
2010,카톨릭,웬일,카톨릴,카토일
2011,카톨릭,웬일,카톨리일,카일
2012,카톨릭,웬일,카톨리일,카토일
2013,카톨릭,웬일,카일,카토일
2014,넝쿨,지신밟기,넝신밟기,넝쿤밟기
2015,넝쿨,지신밟기,넝신밟기,넝킨밟기
2016,넝쿨,지신밟기,넝신밟기,넝쿠밟기
2017,넝쿨,지신밟기,넝신밟기,너신밟기
2018,넝쿨,지신밟기,넝쿤밟기,넝쿠밟기
2019,넝쿨,지신밟기,넝쿤밟기,너신밟기
2020,넝쿨,지신밟기,넝킨밟기,넝쿠밟기
2021,넝쿨,지신밟기,넝킨밟기,너신밟기
2022,감식초,도읍,감습,가읍
2023,감식초,도읍,감습,감식츱
2024,감식초,도읍,감습,감도읍
2025,감식초,도읍,감습,감시읍
2026,감식초,도읍,가읍,감식츱
2027,감식초,도읍,가읍,감도읍
2028,감식초,도읍,가읍,감시읍
2029,감식초,도읍,감식츱,감도읍
2030,감식초,도읍,감식츱,감시읍
2031,감식초,도읍,감도읍,감시읍
2032,셔틀콕,경각심,셩각심,셔틀심
2033,셔틀콕,경각심,셩각심,셔각심
2034,셔틀콕,경각심,셩각심,셔탁심
2035,셔틀콕,경각심,셩각심,셔특심
2036,셔틀콕,경각심,셔틀심,셔탁심
2037,셔틀콕,경각심,셔틀심,셔특심
2038,셔틀콕,경각심,셔각심,셔탁심
2039,셔틀콕,경각심,셔각심,셔특심
2040,넥타이핀,프로그래밍,넥타이피밍,넥타으레밍
2041,넥타이핀,프로그래밍,넥타이피밍,네로그레밍
2042,넥타이핀,프로그래밍,넥타이페밍,넥타으레밍
2043,넥타이핀,프로그래밍,넥타이페밍,네로그레밍
2044,넥타이핀,프로그래밍,넥타이레밍,넥타으레밍
2045,넥타이핀,프로그래밍,넥타이레밍,네로그레밍
2046,컬러,왜곡,컬곡,커곡
2047,컬러,왜곡,컬곡,컬뤠곡
2048,컬러,왜곡,컬곡,컬레곡
2049,컬러,왜곡,컬곡,커웨곡
2050,컬러,왜곡,커곡,컬뤠곡
2051,컬러,왜곡,커곡,컬레곡
2052,컬러,왜곡,커곡,커웨곡
2053,컬러,왜곡,컬뤠곡,컬레곡
2054,컬러,왜곡,컬뤠곡,커웨곡
2055,컬러,왜곡,컬레곡,커웨곡
2056,극단,강의,극듸,그의
2057,극단,강의,극듸,극다의
2058,극단,강의,그의,극다의
2059,까막까치,립스틱,까막까틱,까밉스틱
2060,까막까치,립스틱,까막까틱,까맙스틱
2061,까막까치,립스틱,까막스틱,까밉스틱
2062,까막까치,립스틱,까막스틱,까맙스틱
2063,까막까치,립스틱,까립스틱,까밉스틱
2064,까막까치,립스틱,까립스틱,까맙스틱
2065,엠티,깡패,엠페,엠깡페
2066,엠티,깡패,엠페,엠탕페
2067,엠티,깡패,엠페,엠티페
2068,엠티,깡패,엠페,엠팅페
2069,엠티,깡패,엠깡페,엠탕페
2070,엠티,깡패,엠깡페,엠티페
2071,엠티,깡패,엠깡페,엠팅페
2072,엠티,깡패,엠탕페,엠티페
2073,엠티,깡패,엠탕페,엠팅페
2074,엠티,깡패,엠티페,엠팅페
2075,깁스,갈채,깁체,길체
2076,깁스,갈채,깁체,기체
2077,깁스,갈채,깁체,깁갈체
2078,깁스,갈채,깁체,깁살체
2079,깁스,갈채,길체,기체
2080,깁스,갈채,길체,깁갈체
2081,깁스,갈채,길체,깁살체
2082,깁스,갈채,기체,깁갈체
2083,깁스,갈채,기체,깁살체
2084,깁스,갈채,깁갈체,깁살체
2085,게으름,넝마,겡마,게마
2086,게으름,넝마,겡마,게넝마
2087,게으름,넝마,겡마,게엉마
2088,게으름,넝마,겡마,게응마
2089,게으름,넝마,게마,게넝마
2090,게으름,넝마,게마,게엉마
2091,게으름,넝마,게마,게응마
2092,게으름,넝마,게넝마,게엉마
2093,게으름,넝마,게넝마,게응마
2094,살갗,개인,살긴,사인
2095,살갗,개인,살긴,살가인
2096,살갗,개인,살긴,살게인
2097,살갗,개인,살긴,사게인
2098,살갗,개인,사인,살가인
2099,살갗,개인,사인,살게인
2100,살갗,개인,사인,사게인
2101,살갗,개인,살가인,사게인
2102,살갗,개인,살게인,사게인
2103,덮밥,가뭄,덮뭄,더뭄
2104,덮밥,가뭄,덮뭄,덮가뭄
2105,덮밥,가뭄,덮뭄,덮바뭄
2106,덮밥,가뭄,덮뭄,더가뭄
2107,덮밥,가뭄,더뭄,덮가뭄
2108,덮밥,가뭄,더뭄,덮바뭄
2109,덮밥,가뭄,더뭄,더가뭄
2110,덮밥,가뭄,덮가뭄,덮바뭄
2111,덮밥,가뭄,덮가뭄,더가뭄
2112,덮밥,가뭄,덮바뭄,더가뭄
2113,섹스,개뿔,섹뿔,세뿔
2114,섹스,개뿔,섹뿔,섹게뿔
2115,섹스,개뿔,섹뿔,섹세뿔
2116,섹스,개뿔,섹뿔,세게뿔
2117,섹스,개뿔,세뿔,섹게뿔
2118,섹스,개뿔,세뿔,섹세뿔
2119,섹스,개뿔,세뿔,세게뿔
2120,섹스,개뿔,섹게뿔,세게뿔
2121,섹스,개뿔,섹세뿔,세게뿔
2122,강습소,개연성,강션성,강습성
2123,강습소,개연성,강션성,강선성
2124,강습소,개연성,강션성,강슨성
2125,강습소,개연성,강션성,가연성
2126,강습소,개연성,강습성,강선성
2127,강습소,개연성,강습성,강슨성
2128,강습소,개연성,강습성,가연성
2129,강습소,개연성,강선성,가연성
2130,강습소,개연성,강슨성,가연성
2131,등록,가짓수,등짓수,등롯수
2132,등록,가짓수,등짓수,등릿수
2133,등록,가짓수,등짓수,드짓수
2134,등록,가짓수,등짓수,등로수
2135,등록,가짓수,등롯수,드짓수
2136,등록,가짓수,등롯수,등로수
2137,등록,가짓수,등릿수,드짓수
2138,등록,가짓수,등릿수,등로수
2139,땅값,김치찌개,땅치찌게,땀치찌게
2140,땅값,김치찌개,땅치찌게,땅가찌게
2141,땅값,김치찌개,땅치찌게,땅기찌게
2142,땅값,김치찌개,땅치찌게,따치찌게
2143,땅값,김치찌개,땀치찌게,따치찌게
2144,땅값,김치찌개,땅가찌게,따치찌게
2145,땅값,김치찌개,땅기찌게,따치찌게
2146,갈등,관능,갈능,간능
2147,갈등,관능,갈능,가능
2148,갈등,관능,갈능,갈관능
2149,갈등,관능,갈능,갈돤능
2150,갈등,관능,간능,가능
2151,갈등,관능,간능,갈관능
2152,갈등,관능,간능,갈돤능
2153,갈등,관능,가능,갈관능
2154,갈등,관능,가능,갈돤능
2155,갈등,관능,갈관능,갈돤능
2156,그룹,프로그램,그로그렘,그루그렘
2157,그룹,프로그램,그로그렘,그오그렘
2158,그룹,프로그램,그로그렘,그루으렘
2159,그룹,프로그램,그로그렘,그룹그렘
2160,그룹,프로그램,그루그렘,그오그렘
2161,그룹,프로그램,그루그렘,그루으렘
2162,그룹,프로그램,그루그렘,그룹그렘
2163,그룹,프로그램,그오그렘,그루으렘
2164,그룹,프로그램,그오그렘,그룹그렘
2165,그룹,프로그램,그루으렘,그룹그렘
2166,인터뷰,지랄병,인랄병,인털병
2167,인터뷰,지랄병,인랄병,인탈병
2168,인터뷰,지랄병,인랄병,인터병
2169,인터뷰,지랄병,인랄병,인터랄병
2170,인터뷰,지랄병,인털병,인터병
2171,인터뷰,지랄병,인털병,인터랄병
2172,인터뷰,지랄병,인탈병,인터병
2173,인터뷰,지랄병,인탈병,인터랄병
2174,인터뷰,지랄병,인터병,인터랄병
2175,앉은뱅이,아랑곳,앉랑곳,앉곳
2176,스크랩북,건강식,슨강식,스강식
2177,스크랩북,건강식,슨강식,스캉식
2178,스크랩북,건강식,슨강식,스킁식
2179,스크랩북,건강식,슨강식,스크식
2180,스크랩북,건강식,스강식,스캉식
2181,스크랩북,건강식,스강식,스킁식
2182,스크랩북,건강식,스강식,스크식
2183,스크랩북,건강식,스캉식,스크식
2184,스크랩북,건강식,스킁식,스크식
2185,하얀색,살갗,할갗,하갗
2186,하얀색,살갗,할갗,하살갗
2187,하얀색,살갗,할갗,하얀갗
2188,하얀색,살갗,할갗,하얄갗
2189,하얀색,살갗,하갗,하살갗
2190,하얀색,살갗,하갗,하얀갗
2191,하얀색,살갗,하갗,하얄갗
2192,하얀색,살갗,하살갗,하얄갗
2193,하얀색,살갗,하얀갗,하얄갗
2194,군기침,갈망,군망,굴망
2195,군기침,갈망,군망,구망
2196,군기침,갈망,군망,군갈망
2197,군기침,갈망,군망,군길망
2198,군기침,갈망,굴망,구망
2199,군기침,갈망,굴망,군갈망
2200,군기침,갈망,굴망,군길망
2201,군기침,갈망,구망,군갈망
2202,군기침,갈망,구망,군길망
2203,군기침,갈망,군갈망,군길망
2204,데릴사위,깍두기,데릴두기,데릭두기
2205,데릴사위,깍두기,데릴두기,데락두기
2206,데릴사위,깍두기,데릴사기,데릭두기
2207,데릴사위,깍두기,데릴사기,데락두기
2208,데릴사위,깍두기,데깍두기,데릭두기
2209,데릴사위,깍두기,데깍두기,데락두기
2210,렌즈,오합지졸,렌합지졸,렌잡지졸
2211,렌즈,오합지졸,렌합지졸,레합지졸
2212,렌즈,오합지졸,렌합지졸,레압지졸
2213,렌즈,오합지졸,렌합지졸,렌즈지졸
2214,렌즈,오합지졸,렌잡지졸,레합지졸
2215,렌즈,오합지졸,렌잡지졸,레압지졸
2216,렌즈,오합지졸,렌잡지졸,렌즈지졸
2217,렌즈,오합지졸,레합지졸,레압지졸
2218,렌즈,오합지졸,레합지졸,렌즈지졸
2219,렌즈,오합지졸,레압지졸,렌즈지졸
2220,파푸아 뉴기니,뒤꼍,파꼍,파푸꼍
2221,파푸아 뉴기니,뒤꼍,파꼍,파피꼍
2222,파푸아 뉴기니,뒤꼍,파꼍,파이꼍
2223,파푸아 뉴기니,뒤꼍,파꼍,파푸아꼍
2224,파푸아 뉴기니,뒤꼍,파푸꼍,파피꼍
2225,파푸아 뉴기니,뒤꼍,파푸꼍,파이꼍
2226,파푸아 뉴기니,뒤꼍,파푸꼍,파푸아꼍
2227,파푸아 뉴기니,뒤꼍,파피꼍,파이꼍
2228,파푸아 뉴기니,뒤꼍,파피꼍,파푸아꼍
2229,파푸아 뉴기니,뒤꼍,파이꼍,파푸아꼍
2230,결식아동,알뜰,결뜰,걀뜰
2231,결식아동,알뜰,결뜰,겨뜰
2232,결식아동,알뜰,결뜰,결식뜰
2233,결식아동,알뜰,결뜰,결살뜰
2234,결식아동,알뜰,걀뜰,겨뜰
2235,결식아동,알뜰,걀뜰,결식뜰
2236,결식아동,알뜰,걀뜰,결살뜰
2237,결식아동,알뜰,겨뜰,결식뜰
2238,결식아동,알뜰,겨뜰,결살뜰
2239,결식아동,알뜰,결식뜰,결살뜰
2240,찾아보기,답사,찾사,찹사
2241,찾아보기,답사,찾사,차사
2242,찾아보기,답사,찾사,찾답사
2243,찾아보기,답사,찾사,차답사
2244,찾아보기,답사,찹사,차사
2245,찾아보기,답사,찹사,찾답사
2246,찾아보기,답사,찹사,차답사
2247,찾아보기,답사,차사,찾답사
2248,찾아보기,답사,차사,차답사
2249,찾아보기,답사,찾답사,차답사
2250,강기슭,개암나무,강감나무,강기나무
2251,강기슭,개암나무,강감나무,강기사무
2252,강기슭,개암나무,강감나무,강기스무
2253,강기슭,개암나무,강김나무,강기나무
2254,강기슭,개암나무,강김나무,강기사무
2255,강기슭,개암나무,강김나무,강기스무
2256,강기슭,개암나무,강기나무,강기사무
2257,강기슭,개암나무,강기나무,강기스무
2258,살쾡이,용퇴,살퉤,상퉤
2259,살쾡이,용퇴,살퉤,사퉤
2260,살쾡이,용퇴,살퉤,살콩퉤
2261,살쾡이,용퇴,살퉤,사옹퉤
2262,살쾡이,용퇴,상퉤,사퉤
2263,살쾡이,용퇴,상퉤,살콩퉤
2264,살쾡이,용퇴,상퉤,사옹퉤
2265,살쾡이,용퇴,사퉤,살콩퉤
2266,살쾡이,용퇴,사퉤,사옹퉤
2267,살쾡이,용퇴,살콩퉤,사옹퉤
2268,안팎,엽기,안기,안폅기
2269,안팎,엽기,안기,안펍기
2270,안팎,엽기,안기,안팝기
2271,안팎,엽기,안기,안파기
2272,안팎,엽기,안폅기,안펍기
2273,안팎,엽기,안폅기,안팝기
2274,안팎,엽기,안폅기,안파기
2275,안팎,엽기,안펍기,안파기
2276,안팎,엽기,안팝기,안파기
2277,프라이드치킨,스크랩,프크렙,프르렙
2278,프라이드치킨,스크랩,프크렙,프으렙
2279,프라이드치킨,스크랩,프크렙,프라크렙
2280,프라이드치킨,스크랩,프라렙,프르렙
2281,프라이드치킨,스크랩,프라렙,프으렙
2282,프라이드치킨,스크랩,프라렙,프라크렙
2283,프라이드치킨,스크랩,프르렙,프으렙
2284,프라이드치킨,스크랩,프르렙,프라크렙
2285,프라이드치킨,스크랩,프으렙,프라크렙
2286,푸줏간,네티즌,푸줏즌,푸티즌
2287,푸줏간,네티즌,푸줏즌,푸지즌
2288,푸줏간,네티즌,푸줏즌,푸주즌
2289,푸줏간,네티즌,푸줏즌,푸이즌
2290,푸줏간,네티즌,푸티즌,푸지즌
2291,푸줏간,네티즌,푸티즌,푸주즌
2292,푸줏간,네티즌,푸티즌,푸이즌
2293,푸줏간,네티즌,푸지즌,푸이즌
2294,푸줏간,네티즌,푸주즌,푸이즌
2295,펴낸이,꾀꼬리,펴꼬리,펴네리
2296,펴낸이,꾀꼬리,펴꼬리,펴노리
2297,펴낸이,꾀꼬리,펴꼬리,펴넨리
2298,펴낸이,꾀꼬리,펴꼬리,펴오리
2299,펴낸이,꾀꼬리,펴네리,펴넨리
2300,펴낸이,꾀꼬리,펴네리,펴오리
2301,펴낸이,꾀꼬리,펴노리,펴넨리
2302,펴낸이,꾀꼬리,펴노리,펴오리
2303,펴낸이,꾀꼬리,펴넨리,펴오리
2304,귀싸대기,강행,귕헹,귀헹
2305,귀싸대기,강행,귕헹,귀강헹
2306,귀싸대기,강행,귕헹,귀쌍헹
2307,귀싸대기,강행,광헹,귀헹
2308,귀싸대기,강행,광헹,귀강헹
2309,귀싸대기,강행,광헹,귀쌍헹
2310,귀싸대기,강행,귀헹,귀강헹
2311,귀싸대기,강행,귀헹,귀쌍헹
2312,귀싸대기,강행,귀강헹,귀쌍헹
2313,귀엣말,간행사,관헹사,귀헹사
2314,귀엣말,간행사,관헹사,귀엣사
2315,귀엣말,간행사,관헹사,귀엥사
2316,귀엣말,간행사,귄헹사,귀헹사
2317,귀엣말,간행사,귄헹사,귀엣사
2318,귀엣말,간행사,귄헹사,귀엥사
2319,귀엣말,간행사,귀헹사,귀엣사
2320,귀엣말,간행사,귀헹사,귀엥사
2321,귀엣말,간행사,귀엣사,귀엥사
2322,꼬챙이,가설,꼬설,꼬쳉설
2323,꼬챙이,가설,꼬설,꼬가설
2324,꼬챙이,가설,꼬설,꼬차설
2325,꼬챙이,가설,꼬설,꼬체설
2326,꼬챙이,가설,꼬쳉설,꼬가설
2327,꼬챙이,가설,꼬쳉설,꼬차설
2328,꼬챙이,가설,꼬쳉설,꼬체설
2329,꼬챙이,가설,꼬가설,꼬차설
2330,꼬챙이,가설,꼬가설,꼬체설
2331,공략,탯줄,공줄,곳줄
2332,공략,탯줄,공줄,고줄
2333,공략,탯줄,공줄,공럇줄
2334,공략,탯줄,공줄,공텟줄
2335,공략,탯줄,곳줄,고줄
2336,공략,탯줄,곳줄,공럇줄
2337,공략,탯줄,곳줄,공텟줄
2338,공략,탯줄,고줄,공럇줄
2339,공략,탯줄,고줄,공텟줄
2340,공략,탯줄,공럇줄,공텟줄
2341,굼벵이,갖신,굼신,궂신
2342,굼벵이,갖신,굼신,구신
2343,굼벵이,갖신,굼신,굼갖신
2344,굼벵이,갖신,굼신,굼벵신
2345,굼벵이,갖신,궂신,구신
2346,굼벵이,갖신,궂신,굼갖신
2347,굼벵이,갖신,궂신,굼벵신
2348,굼벵이,갖신,구신,굼갖신
2349,굼벵이,갖신,구신,굼벵신
2350,강골,고무줄,강무줄,강구줄
2351,강골,고무줄,강무줄,가무줄
2352,강골,고무줄,강무줄,강골줄
2353,강골,고무줄,강고줄,강구줄
2354,강골,고무줄,강고줄,가무줄
2355,강골,고무줄,강고줄,강골줄
2356,강골,고무줄,강구줄,가무줄
2357,강골,고무줄,강구줄,강골줄
2358,강골,고무줄,가무줄,강골줄
2359,뒤꽁무니,왼손,뒤손,뒤꽁손
2360,뒤꽁무니,왼손,뒤손,뒤꼰손
2361,뒤꽁무니,왼손,뒤손,뒤꼬손
2362,뒤꽁무니,왼손,뒤손,뒤꽁멘손
2363,뒤꽁무니,왼손,뒤꽁손,뒤꼰손
2364,뒤꽁무니,왼손,뒤꽁손,뒤꼬손
2365,뒤꽁무니,왼손,뒤꽁손,뒤꽁멘손
2366,뒤꽁무니,왼손,뒤꼰손,뒤꼬손
2367,뒤꽁무니,왼손,뒤꼰손,뒤꽁멘손
2368,뒤꽁무니,왼손,뒤꼬손,뒤꽁멘손
2369,간지럼,시스템,간지템,간즈템
2370,간지럼,시스템,간지템,가스템
2371,간지럼,시스템,간지템,가으템
2372,간지럼,시스템,간스템,간즈템
2373,간지럼,시스템,간스템,가스템
2374,간지럼,시스템,간스템,가으템
2375,간지럼,시스템,간즈템,가스템
2376,간지럼,시스템,간즈템,가으템
2377,간지럼,시스템,가스템,가으템
2378,띄어쓰기,겸허,띄엄허,띄어허
2379,띄어쓰기,겸허,띄엄허,띄어겸허
2380,띄어쓰기,겸허,띄엄허,띄어쎰허
2381,띄어쓰기,겸허,띄엄허,띄어씀허
2382,띄어쓰기,겸허,띄어허,띄어겸허
2383,띄어쓰기,겸허,띄어허,띄어쎰허
2384,띄어쓰기,겸허,띄어허,띄어씀허
2385,띄어쓰기,겸허,띄어겸허,띄어쎰허
2386,띄어쓰기,겸허,띄어겸허,띄어씀허
2387,띄어쓰기,겸허,띄어쎰허,띄어씀허
2388,엊저녁,가계,엊계,엊가계
2389,엊저녁,가계,엊계,엊저계
2390,엊저녁,가계,엊계,엊자계
2391,엊저녁,가계,엊계,엊저냐계
2392,엊저녁,가계,엊가계,엊자계
2393,엊저녁,가계,엊가계,엊저냐계
2394,엊저녁,가계,엊저계,엊자계
2395,엊저녁,가계,엊저계,엊저냐계
2396,엊저녁,가계,엊자계,엊저냐계
2397,비닐,샘플,빔플,비플
2398,비닐,샘플,빔플,비님플
2399,비닐,샘플,빔플,비셈플
2400,비닐,샘플,빔플,비넴플
2401,비닐,샘플,비플,비님플
2402,비닐,샘플,비플,비셈플
2403,비닐,샘플,비플,비넴플
2404,가입비,능욕,가욕,가입뵥
2405,가입비,능욕,가욕,가이욕
2406,가입비,능욕,가욕,가입비욕
2407,가입비,능욕,가입뵥,가이욕
2408,가입비,능욕,가입뵥,가입비욕
2409,가입비,능욕,가이욕,가입비욕
2410,거취,셔틀버스,거췰버스,거어틀버스
2411,거취,셔틀버스,거췰버스,거틀버스
2412,거취,셔틀버스,거췰버스,거츨버스
2413,거취,셔틀버스,거췰버스,거을버스
2414,거취,셔틀버스,거어틀버스,거틀버스
2415,거취,셔틀버스,거어틀버스,거츨버스
2416,거취,셔틀버스,거어틀버스,거을버스
2417,거취,셔틀버스,거틀버스,거츨버스
2418,거취,셔틀버스,거틀버스,거을버스
2419,거취,셔틀버스,거츨버스,거을버스
2420,낱권,최고급,낱궈급,낱고급
2421,낱권,최고급,낱궈급,낱권급
2422,낱권,최고급,낱궈급,나오급
2423,낱권,최고급,낱궈급,낱궈고급
2424,낱권,최고급,낱고급,낱권급
2425,낱권,최고급,낱고급,나오급
2426,낱권,최고급,낱고급,낱궈고급
2427,낱권,최고급,낱권급,나오급
2428,낱권,최고급,낱권급,낱궈고급
2429,낱권,최고급,나오급,낱궈고급
2430,고집불통,빗속,고집불속,고집붓속
2431,고집불통,빗속,고집불속,고집부속
2432,고집불통,빗속,고집불속,고집불빗속
2433,고집불통,빗속,고집빗속,고집붓속
2434,고집불통,빗속,고집빗속,고집부속
2435,고집불통,빗속,고집빗속,고집불빗속
2436,고집불통,빗속,고집붓속,고집부속
2437,고집불통,빗속,고집붓속,고집불빗속
2438,고집불통,빗속,고집부속,고집불빗속
2439,겉껍질,성의껏,겉껍껏,겉끠껏
2440,겉껍질,성의껏,겉껍껏,겉꺼껏
2441,겉껍질,성의껏,겉껍껏,거의껏
2442,겉껍질,성의껏,겉껍껏,겉껍지껏
2443,겉껍질,성의껏,겉끠껏,거의껏
2444,겉껍질,성의껏,겉끠껏,겉껍지껏
2445,겉껍질,성의껏,겉꺼껏,거의껏
2446,겉껍질,성의껏,겉꺼껏,겉껍지껏
2447,겉껍질,성의껏,거의껏,겉껍지껏
2448,커텐,각자,컥자,커자
2449,커텐,각자,컥자,커각자
2450,커텐,각자,컥자,커탁자
2451,커텐,각자,컥자,커텍자
2452,커텐,각자,커자,커각자
2453,커텐,각자,커자,커탁자
2454,커텐,각자,커자,커텍자
2455,커텐,각자,커각자,커탁자
2456,커텐,각자,커각자,커텍자
2457,경비실,싫증,경싫증,경빓증
2458,경비실,싫증,경싫증,경비증
2459,경비실,싫증,경싫증,경비싫증
2460,경비실,싫증,경싫증,경비시증
2461,경비실,싫증,경빓증,경비증
2462,경비실,싫증,경빓증,경비싫증
2463,경비실,싫증,경빓증,경비시증
2464,경비실,싫증,경비증,경비싫증
2465,경비실,싫증,경비증,경비시증
2466,경비실,싫증,경비싫증,경비시증
2467,하이픈,가슴팍,하슴팍,하임팍
2468,하이픈,가슴팍,하슴팍,하음팍
2469,하이픈,가슴팍,하슴팍,하이팍
2470,하이픈,가슴팍,하슴팍,하가슴팍
2471,하이픈,가슴팍,하임팍,하이팍
2472,하이픈,가슴팍,하임팍,하가슴팍
2473,하이픈,가슴팍,하음팍,하이팍
2474,하이픈,가슴팍,하음팍,하가슴팍
2475,하이픈,가슴팍,하이팍,하가슴팍
2476,즐거움,게맛살,즐맛살,즐갓살
2477,즐거움,게맛살,즐맛살,즐것살
2478,즐거움,게맛살,즐맛살,즐거살
2479,즐거움,게맛살,즐맛살,즈맛살
2480,즐거움,게맛살,즐갓살,즐거살
2481,즐거움,게맛살,즐갓살,즈맛살
2482,즐거움,게맛살,즐것살,즐거살
2483,즐거움,게맛살,즐것살,즈맛살
2484,즐거움,게맛살,즐거살,즈맛살
2485,셔틀콕,각자,셕자,셔자
2486,셔틀콕,각자,셕자,셔틀자
2487,셔틀콕,각자,셕자,셔각자
2488,셔틀콕,각자,샥자,셔자
2489,셔틀콕,각자,샥자,셔틀자
2490,셔틀콕,각자,샥자,셔각자
2491,셔틀콕,각자,셔자,셔틀자
2492,셔틀콕,각자,셔자,셔각자
2493,가욋돈,땟국,가웻국,가웨국
2494,가욋돈,땟국,가웻국,가웻돗국
2495,가욋돈,땟국,가웻국,가웻뎃국
2496,가욋돈,땟국,가뗏국,가웨국
2497,가욋돈,땟국,가뗏국,가웻돗국
2498,가욋돈,땟국,가뗏국,가웻뎃국
2499,가욋돈,땟국,가웨국,가웻돗국
2500,가욋돈,땟국,가웨국,가웻뎃국
2501,콤플렉스,스텐,콤텐,코텐
2502,콤플렉스,스텐,콤텐,콤플텐
2503,콤플렉스,스텐,콤텐,콤스텐
2504,콤플렉스,스텐,콤텐,콤프텐
2505,콤플렉스,스텐,코텐,콤플텐
2506,콤플렉스,스텐,코텐,콤스텐
2507,콤플렉스,스텐,코텐,콤프텐
2508,콤플렉스,스텐,콤플텐,콤스텐
2509,콤플렉스,스텐,콤플텐,콤프텐
2510,콤플렉스,스텐,콤스텐,콤프텐
2511,주머닛돈,광산촌,주머닛촌,주앙산촌
2512,주머닛돈,광산촌,주머닛촌,주머난촌
2513,주머닛돈,광산촌,주머닛촌,주머닌촌
2514,주머닛돈,광산촌,주머산촌,주앙산촌
2515,주머닛돈,광산촌,주머산촌,주머난촌
2516,주머닛돈,광산촌,주머산촌,주머닌촌
2517,낼모레,아침저녁,넬침저녁,넬밈저녁
2518,낼모레,아침저녁,넬침저녁,넬몸저녁
2519,낼모레,아침저녁,넬침저녁,네침저녁
2520,낼모레,아침저녁,넬침저녁,넬모저녁
2521,낼모레,아침저녁,넬밈저녁,네침저녁
2522,낼모레,아침저녁,넬밈저녁,넬모저녁
2523,낼모레,아침저녁,넬몸저녁,네침저녁
2524,낼모레,아침저녁,넬몸저녁,넬모저녁
2525,오줌소태,뺄셈,오줌셈,오줄셈
2526,오줌소태,뺄셈,오줌셈,오젤셈
2527,오줌소태,뺄셈,오줌셈,오주셈
2528,오줌소태,뺄셈,오줌셈,오줌셀셈
2529,오줌소태,뺄셈,오줄셈,오주셈
2530,오줌소태,뺄셈,오줄셈,오줌셀셈
2531,오줌소태,뺄셈,오젤셈,오주셈
2532,오줌소태,뺄셈,오젤셈,오줌셀셈
2533,오줌소태,뺄셈,오주셈,오줌셀셈
2534,잰걸음,맏형,젣형,제형
2535,잰걸음,맏형,젣형,젠걸형
2536,잰걸음,맏형,젣형,젠맏형
2537,잰걸음,맏형,젠형,제형
2538,잰걸음,맏형,젠형,젠걸형
2539,잰걸음,맏형,젠형,젠맏형
2540,잰걸음,맏형,제형,젠걸형
2541,잰걸음,맏형,제형,젠맏형
2542,볶음밥,데스크톱,보스크톱,보크톱
2543,볶음밥,데스크톱,보스크톱,볶스크톱
2544,볶음밥,데스크톱,보스크톱,보으크톱
2545,볶음밥,데스크톱,보스크톱,볶데스크톱
2546,볶음밥,데스크톱,보크톱,볶스크톱
2547,볶음밥,데스크톱,보크톱,보으크톱
2548,볶음밥,데스크톱,보크톱,볶데스크톱
2549,볶음밥,데스크톱,볶스크톱,보으크톱
2550,볶음밥,데스크톱,볶스크톱,볶데스크톱
2551,볶음밥,데스크톱,보으크톱,볶데스크톱
2552,파킨슨병,꽃상여,파킨셔,파킨슨벼
2553,파킨슨병,꽃상여,파킨셔,파킨스여
2554,파킨슨병,꽃상여,파킨셔,파키여
2555,파킨슨병,꽃상여,파킨셔,파켜
2556,파킨슨병,꽃상여,파킨슨벼,파킨스여
2557,파킨슨병,꽃상여,파킨슨벼,파키여
2558,파킨슨병,꽃상여,파킨슨벼,파켜
2559,파킨슨병,꽃상여,파킨스여,파키여
2560,파킨슨병,꽃상여,파킨스여,파켜
2561,파킨슨병,꽃상여,파키여,파켜
2562,대엿새,쫄면,델면,데면
2563,대엿새,쫄면,델면,데쫄면
2564,대엿새,쫄면,델면,데올면
2565,대엿새,쫄면,데면,데쫄면
2566,대엿새,쫄면,데면,데올면
2567,대엿새,쫄면,데쫄면,데올면
2568,경보음,헬스클럽,겨스클럽,경보으럽
2569,경보음,헬스클럽,겨스클럽,경보음럽
2570,경보음,헬스클럽,겨스클럽,경보으클럽
2571,경보음,헬스클럽,경보을럽,경보으럽
2572,경보음,헬스클럽,경보을럽,경보음럽
2573,경보음,헬스클럽,경보을럽,경보으클럽
2574,경보음,헬스클럽,경보으럽,경보음럽
2575,경보음,헬스클럽,경보으럽,경보으클럽
2576,경보음,헬스클럽,경보음럽,경보으클럽
2577,닭싸움,덕분,닭분,닥분
2578,닭싸움,덕분,닭분,다분
2579,닭싸움,덕분,닭분,닭덕분
2580,닭싸움,덕분,닭분,닭싹분
2581,닭싸움,덕분,닥분,다분
2582,닭싸움,덕분,닥분,닭덕분
2583,닭싸움,덕분,닥분,닭싹분
2584,닭싸움,덕분,다분,닭덕분
2585,닭싸움,덕분,다분,닭싹분
2586,닭싸움,덕분,닭덕분,닭싹분
2587,밀크셰이크,건설업,밀크섭,밀크업
2588,밀크셰이크,건설업,밀크섭,밀크셰업
2589,밀크셰이크,건설업,밀크섭,밀컵
2590,밀크셰이크,건설업,밀크섭,미업
2591,밀크셰이크,건설업,밀크업,밀크셰업
2592,밀크셰이크,건설업,밀크업,밀컵
2593,밀크셰이크,건설업,밀크업,미업
2594,밀크셰이크,건설업,밀크셰업,밀컵
2595,밀크셰이크,건설업,밀크셰업,미업
2596,밀크셰이크,건설업,밀컵,미업
2597,결함,걸레짝,결레짝,결헤짝
2598,결함,걸레짝,결레짝,결하짝
2599,결함,걸레짝,결레짝,겨레짝
2600,결함,걸레짝,결레짝,결함짝
2601,결함,걸레짝,결헤짝,겨레짝
2602,결함,걸레짝,결헤짝,결함짝
2603,결함,걸레짝,결하짝,겨레짝
2604,결함,걸레짝,결하짝,결함짝
2605,결함,걸레짝,겨레짝,결함짝
2606,채찍,배뇨,체뇨,체찌뇨
2607,채찍,배뇨,체뇨,체쩨뇨
2608,채찍,배뇨,체뇨,체베뇨
2609,채찍,배뇨,체뇨,체에뇨
2610,채찍,배뇨,체찌뇨,체에뇨
2611,채찍,배뇨,체쩨뇨,체에뇨
2612,채찍,배뇨,체베뇨,체에뇨
2613,혼쭐,비닐봉지,혼쭈봉지,혼쭐봉지
2614,혼쭐,비닐봉지,혼쭈봉지,혼닐봉지
2615,혼쭐,비닐봉지,혼쭈봉지,혼찔봉지
2616,혼쭐,비닐봉지,호닐봉지,혼쭐봉지
2617,혼쭐,비닐봉지,호닐봉지,혼닐봉지
2618,혼쭐,비닐봉지,호닐봉지,혼찔봉지
2619,혼쭐,비닐봉지,혼쭐봉지,혼닐봉지
2620,혼쭐,비닐봉지,혼쭐봉지,혼찔봉지
2621,혼쭐,비닐봉지,혼닐봉지,혼찔봉지
2622,구둣방,무좀,구좀,구둣좀
2623,구둣방,무좀,구좀,구무좀
2624,구둣방,무좀,구좀,구두좀
2625,구둣방,무좀,구좀,구우좀
2626,구둣방,무좀,구둣좀,구무좀
2627,구둣방,무좀,구둣좀,구두좀
2628,구둣방,무좀,구둣좀,구우좀
2629,구둣방,무좀,구무좀,구두좀
2630,구둣방,무좀,구무좀,구우좀
2631,구둣방,무좀,구두좀,구우좀
2632,깻잎,건군,껜군,께군
2633,깻잎,건군,껜군,껫건군
2634,깻잎,건군,껜군,께건군
2635,깻잎,건군,껫군,께군
2636,깻잎,건군,껫군,껫건군
2637,깻잎,건군,껫군,께건군
2638,깻잎,건군,께군,껫건군
2639,깻잎,건군,께군,께건군
2640,깻잎,건군,껫건군,께건군
2641,뒤웅박,레드카드,뒤드카드,뒤웅바드
2642,뒤웅박,레드카드,뒤드카드,뒈드카드
2643,뒤웅박,레드카드,뒤드카드,뒤웅박드
2644,뒤웅박,레드카드,뒤웅카드,뒤웅바드
2645,뒤웅박,레드카드,뒤웅카드,뒈드카드
2646,뒤웅박,레드카드,뒤웅카드,뒤웅박드
2647,뒤웅박,레드카드,뒤웅바드,뒤웅박드
2648,뒤웅박,레드카드,뒈드카드,뒤웅박드
2649,베짱이,맘속,베짱속,베짬속
2650,베짱이,맘속,베짱속,베짜속
2651,베짱이,맘속,베짱속,베짱맘속
2652,베짱이,맘속,베맘속,베짬속
2653,베짱이,맘속,베맘속,베짜속
2654,베짱이,맘속,베맘속,베짱맘속
2655,베짱이,맘속,베짬속,베짜속
2656,베짱이,맘속,베짬속,베짱맘속
2657,베짱이,맘속,베짜속,베짱맘속
2658,단순화,방어율,단순휼,단서율
2659,단순화,방어율,단순휼,단수율
2660,단순화,방어율,단순휼,다어율
2661,단순화,방어율,단순휼,단순허율
2662,단순화,방어율,단서율,다어율
2663,단순화,방어율,단서율,단순허율
2664,단순화,방어율,단수율,다어율
2665,단순화,방어율,단수율,단순허율
2666,단순화,방어율,다어율,단순허율
2667,가족적,구둣주걱,가족주걱,가좃주걱
2668,가족적,구둣주걱,가족주걱,가줏주걱
2669,가족적,구둣주걱,가족주걱,가족저걱
2670,가족적,구둣주걱,가둣주걱,가좃주걱
2671,가족적,구둣주걱,가둣주걱,가줏주걱
2672,가족적,구둣주걱,가둣주걱,가족저걱
2673,스웨덴,거위,스위,스거위
2674,스웨덴,거위,스위,스어위
2675,스웨덴,거위,스거위,스어위
2676,튀각,따로국밥,튀오국밥,튀가욱밥
2677,튀각,따로국밥,튀오국밥,튀로국밥
2678,튀각,따로국밥,튀오국밥,튀고국밥
2679,튀각,따로국밥,튀오국밥,튀가국밥
2680,튀각,따로국밥,튀가욱밥,튀로국밥
2681,튀각,따로국밥,튀가욱밥,튀고국밥
2682,튀각,따로국밥,튀가욱밥,튀가국밥
2683,튀각,따로국밥,튀로국밥,튀고국밥
2684,튀각,따로국밥,튀로국밥,튀가국밥
2685,긍휼,육즙,긍즙,극즙
2686,긍휼,육즙,긍즙,그즙
2687,긍휼,육즙,긍즙,긍휵즙
2688,긍휼,육즙,긍즙,긍훅즙
2689,긍휼,육즙,극즙,그즙
2690,긍휼,육즙,극즙,긍휵즙
2691,긍휼,육즙,극즙,긍훅즙
2692,긍휼,육즙,그즙,긍휵즙
2693,긍휼,육즙,그즙,긍훅즙
2694,긍휼,육즙,긍휵즙,긍훅즙
2695,고군분투,간헐적,곤헐적,고헐적
2696,고군분투,간헐적,곤헐적,고걸적
2697,고군분투,간헐적,곤헐적,고굴적
2698,고군분투,간헐적,곤헐적,고군적
2699,고군분투,간헐적,고헐적,고걸적
2700,고군분투,간헐적,고헐적,고굴적
2701,고군분투,간헐적,고헐적,고군적
2702,고군분투,간헐적,고걸적,고군적
2703,고군분투,간헐적,고굴적,고군적
2704,니켈,고혈압,니케압,니캅
2705,니켈,고혈압,니케압,니압
2706,니켈,고혈압,니캅,니압
2707,뱁새,옐로카드,벨로카드,벱소카드
2708,뱁새,옐로카드,벨로카드,베로카드
2709,뱁새,옐로카드,벨로카드,베오카드
2710,뱁새,옐로카드,벱로카드,벱소카드
2711,뱁새,옐로카드,벱로카드,베로카드
2712,뱁새,옐로카드,벱로카드,베오카드
2713,뱁새,옐로카드,벱소카드,베로카드
2714,뱁새,옐로카드,벱소카드,베오카드
2715,뱁새,옐로카드,베로카드,베오카드
2716,다듬이,깊이,다디,다이
2717,다듬이,깊이,다디,다드이
2718,다듬이,깊이,다이,다드이
2719,미네랄,늦잠꾸러기,밎잠꾸러기,미잠꾸러기
2720,미네랄,늦잠꾸러기,밎잠꾸러기,미남꾸러기
2721,미네랄,늦잠꾸러기,밎잠꾸러기,미넴꾸러기
2722,미네랄,늦잠꾸러기,밎잠꾸러기,미네꾸러기
2723,미네랄,늦잠꾸러기,미잠꾸러기,미남꾸러기
2724,미네랄,늦잠꾸러기,미잠꾸러기,미넴꾸러기
2725,미네랄,늦잠꾸러기,미잠꾸러기,미네꾸러기
2726,미네랄,늦잠꾸러기,미남꾸러기,미네꾸러기
2727,미네랄,늦잠꾸러기,미넴꾸러기,미네꾸러기
2728,배짱,감소,벰소,베소
2729,배짱,감소,벰소,베감소
2730,배짱,감소,벰소,베짬소
2731,배짱,감소,벰소,베암소
2732,배짱,감소,베소,베감소
2733,배짱,감소,베소,베짬소
2734,배짱,감소,베소,베암소
2735,배짱,감소,베감소,베짬소
2736,배짱,감소,베감소,베암소
2737,배짱,감소,베짬소,베암소
2738,규격,샴페인,귬페인,규페인
2739,규격,샴페인,귬페인,규게인
2740,규격,샴페인,귬페인,규에인
2741,규격,샴페인,걈페인,규페인
2742,규격,샴페인,걈페인,규게인
2743,규격,샴페인,걈페인,규에인
2744,규격,샴페인,규페인,규게인
2745,규격,샴페인,규페인,규에인
2746,규격,샴페인,규게인,규에인
2747,딜러,밥솥,딜솥,딥솥
2748,딜러,밥솥,딜솥,디솥
2749,딜러,밥솥,딜솥,딜밥솥
2750,딜러,밥솥,딜솥,딜랍솥
2751,딜러,밥솥,딥솥,디솥
2752,딜러,밥솥,딥솥,딜밥솥
2753,딜러,밥솥,딥솥,딜랍솥
2754,딜러,밥솥,디솥,딜밥솥
2755,딜러,밥솥,디솥,딜랍솥
2756,딜러,밥솥,딜밥솥,딜랍솥
2757,가시덤불,능지처참,가시덤참,강지처참
2758,가시덤불,능지처참,가시덤참,가시처참
2759,가시덤불,능지처참,가시덤참,가지처참
2760,가시덤불,능지처참,가시덤참,가시더참
2761,가시덤불,능지처참,강지처참,가시처참
2762,가시덤불,능지처참,강지처참,가지처참
2763,가시덤불,능지처참,강지처참,가시더참
2764,가시덤불,능지처참,가시처참,가시더참
2765,가시덤불,능지처참,가지처참,가시더참
2766,기억,곰팡내,김팡네,기팡네
2767,기억,곰팡내,김팡네,기앙네
2768,기억,곰팡내,김팡네,기엉네
2769,기억,곰팡내,김팡네,기어네
2770,기억,곰팡내,기팡네,기앙네
2771,기억,곰팡내,기팡네,기엉네
2772,기억,곰팡내,기팡네,기어네
2773,기억,곰팡내,기앙네,기어네
2774,기억,곰팡내,기엉네,기어네
2775,고주망태,닭싸움,곩싸움,고싸움
2776,고주망태,닭싸움,곩싸움,고주움
2777,고주망태,닭싸움,곩싸움,고자움
2778,고주망태,닭싸움,고주뭄,고싸움
2779,고주망태,닭싸움,고주뭄,고주움
2780,고주망태,닭싸움,고주뭄,고자움
2781,고주망태,닭싸움,고싸움,고자움
2782,고주망태,닭싸움,고주움,고자움
2783,배드민턴,무분별,베드분별,베두분별
2784,배드민턴,무분별,베드분별,베드문별
2785,배드민턴,무분별,베드민별,베두분별
2786,배드민턴,무분별,베드민별,베드문별
2787,배드민턴,무분별,베무분별,베두분별
2788,배드민턴,무분별,베무분별,베드문별
2789,긍정적,멜라닌,긍정닌,긍라닌
2790,긍정적,멜라닌,긍정닌,긍자닌
2791,긍정적,멜라닌,긍정닌,긍저닌
2792,긍정적,멜라닌,긍정닌,글라닌
2793,긍정적,멜라닌,긍라닌,긍자닌
2794,긍정적,멜라닌,긍라닌,긍저닌
2795,긍정적,멜라닌,긍라닌,글라닌
2796,오지랖,갈등,오잘등,오지등
2797,오지랖,갈등,오잘등,오지갈등
2798,오지랖,갈등,오잘등,오지랄등
2799,오지랖,갈등,오질등,오지등
2800,오지랖,갈등,오질등,오지갈등
2801,오지랖,갈등,오질등,오지랄등
2802,오지랖,갈등,오지등,오지갈등
2803,오지랖,갈등,오지등,오지랄등
2804,오지랖,갈등,오지갈등,오지랄등
2805,냅킨,가슴팍,넵슴팍,넵큼팍
2806,냅킨,가슴팍,넵슴팍,넵킴팍
2807,냅킨,가슴팍,넵슴팍,네슴팍
2808,냅킨,가슴팍,넵슴팍,넵키팍
2809,냅킨,가슴팍,넵큼팍,네슴팍
2810,냅킨,가슴팍,넵큼팍,넵키팍
2811,냅킨,가슴팍,넵킴팍,네슴팍
2812,냅킨,가슴팍,넵킴팍,넵키팍
2813,냅킨,가슴팍,네슴팍,넵키팍
2814,첨단,갈바람,첨바람,철바람
2815,첨단,갈바람,첨바람,첨다람
2816,첨단,갈바람,첨바람,첨단람
2817,첨단,갈바람,첨바람,처아람
2818,첨단,갈바람,철바람,첨단람
2819,첨단,갈바람,철바람,처아람
2820,첨단,갈바람,첨다람,첨단람
2821,첨단,갈바람,첨다람,처아람
2822,첨단,갈바람,첨단람,처아람
2823,흠모,해킹,흠킹,흐킹
2824,흠모,해킹,흠킹,흠헤킹
2825,흠모,해킹,흠킹,흠메킹
2826,흠모,해킹,흠킹,흐헤킹
2827,흠모,해킹,흐킹,흠헤킹
2828,흠모,해킹,흐킹,흠메킹
2829,흠모,해킹,흐킹,흐헤킹
2830,흠모,해킹,흠헤킹,흐헤킹
2831,흠모,해킹,흠메킹,흐헤킹
2832,웬일,밉상,웬상,웹상
2833,웬일,밉상,웬상,웨상
2834,웬일,밉상,웬상,웬밉상
2835,웬일,밉상,웬상,웨밉상
2836,웬일,밉상,웹상,웨상
2837,웬일,밉상,웹상,웬밉상
2838,웬일,밉상,웹상,웨밉상
2839,웬일,밉상,웨상,웬밉상
2840,웬일,밉상,웨상,웨밉상
2841,웬일,밉상,웬밉상,웨밉상
2842,제육볶음,대피소,제육소,제피소
2843,제육볶음,대피소,제육소,제유소
2844,제육볶음,대피소,제육소,제이소
2845,제육볶음,대피소,제육소,제육볶소
2846,제육볶음,대피소,제피소,제유소
2847,제육볶음,대피소,제피소,제이소
2848,제육볶음,대피소,제피소,제육볶소
2849,제육볶음,대피소,제유소,제이소
2850,제육볶음,대피소,제유소,제육볶소
2851,제육볶음,대피소,제이소,제육볶소
2852,열흘,닻줄,열줄,옃줄
2853,열흘,닻줄,열줄,열흘줄
2854,열흘,닻줄,열줄,여줄
2855,열흘,닻줄,열줄,열닻줄
2856,열흘,닻줄,옃줄,열흘줄
2857,열흘,닻줄,옃줄,여줄
2858,열흘,닻줄,옃줄,열닻줄
2859,열흘,닻줄,열흘줄,여줄
2860,열흘,닻줄,열흘줄,열닻줄
2861,열흘,닻줄,여줄,열닻줄
2862,베이킹파우더,긍정문,벵정문,베이정문
2863,베이킹파우더,긍정문,벵정문,베이킹문
2864,베이킹파우더,긍정문,벵정문,베이컹문
2865,베이킹파우더,긍정문,벵정문,베이긍정문
2866,베이킹파우더,긍정문,베이정문,베이컹문
2867,베이킹파우더,긍정문,베이정문,베이긍정문
2868,베이킹파우더,긍정문,베이킹문,베이컹문
2869,베이킹파우더,긍정문,베이킹문,베이긍정문
2870,베이킹파우더,긍정문,베이컹문,베이긍정문
2871,결승점,쬐끔,결승끔,결승점끔
2872,결승점,쬐끔,결승끔,결스에끔
2873,결승점,쬐끔,결승끔,결끔
2874,결승점,쬐끔,결승끔,겨끔
2875,결승점,쬐끔,결승점끔,결스에끔
2876,결승점,쬐끔,결승점끔,결끔
2877,결승점,쬐끔,결승점끔,겨끔
2878,결승점,쬐끔,결스에끔,결끔
2879,결승점,쬐끔,결스에끔,겨끔
2880,결승점,쬐끔,결끔,겨끔
2881,반송,앉은키,반슨키,반소키
2882,반송,앉은키,반슨키,반송키
2883,반송,앉은키,반슨키,바은키
2884,반송,앉은키,반손키,반소키
2885,반송,앉은키,반손키,반송키
2886,반송,앉은키,반손키,바은키
2887,반송,앉은키,반소키,반송키
2888,반송,앉은키,반소키,바은키
2889,반송,앉은키,반송키,바은키
2890,안녕,빨랫감,안녓감,안렛감
2891,안녕,빨랫감,안녓감,안녀감
2892,안녕,빨랫감,안녓감,안넷감
2893,안녕,빨랫감,안녓감,안녕감
2894,안녕,빨랫감,안렛감,안녕감
2895,안녕,빨랫감,안녀감,안녕감
2896,안녕,빨랫감,안넷감,안녕감
2897,새털,튀각,세각,세튀각
2898,새털,튀각,세각,세티각
2899,새털,튀각,세각,세터각
2900,새털,튀각,세각,세위각
2901,새털,튀각,세튀각,세티각
2902,새털,튀각,세튀각,세터각
2903,새털,튀각,세튀각,세위각
2904,팽이,가상도,페상도,펭상도
2905,팽이,가상도,페상도,페앙도
2906,팽이,가상도,페상도,펭가상도
2907,팽이,가상도,페상도,페가상도
2908,팽이,가상도,펭상도,페앙도
2909,팽이,가상도,펭상도,펭가상도
2910,팽이,가상도,펭상도,페가상도
2911,팽이,가상도,페앙도,펭가상도
2912,팽이,가상도,페앙도,페가상도
2913,팽이,가상도,펭가상도,페가상도
2914,기술,앨범,길범,기범
2915,기술,앨범,길범,기술범
2916,기술,앨범,길범,기셀범
2917,기술,앨범,길범,기수범
2918,기술,앨범,기범,기술범
2919,기술,앨범,기범,기셀범
2920,기술,앨범,기범,기수범
2921,기술,앨범,기술범,기셀범
2922,기술,앨범,기술범,기수범
2923,기술,앨범,기셀범,기수범
2924,구독료,꺾쇠표,구독표,구데표
2925,구독료,꺾쇠표,구독표,구도표
2926,구독료,꺾쇠표,구독표,구에표
2927,구독료,꺾쇠표,구독표,구독레표
2928,구독료,꺾쇠표,구데표,구에표
2929,구독료,꺾쇠표,구데표,구독레표
2930,구독료,꺾쇠표,구도표,구에표
2931,구독료,꺾쇠표,구도표,구독레표
2932,구독료,꺾쇠표,구에표,구독레표
2933,상아탑,가오리,사오리,상가오리
2934,상아탑,가오리,사오리,사가오리
2935,상아탑,가오리,사오리,사아오리
2936,상아탑,가오리,사오리,상리
2937,상아탑,가오리,상가오리,사가오리
2938,상아탑,가오리,상가오리,사아오리
2939,상아탑,가오리,상가오리,상리
2940,상아탑,가오리,사가오리,사아오리
2941,상아탑,가오리,사가오리,상리
2942,상아탑,가오리,사아오리,상리
2943,펴낸이,바캉스,펴캉스,펴낭스
2944,펴낸이,바캉스,펴캉스,퍄캉스
2945,펴낸이,바캉스,펴캉스,펴넨스
2946,펴낸이,바캉스,펴캉스,펴넹스
2947,핫팬츠,곗날,핫날,핫곗날
2948,핫팬츠,곗날,핫날,핫펫날
2949,핫팬츠,곗날,핫날,핫폣날
2950,핫팬츠,곗날,핫날,핫펜날
2951,핫팬츠,곗날,핫곗날,핫펫날
2952,핫팬츠,곗날,핫곗날,핫폣날
2953,핫팬츠,곗날,핫곗날,핫펜날
2954,개소주,올챙이,게소지,게소이
2955,개소주,올챙이,게소지,게소주이
2956,개소주,올챙이,게소지,게시
2957,개소주,올챙이,게소지,게이
2958,개소주,올챙이,게소이,게소주이
2959,개소주,올챙이,게소이,게시
2960,개소주,올챙이,게소이,게이
2961,개소주,올챙이,게소주이,게시
2962,개소주,올챙이,게소주이,게이
2963,개소주,올챙이,게시,게이
2964,빙수,스웨덴어,빙수어,빙서
2965,빙수,스웨덴어,빙수어,비어
2966,빙수,스웨덴어,빙서,비어
2967,극좌,폴더,극더,글더
2968,극좌,폴더,극더,그더
2969,극좌,폴더,극더,극폴더
2970,극좌,폴더,극더,극졸더
2971,극좌,폴더,글더,그더
2972,극좌,폴더,글더,극폴더
2973,극좌,폴더,글더,극졸더
2974,극좌,폴더,그더,극폴더
2975,극좌,폴더,그더,극졸더
2976,극좌,폴더,극폴더,극졸더
2977,단것,결산서,다얼산서,단산서
2978,단것,결산서,다얼산서,달산서
2979,단것,결산서,다얼산서,단건서
2980,단것,결산서,단거안서,단산서
2981,단것,결산서,단거안서,달산서
2982,단것,결산서,단거안서,단건서
2983,단것,결산서,단산서,달산서
2984,단것,결산서,단산서,단건서
2985,발효,저쯤,발쯤,바쯤
2986,발효,저쯤,발쯤,발혀쯤
2987,발효,저쯤,발쯤,발저쯤
2988,발효,저쯤,발쯤,발허쯤
2989,발효,저쯤,바쯤,발혀쯤
2990,발효,저쯤,바쯤,발저쯤
2991,발효,저쯤,바쯤,발허쯤
2992,발효,저쯤,발혀쯤,발저쯤
2993,발효,저쯤,발혀쯤,발허쯤
2994,발효,저쯤,발저쯤,발허쯤
2995,근처,삐삐,근삐,그삐
2996,근처,삐삐,근삐,근삐삐
2997,근처,삐삐,근삐,근치삐
2998,근처,삐삐,근삐,그삐삐
2999,근처,삐삐,그삐,근삐삐
3000,근처,삐삐,그삐,근치삐
3001,근처,삐삐,그삐,그삐삐
3002,근처,삐삐,근삐삐,근치삐
3003,근처,삐삐,근삐삐,그삐삐
3004,근처,삐삐,근치삐,그삐삐
3005,뒤치다꺼리,팜플렛,뒤치달렛,뒤치다렛
3006,뒤치다꺼리,팜플렛,뒤치달렛,뒤치팜플렛
3007,뒤치다꺼리,팜플렛,뒤치달렛,뒤치담플렛
3008,뒤치다꺼리,팜플렛,뒤치달렛,뒤치다플렛
3009,뒤치다꺼리,팜플렛,뒤치다렛,뒤치팜플렛
3010,뒤치다꺼리,팜플렛,뒤치다렛,뒤치담플렛
3011,뒤치다꺼리,팜플렛,뒤치다렛,뒤치다플렛
3012,뒤치다꺼리,팜플렛,뒤치팜플렛,뒤치담플렛
3013,뒤치다꺼리,팜플렛,뒤치팜플렛,뒤치다플렛
3014,뒤치다꺼리,팜플렛,뒤치담플렛,뒤치다플렛
3015,달팽이관,등딱지,달딱지,달팍지
3016,달팽이관,등딱지,달딱지,달펙지
3017,달팽이관,등딱지,달딱지,당딱지
3018,달팽이관,등딱지,달딱지,달펭지
3019,달팽이관,등딱지,달팍지,달펭지
3020,달팽이관,등딱지,달펙지,달펭지
3021,달팽이관,등딱지,당딱지,달펭지
3022,각방,똥개,각게,강게
3023,각방,똥개,각게,가게
3024,각방,똥개,각게,각방게
3025,각방,똥개,각게,각똥게
3026,각방,똥개,강게,가게
3027,각방,똥개,강게,각방게
3028,각방,똥개,강게,각똥게
3029,각방,똥개,가게,각방게
3030,각방,똥개,가게,각똥게
3031,각방,똥개,각방게,각똥게
3032,샹송,헬리콥터,샹리콥터,샹시콥터
3033,샹송,헬리콥터,샹리콥터,샹소콥터
3034,샹송,헬리콥터,샹리콥터,샬리콥터
3035,샹송,헬리콥터,샹리콥터,샤리콥터
3036,샹송,헬리콥터,샹시콥터,샤리콥터
3037,샹송,헬리콥터,샹소콥터,샤리콥터
3038,샹송,헬리콥터,샬리콥터,샤리콥터
3039,얼간이,엠시,얼가시,얼시
3040,얼간이,엠시,얼가시,얼간시
3041,얼간이,엠시,얼가시,얼감시
3042,얼간이,엠시,얼가시,얼겜시
3043,얼간이,엠시,얼시,얼간시
3044,얼간이,엠시,얼시,얼감시
3045,얼간이,엠시,얼시,얼겜시
3046,얼간이,엠시,얼간시,얼감시
3047,얼간이,엠시,얼간시,얼겜시
3048,각축장,깽판,각축판,각껭판
3049,각축장,깽판,각축판,각쳉판
3050,각축장,깽판,각축판,각충판
3051,각축장,깽판,각축판,각축장판
3052,각축장,깽판,각껭판,각축장판
3053,각축장,깽판,각쳉판,각축장판
3054,각축장,깽판,각충판,각축장판
3055,둔치,찜질,둔질,둠질
3056,둔치,찜질,둔질,둔침질
3057,둔치,찜질,둔질,둔찜질
3058,둔치,찜질,둔질,둔치질
3059,둔치,찜질,둠질,둔침질
3060,둔치,찜질,둠질,둔찜질
3061,둔치,찜질,둠질,둔치질
3062,둔치,찜질,둔침질,둔찜질
3063,둔치,찜질,둔침질,둔치질
3064,둔치,찜질,둔찜질,둔치질
3065,텐트,격려사,텐려사,텍려사
3066,텐트,격려사,텐려사,텐텨사
3067,텐트,격려사,텐려사,텐터사
3068,텐트,격려사,텐려사,테려사
3069,텐트,격려사,텍려사,텐터사
3070,텐트,격려사,텍려사,테려사
3071,텐트,격려사,텐텨사,텐터사
3072,텐트,격려사,텐텨사,테려사
3073,띄어쓰기,도롱뇽,띄롱뇽,띄옹뇽
3074,띄어쓰기,도롱뇽,띄롱뇽,띄엉뇽
3075,띄어쓰기,도롱뇽,띄롱뇽,띄어뇽
3076,띄어쓰기,도롱뇽,띄롱뇽,띄도롱뇽
3077,띄어쓰기,도롱뇽,띄옹뇽,띄어뇽
3078,띄어쓰기,도롱뇽,띄옹뇽,띄도롱뇽
3079,띄어쓰기,도롱뇽,띄엉뇽,띄어뇽
3080,띄어쓰기,도롱뇽,띄엉뇽,띄도롱뇽
3081,띄어쓰기,도롱뇽,띄어뇽,띄도롱뇽
3082,경비실,구태,경테,규테
3083,경비실,구태,경테,겨테
3084,경비실,구태,경테,경구테
3085,경비실,구태,경테,경비테
3086,경비실,구태,규테,경구테
3087,경비실,구태,규테,경비테
3088,경비실,구태,겨테,경구테
3089,경비실,구태,겨테,경비테
3090,헬멧,모빌,헬빌,헤빌
3091,헬멧,모빌,헬빌,헬모빌
3092,헬멧,모빌,헬빌,헬메빌
3093,헬멧,모빌,헬빌,헤모빌
3094,헬멧,모빌,헤빌,헬모빌
3095,헬멧,모빌,헤빌,헬메빌
3096,헬멧,모빌,헤빌,헤모빌
3097,헬멧,모빌,헬모빌,헬메빌
3098,헬멧,모빌,헬모빌,헤모빌
3099,헬멧,모빌,헬메빌,헤모빌
3100,낚싯대,멋쟁이,낚싯디,낚시이
3101,낚싯대,멋쟁이,낚싯디,낚시
3102,낚싯대,멋쟁이,낚싯디,낚싯데이
3103,낚싯대,멋쟁이,낚싯디,나이
3104,낚싯대,멋쟁이,낚시이,낚시
3105,낚싯대,멋쟁이,낚시이,낚싯데이
3106,낚싯대,멋쟁이,낚시이,나이
3107,낚싯대,멋쟁이,낚시,나이
3108,낚싯대,멋쟁이,낚싯데이,나이
3109,각뿔,몸뻬,각뻬,감뻬
3110,각뿔,몸뻬,각뻬,각뽐뻬
3111,각뿔,몸뻬,각뻬,각뿜뻬
3112,각뿔,몸뻬,각뻬,각뿌뻬
3113,각뿔,몸뻬,감뻬,각뽐뻬
3114,각뿔,몸뻬,감뻬,각뿜뻬
3115,각뿔,몸뻬,감뻬,각뿌뻬
3116,각뿔,몸뻬,각뽐뻬,각뿌뻬
3117,각뿔,몸뻬,각뿜뻬,각뿌뻬
3118,견학,뾰루지,견루지,견후지
3119,견학,뾰루지,견루지,견하지
3120,견학,뾰루지,견루지,견학지
3121,견학,뾰루지,견루지,겨루지
3122,견학,뾰루지,견후지,견학지
3123,견학,뾰루지,견후지,겨루지
3124,견학,뾰루지,견하지,견학지
3125,견학,뾰루지,견하지,겨루지
3126,견학,뾰루지,견학지,겨루지
3127,송곳,곗돈,송돈,솟돈
3128,송곳,곗돈,송돈,송곳돈
3129,송곳,곗돈,송돈,송고돈
3130,송곳,곗돈,송돈,송고곗돈
3131,송곳,곗돈,솟돈,송곳돈
3132,송곳,곗돈,솟돈,송고돈
3133,송곳,곗돈,솟돈,송고곗돈
3134,송곳,곗돈,송곳돈,송고돈
3135,송곳,곗돈,송곳돈,송고곗돈
3136,송곳,곗돈,송고돈,송고곗돈
3137,구내매점,커텐,구텐,구네텐
3138,구내매점,커텐,구텐,구네커텐
3139,구내매점,커텐,구텐,구네머텐
3140,구내매점,커텐,구텐,구네메텐
3141,구내매점,커텐,구네텐,구네커텐
3142,구내매점,커텐,구네텐,구네머텐
3143,구내매점,커텐,구네텐,구네메텐
3144,구내매점,커텐,구네커텐,구네머텐
3145,구내매점,커텐,구네커텐,구네메텐
3146,결단력,홀쭉이,결단리,결다이
3147,결단력,홀쭉이,결단리,결디
3148,결단력,홀쭉이,결단리,겨이
3149,결단력,홀쭉이,결다이,결디
3150,결단력,홀쭉이,결다이,겨이
3151,결단력,홀쭉이,결디,겨이
3152,흠모,뉘앙스,흠망스,흐앙스
3153,흠모,뉘앙스,흠망스,흠모스
3154,흠모,뉘앙스,흠망스,흠몽스
3155,흠모,뉘앙스,흠망스,흠뉘앙스
3156,흠모,뉘앙스,흐앙스,흠모스
3157,흠모,뉘앙스,흐앙스,흠몽스
3158,흠모,뉘앙스,흐앙스,흠뉘앙스
3159,흠모,뉘앙스,흠모스,흠몽스
3160,흠모,뉘앙스,흠모스,흠뉘앙스
3161,흠모,뉘앙스,흠몽스,흠뉘앙스
3162,다툼,잿밥,닷밥,다밥
3163,다툼,잿밥,닷밥,다젯밥
3164,다툼,잿밥,닷밥,다텟밥
3165,다툼,잿밥,닷밥,다툿밥
3166,다툼,잿밥,다밥,다젯밥
3167,다툼,잿밥,다밥,다텟밥
3168,다툼,잿밥,다밥,다툿밥
3169,캡슐,가정주부,켑셩주부,켑정주부
3170,캡슐,가정주부,켑셩주부,켑슈주부
3171,캡슐,가정주부,켑셩주부,켑성주부
3172,캡슐,가정주부,켑슝주부,켑정주부
3173,캡슐,가정주부,켑슝주부,켑슈주부
3174,캡슐,가정주부,켑슝주부,켑성주부
3175,캡슐,가정주부,켑정주부,켑슈주부
3176,캡슐,가정주부,켑정주부,켑성주부
3177,푸념,램프,품프,푸프
3178,푸념,램프,품프,푸념프
3179,푸념,램프,품프,푸넴프
3180,푸념,램프,품프,푸렘프
3181,푸념,램프,푸프,푸념프
3182,푸념,램프,푸프,푸넴프
3183,푸념,램프,푸프,푸렘프
3184,푸념,램프,푸념프,푸넴프
3185,푸념,램프,푸념프,푸렘프
3186,맺음말,득점,멪점,메점
3187,맺음말,득점,멪점,멪득점
3188,맺음말,득점,멪점,메득점
3189,맺음말,득점,멕점,메점
3190,맺음말,득점,멕점,멪득점
3191,맺음말,득점,멕점,메득점
3192,맺음말,득점,메점,멪득점
3193,맺음말,득점,메점,메득점
3194,맺음말,득점,멪득점,메득점
3195,젓가락질,셋방,젓방,젓셋방
3196,젓가락질,셋방,젓방,젓겟방
3197,젓가락질,셋방,젓방,젓갓방
3198,젓가락질,셋방,젓방,젓가방
3199,젓가락질,셋방,젓셋방,젓겟방
3200,젓가락질,셋방,젓셋방,젓갓방
3201,젓가락질,셋방,젓셋방,젓가방
3202,젓가락질,셋방,젓겟방,젓갓방
3203,젓가락질,셋방,젓겟방,젓가방
3204,젓가락질,셋방,젓갓방,젓가방
3205,경향,호르몬,경르몬,경흐몬
3206,경향,호르몬,경르몬,교르몬
3207,경향,호르몬,경르몬,겨르몬
3208,경향,호르몬,경르몬,겨으몬
3209,경향,호르몬,경흐몬,교르몬
3210,경향,호르몬,경흐몬,겨르몬
3211,경향,호르몬,경흐몬,겨으몬
3212,경향,호르몬,교르몬,겨으몬
3213,경향,호르몬,겨르몬,겨으몬
3214,감청,고령자,감령자,감쳥자
3215,감청,고령자,감령자,감청자
3216,감청,고령자,감령자,가령자
3217,감청,고령자,감령자,가영자
3218,감청,고령자,감쳥자,감청자
3219,감청,고령자,감쳥자,가령자
3220,감청,고령자,감쳥자,가영자
3221,감청,고령자,감청자,가령자
3222,감청,고령자,감청자,가영자
3223,감청,고령자,가령자,가영자
3224,구두코,힘겨루기,굼겨루기,구우기
3225,구두코,힘겨루기,굼겨루기,구겨루기
3226,구두코,힘겨루기,굼겨루기,구뎌루기
3227,구두코,힘겨루기,굼겨루기,구두루기
3228,구두코,힘겨루기,구우기,구겨루기
3229,구두코,힘겨루기,구우기,구뎌루기
3230,구두코,힘겨루기,구우기,구두루기
3231,구두코,힘겨루기,구겨루기,구뎌루기
3232,구두코,힘겨루기,구겨루기,구두루기
3233,구두코,힘겨루기,구뎌루기,구두루기
3234,고무줄놀이,발췌,고무줄발췌,고무줄날췌
3235,고무줄놀이,발췌,고무줄발췌,고무줄놀발췌
3236,고무줄놀이,발췌,고무줄발췌,골췌
3237,고무줄놀이,발췌,고무줄놀췌,고무줄날췌
3238,고무줄놀이,발췌,고무줄놀췌,고무줄놀발췌
3239,고무줄놀이,발췌,고무줄놀췌,골췌
3240,고무줄놀이,발췌,고무줄날췌,고무줄놀발췌
3241,고무줄놀이,발췌,고무줄날췌,골췌
3242,고무줄놀이,발췌,고무줄놀발췌,골췌
3243,국내외,가을보리,국늘보리,국네보리
3244,국내외,가을보리,국늘보리,구을보리
3245,국내외,가을보리,국늘보리,국네오리
3246,국내외,가을보리,국넬보리,국네보리
3247,국내외,가을보리,국넬보리,구을보리
3248,국내외,가을보리,국넬보리,국네오리
3249,국내외,가을보리,국네보리,구을보리
3250,국내외,가을보리,국네보리,국네오리
3251,국내외,가을보리,구을보리,국네오리
3252,굵기,용솟음,굵기음,굵금
3253,굵기,용솟음,굵기음,구음
3254,굵기,용솟음,굵금,구음
3255,햄버거,헛것,헷것,헤것
3256,햄버거,헛것,헷것,헴헛것
3257,햄버거,헛것,헷것,헴버것
3258,햄버거,헛것,헴것,헤것
3259,햄버거,헛것,헴것,헴헛것
3260,햄버거,헛것,헴것,헴버것
3261,햄버거,헛것,헤것,헴헛것
3262,햄버거,헛것,헤것,헴버것
3263,게으름뱅이,곶감,겢감,게감
3264,게으름뱅이,곶감,겢감,게곶감
3265,게으름뱅이,곶감,겢감,게옺감
3266,게으름뱅이,곶감,겢감,게읒감
3267,게으름뱅이,곶감,게감,게곶감
3268,게으름뱅이,곶감,게감,게옺감
3269,게으름뱅이,곶감,게감,게읒감
3270,게으름뱅이,곶감,게곶감,게옺감
3271,게으름뱅이,곶감,게곶감,게읒감
3272,무호흡,격변기,묵변기,무변기
3273,무호흡,격변기,묵변기,무현기
3274,무호흡,격변기,묵변기,무헌기
3275,무호흡,격변기,묵변기,무혼기
3276,무호흡,격변기,무변기,무현기
3277,무호흡,격변기,무변기,무헌기
3278,무호흡,격변기,무변기,무혼기
3279,무호흡,격변기,무현기,무헌기
3280,무호흡,격변기,무현기,무혼기
3281,고명,고딕체,고멱체,고며체
3282,고명,고딕체,고멱체,고믹체
3283,고명,고딕체,고멱체,고명체
3284,고명,고딕체,고멱체,고익체
3285,고명,고딕체,고며체,고명체
3286,고명,고딕체,고며체,고익체
3287,고명,고딕체,고믹체,고명체
3288,고명,고딕체,고믹체,고익체
3289,고명,고딕체,고명체,고익체
3290,과일즙,뾰루지,과일지,과일즈지
3291,과일즙,뾰루지,과일지,과일주지
3292,과일즙,뾰루지,과일지,과일즙지
3293,과일즙,뾰루지,과루지,과일즈지
3294,과일즙,뾰루지,과루지,과일주지
3295,과일즙,뾰루지,과루지,과일즙지
3296,과일즙,뾰루지,과일즈지,과일즙지
3297,과일즙,뾰루지,과일주지,과일즙지
3298,뒷무릎,괘종시계,뒷종시계,뒷몽시계
3299,뒷무릎,괘종시계,뒷종시계,뒷뭉시계
3300,뒷무릎,괘종시계,뒷종시계,뒷무시계
3301,뒷무릎,괘종시계,뒷종시계,뒷무르계
3302,뒷무릎,괘종시계,뒷몽시계,뒷무시계
3303,뒷무릎,괘종시계,뒷몽시계,뒷무르계
3304,뒷무릎,괘종시계,뒷뭉시계,뒷무시계
3305,뒷무릎,괘종시계,뒷뭉시계,뒷무르계
3306,뒷무릎,괘종시계,뒷무시계,뒷무르계
3307,머리맡,팝송,멉송,머송
3308,머리맡,팝송,멉송,머팝송
3309,머리맡,팝송,멉송,머립송
3310,머리맡,팝송,멉송,머랍송
3311,머리맡,팝송,머송,머팝송
3312,머리맡,팝송,머송,머립송
3313,머리맡,팝송,머송,머랍송
3314,머리맡,팝송,머팝송,머립송
3315,머리맡,팝송,머팝송,머랍송
3316,곗날,흙냄새,곗넴세,곍넴세
3317,곗날,흙냄새,곗넴세,곗나세
3318,곗날,흙냄새,곗넴세,곗날세
3319,곗날,흙냄새,곗남세,곍넴세
3320,곗날,흙냄새,곗남세,곗나세
3321,곗날,흙냄새,곗남세,곗날세
3322,곗날,흙냄새,곍넴세,곗나세
3323,곗날,흙냄새,곍넴세,곗날세
3324,곗날,흙냄새,곗나세,곗날세
3325,파킨슨병,첫마디,파킨디,팟마디
3326,파킨슨병,첫마디,파킨디,파마디
3327,파킨슨병,첫마디,파킨디,파키디
3328,파킨슨병,첫마디,파킨디,파카디
3329,파킨슨병,첫마디,팟마디,파마디
3330,파킨슨병,첫마디,팟마디,파키디
3331,파킨슨병,첫마디,팟마디,파카디
3332,파킨슨병,첫마디,파마디,파키디
3333,파킨슨병,첫마디,파마디,파카디
3334,거울,김매기,검메기,거메기
3335,거울,김매기,검메기,거에기
3336,거울,김매기,검메기,거우기
3337,거울,김매기,검메기,거울기
3338,거울,김매기,거메기,거에기
3339,거울,김매기,거메기,거우기
3340,거울,김매기,거메기,거울기
3341,거울,김매기,거에기,거울기
3342,거울,김매기,거우기,거울기
3343,둔갑,덧저고리,둔저고리,둣저고리
3344,둔갑,덧저고리,둔저고리,둔가고리
3345,둔갑,덧저고리,둔저고리,둔거고리
3346,둔갑,덧저고리,둔저고리,두저고리
3347,둔갑,덧저고리,둣저고리,두저고리
3348,둔갑,덧저고리,둔가고리,두저고리
3349,둔갑,덧저고리,둔거고리,두저고리
3350,안팎,덮밥,안밥,안덮밥
3351,안팎,덮밥,안밥,안팦밥
3352,안팎,덮밥,안밥,안펖밥
3353,안팎,덮밥,안밥,안파밥
3354,안팎,덮밥,안덮밥,안팦밥
3355,안팎,덮밥,안덮밥,안펖밥
3356,안팎,덮밥,안덮밥,안파밥
3357,안팎,덮밥,안팦밥,안파밥
3358,안팎,덮밥,안펖밥,안파밥
3359,거중기,계약자,거쟉자,거중자
3360,거중기,계약자,거쟉자,거약자
3361,거중기,계약자,거쟉자,거죽자
3362,거중기,계약자,거쟉자,거작자
3363,거중기,계약자,거중자,거죽자
3364,거중기,계약자,거중자,거작자
3365,거중기,계약자,거약자,거죽자
3366,거중기,계약자,거약자,거작자
3367,쌀뜨물,귀추,쌀추,싸추
3368,쌀뜨물,귀추,쌀추,쌀귀추
3369,쌀뜨물,귀추,쌀추,쌀뛰추
3370,쌀뜨물,귀추,쌀추,쌀뜨추
3371,쌀뜨물,귀추,싸추,쌀귀추
3372,쌀뜨물,귀추,싸추,쌀뛰추
3373,쌀뜨물,귀추,싸추,쌀뜨추
3374,쌀뜨물,귀추,쌀귀추,쌀뛰추
3375,쌀뜨물,귀추,쌀귀추,쌀뜨추
3376,쌀뜨물,귀추,쌀뛰추,쌀뜨추
3377,들것,횃불,들불,듯불
3378,들것,횃불,들불,드불
3379,들것,횃불,들불,들것불
3380,들것,횃불,들불,들휏불
3381,들것,횃불,듯불,드불
3382,들것,횃불,듯불,들것불
3383,들것,횃불,듯불,들휏불
3384,들것,횃불,드불,들것불
3385,들것,횃불,드불,들휏불
3386,들것,횃불,들것불,들휏불
3387,풍뎅이,넌덜머리,풍덜머리,풍델머리
3388,풍뎅이,넌덜머리,풍덜머리,푼덜머리
3389,풍뎅이,넌덜머리,풍덜머리,풍데머리
3390,풍뎅이,넌덜머리,풍뎅머리,풍델머리
3391,풍뎅이,넌덜머리,풍뎅머리,푼덜머리
3392,풍뎅이,넌덜머리,풍뎅머리,풍데머리
3393,풍뎅이,넌덜머리,풍델머리,풍데머리
3394,풍뎅이,넌덜머리,푼덜머리,풍데머리
3395,도롱뇽,젤리,돌리,도리
3396,도롱뇽,젤리,돌리,도젤리
3397,도롱뇽,젤리,돌리,도롱리
3398,도롱뇽,젤리,돌리,도렐리
3399,도롱뇽,젤리,도리,도젤리
3400,도롱뇽,젤리,도리,도롱리
3401,도롱뇽,젤리,도리,도렐리
3402,도롱뇽,젤리,도젤리,도렐리
3403,도롱뇽,젤리,도롱리,도렐리
3404,히로뽕,비눗갑,히눗갑,히롯갑
3405,히로뽕,비눗갑,히눗갑,히룻갑
3406,히로뽕,비눗갑,히눗갑,히로갑
3407,히로뽕,비눗갑,히눗갑,히웃갑
3408,히로뽕,비눗갑,히롯갑,히로갑
3409,히로뽕,비눗갑,히롯갑,히웃갑
3410,히로뽕,비눗갑,히룻갑,히로갑
3411,히로뽕,비눗갑,히룻갑,히웃갑
3412,히로뽕,비눗갑,히로갑,히웃갑
3413,가을걷이,억수,각수,가수
3414,가을걷이,억수,각수,가억수
3415,가을걷이,억수,각수,가을수
3416,가을걷이,억수,각수,가윽수
3417,가을걷이,억수,가수,가억수
3418,가을걷이,억수,가수,가을수
3419,가을걷이,억수,가수,가윽수
3420,가을걷이,억수,가억수,가윽수
3421,가을걷이,억수,가을수,가윽수
3422,거식증,튤립,걸립,거립
3423,거식증,튤립,걸립,거튤립
3424,거식증,튤립,걸립,거슐립
3425,거식증,튤립,걸립,거식립
3426,거식증,튤립,거립,거튤립
3427,거식증,튤립,거립,거슐립
3428,거식증,튤립,거립,거식립
3429,거식증,튤립,거튤립,거슐립
3430,거식증,튤립,거튤립,거식립
3431,거식증,튤립,거슐립,거식립
3432,나이트클럽,지읒,나읒,나지읒
3433,나이트클럽,지읒,나읒,나이틎
3434,나이트클럽,지읒,나읒,나이읒
3435,나이트클럽,지읒,나읒,나이트킂
3436,나이트클럽,지읒,나지읒,나이틎
3437,나이트클럽,지읒,나지읒,나이읒
3438,나이트클럽,지읒,나지읒,나이트킂
3439,나이트클럽,지읒,나이틎,나이읒
3440,나이트클럽,지읒,나이틎,나이트킂
3441,나이트클럽,지읒,나이읒,나이트킂
3442,버튼,엑스선,버스선,버트선
3443,버튼,엑스선,버스선,버튼선
3444,버튼,엑스선,버스선,버특스선
3445,버튼,엑스선,버스선,버트스선
3446,버튼,엑스선,버트선,버튼선
3447,버튼,엑스선,버트선,버특스선
3448,버튼,엑스선,버트선,버트스선
3449,버튼,엑스선,버튼선,버특스선
3450,버튼,엑스선,버튼선,버트스선
3451,버튼,엑스선,버특스선,버트스선
3452,가로수,격동,각동,가동
3453,가로수,격동,각동,가격동
3454,가로수,격동,각동,가력동
3455,가로수,격동,각동,가역동
3456,가로수,격동,가동,가격동
3457,가로수,격동,가동,가력동
3458,가로수,격동,가동,가역동
3459,가로수,격동,가격동,가력동
3460,가로수,격동,가격동,가역동
3461,가로수,격동,가력동,가역동
3462,개량종,스펠링,게량링,게랼링
3463,개량종,스펠링,게량링,게펠링
3464,개량종,스펠링,게량링,게렐링
3465,개량종,스펠링,게량링,게랴링
3466,개량종,스펠링,게랼링,게펠링
3467,개량종,스펠링,게랼링,게렐링
3468,개량종,스펠링,게랼링,게랴링
3469,개량종,스펠링,게펠링,게렐링
3470,개량종,스펠링,게펠링,게랴링
3471,샅바,설빔,샅빔,살빔
3472,샅바,설빔,샅빔,사빔
3473,샅바,설빔,샅빔,샅설빔
3474,샅바,설빔,샅빔,샅벌빔
3475,샅바,설빔,살빔,사빔
3476,샅바,설빔,살빔,샅설빔
3477,샅바,설빔,살빔,샅벌빔
3478,샅바,설빔,사빔,샅설빔
3479,샅바,설빔,사빔,샅벌빔
3480,샅바,설빔,샅설빔,샅벌빔
3481,깨알,너머,께머,께너머
3482,깨알,너머,께머,께아머
3483,깨알,너머,께머,께어머
3484,깨알,너머,께머,께알머
3485,깨알,너머,께너머,께아머
3486,깨알,너머,께너머,께어머
3487,깨알,너머,께너머,께알머
3488,깨알,너머,께아머,께알머
3489,깨알,너머,께어머,께알머
3490,긴밀감,대패,긴페,기페
3491,긴밀감,대패,긴페,긴밀페
3492,긴밀감,대패,긴페,긴미페
3493,긴밀감,대패,긴페,긴데페
3494,긴밀감,대패,기페,긴밀페
3495,긴밀감,대패,기페,긴미페
3496,긴밀감,대패,기페,긴데페
3497,긴밀감,대패,긴밀페,긴미페
3498,긴밀감,대패,긴밀페,긴데페
3499,분할,꿈나무,분나무,붐나무
3500,분할,꿈나무,분나무,분하무
3501,분할,꿈나무,분나무,부나무
3502,분할,꿈나무,분나무,분할무
3503,분할,꿈나무,붐나무,부나무
3504,분할,꿈나무,붐나무,분할무
3505,분할,꿈나무,분하무,부나무
3506,분할,꿈나무,분하무,분할무
3507,분할,꿈나무,부나무,분할무
3508,오지랖,꽹과리,오좌리,오지리
3509,오지랖,꽹과리,오좌리,오자리
3510,오지랖,꽹과리,오좌리,오젱과리
3511,오지랖,꽹과리,오좌리,오징과리
3512,오지랖,꽹과리,오지리,오자리
3513,오지랖,꽹과리,오지리,오젱과리
3514,오지랖,꽹과리,오지리,오징과리
3515,오지랖,꽹과리,오자리,오젱과리
3516,오지랖,꽹과리,오자리,오징과리
3517,브리핑,데뷔작,브뷔작,브뤼작
3518,브리핑,데뷔작,브뷔작,브리작
3519,브리핑,데뷔작,브뷔작,브위작
3520,브리핑,데뷔작,브뷔작,브이작
3521,브리핑,데뷔작,브뤼작,브리작
3522,브리핑,데뷔작,브뤼작,브위작
3523,브리핑,데뷔작,브뤼작,브이작
3524,브리핑,데뷔작,브리작,브위작
3525,브리핑,데뷔작,브리작,브이작
3526,브리핑,데뷔작,브위작,브이작
3527,십계명,간첩죄,십첩줴,십겁줴
3528,십계명,간첩죄,십첩줴,신첩줴
3529,십계명,간첩죄,십첩줴,십곕줴
3530,십계명,간첩죄,십첩줴,십계줴
3531,십계명,간첩죄,십겁줴,십계줴
3532,십계명,간첩죄,신첩줴,십계줴
3533,십계명,간첩죄,십곕줴,십계줴
3534,꽃씨,뒤꼍,꽃꼍,꼬꼍
3535,꽃씨,뒤꼍,꽃꼍,꽃씨꼍
3536,꽃씨,뒤꼍,꽃꼍,꼬이꼍
3537,꽃씨,뒤꼍,꽃꼍,꽃씨이꼍
3538,꽃씨,뒤꼍,꼬꼍,꽃씨꼍
3539,꽃씨,뒤꼍,꼬꼍,꼬이꼍
3540,꽃씨,뒤꼍,꼬꼍,꽃씨이꼍
3541,꽃씨,뒤꼍,꽃씨꼍,꼬이꼍
3542,꽃씨,뒤꼍,꽃씨꼍,꽃씨이꼍
3543,꽃씨,뒤꼍,꼬이꼍,꽃씨이꼍
3544,스탠드,부챗살,스텐살,스테살
3545,스탠드,부챗살,스텐살,스텐뎃살
3546,스탠드,부챗살,스쳇살,스테살
3547,스탠드,부챗살,스쳇살,스텐뎃살
3548,스탠드,부챗살,스텟살,스테살
3549,스탠드,부챗살,스텟살,스텐뎃살
3550,스탠드,부챗살,스테살,스텐뎃살
3551,과밀,나이테,과미테,과밀테
3552,과밀,나이테,과미테,과이테
3553,과밀,나이테,과미테,과나이테
3554,과밀,나이테,과미테,과미이테
3555,과밀,나이테,과밀테,과나이테
3556,과밀,나이테,과밀테,과미이테
3557,과밀,나이테,과이테,과나이테
3558,과밀,나이테,과이테,과미이테
3559,과밀,나이테,과나이테,과미이테
3560,던지기,경험적,던험적,덩험적
3561,던지기,경험적,던험적,던짐적
3562,던지기,경험적,던험적,던점적
3563,던지기,경험적,던험적,던지적
3564,던지기,경험적,덩험적,던지적
3565,던지기,경험적,던짐적,던지적
3566,던지기,경험적,던점적,던지적
3567,콤팩트디스크,아첨,콤첨,코첨
3568,콤팩트디스크,아첨,콤첨,콤펙첨
3569,콤팩트디스크,아첨,콤첨,콤파첨
3570,콤팩트디스크,아첨,콤첨,콤페첨
3571,콤팩트디스크,아첨,코첨,콤펙첨
3572,콤팩트디스크,아첨,코첨,콤파첨
3573,콤팩트디스크,아첨,코첨,콤페첨
3574,콤팩트디스크,아첨,콤펙첨,콤파첨
3575,콤팩트디스크,아첨,콤펙첨,콤페첨
3576,똘마니,트럼펫,똘럼펫,똘멈펫
3577,똘마니,트럼펫,똘럼펫,똘맘펫
3578,똘마니,트럼펫,똘럼펫,똘마펫
3579,똘마니,트럼펫,똘럼펫,또럼펫
3580,똘마니,트럼펫,똘멈펫,똘마펫
3581,똘마니,트럼펫,똘멈펫,또럼펫
3582,똘마니,트럼펫,똘맘펫,똘마펫
3583,똘마니,트럼펫,똘맘펫,또럼펫
3584,똘마니,트럼펫,똘마펫,또럼펫
3585,헝겊,교언,헝건,허언
3586,헝겊,교언,헝건,헝교언
3587,헝겊,교언,헝건,헝고언
3588,헝겊,교언,헝건,헝거언
3589,헝겊,교언,허언,헝교언
3590,헝겊,교언,허언,헝고언
3591,헝겊,교언,허언,헝거언
3592,헝겊,교언,헝교언,헝고언
3593,헝겊,교언,헝교언,헝거언
3594,소프트웨어,새아빠,소프빠,소파빠
3595,소프트웨어,새아빠,소프빠,소아빠
3596,소프트웨어,새아빠,소프빠,소프트빠
3597,소프트웨어,새아빠,소프빠,소프타빠
3598,소프트웨어,새아빠,소파빠,소아빠
3599,소프트웨어,새아빠,소파빠,소프트빠
3600,소프트웨어,새아빠,소파빠,소프타빠
3601,소프트웨어,새아빠,소아빠,소프트빠
3602,소프트웨어,새아빠,소아빠,소프타빠
3603,소프트웨어,새아빠,소프트빠,소프타빠
3604,펴낸이,촌놈,펴놈,펴촌놈
3605,펴낸이,촌놈,펴놈,펴논놈
3606,펴낸이,촌놈,펴놈,펴넨놈
3607,펴낸이,촌놈,펴놈,펴네놈
3608,펴낸이,촌놈,펴촌놈,펴논놈
3609,펴낸이,촌놈,펴촌놈,펴넨놈
3610,펴낸이,촌놈,펴촌놈,펴네놈
3611,펴낸이,촌놈,펴논놈,펴네놈
3612,펴낸이,촌놈,펴넨놈,펴네놈
3613,발자욱,셔틀콕,발틀콕,발즐콕
3614,발자욱,셔틀콕,발틀콕,발잘콕
3615,발자욱,셔틀콕,발틀콕,발자콕
3616,발자욱,셔틀콕,발틀콕,바틀콕
3617,발자욱,셔틀콕,발즐콕,발자콕
3618,발자욱,셔틀콕,발즐콕,바틀콕
3619,발자욱,셔틀콕,발잘콕,발자콕
3620,발자욱,셔틀콕,발잘콕,바틀콕
3621,발자욱,셔틀콕,발자콕,바틀콕
3622,데뷔,싱가포르,데봐포르,데가포르
3623,데뷔,싱가포르,데봐포르,데바포르
3624,데뷔,싱가포르,데봐포르,데아포르
3625,데뷔,싱가포르,뎅가포르,데가포르
3626,데뷔,싱가포르,뎅가포르,데바포르
3627,데뷔,싱가포르,뎅가포르,데아포르
3628,데뷔,싱가포르,데가포르,데바포르
3629,데뷔,싱가포르,데가포르,데아포르
3630,데뷔,싱가포르,데바포르,데아포르
3631,계통적,뒷얘기,계통기,계턔기
3632,계통적,뒷얘기,계통기,계토기
3633,계통적,뒷얘기,계통기,계얘기
3634,계통적,뒷얘기,계통기,계통저기
3635,계통적,뒷얘기,계턔기,계얘기
3636,계통적,뒷얘기,계턔기,계통저기
3637,계통적,뒷얘기,계토기,계얘기
3638,계통적,뒷얘기,계토기,계통저기
3639,계통적,뒷얘기,계얘기,계통저기
3640,개마고원,아이콘,게마콘,게미콘
3641,개마고원,아이콘,게마콘,게마고콘
3642,개마고원,아이콘,게마콘,게아이콘
3643,개마고원,아이콘,게마콘,게마고위콘
3644,개마고원,아이콘,게미콘,게마고콘
3645,개마고원,아이콘,게미콘,게아이콘
3646,개마고원,아이콘,게미콘,게마고위콘
3647,개마고원,아이콘,게마고콘,게아이콘
3648,개마고원,아이콘,게마고콘,게마고위콘
3649,개마고원,아이콘,게아이콘,게마고위콘
3650,모략,골반뼈,몰반뼈,모반뼈
3651,모략,골반뼈,몰반뼈,모란뼈
3652,모략,골반뼈,몰반뼈,모안뼈
3653,모략,골반뼈,몰반뼈,모골반뼈
3654,모략,골반뼈,모반뼈,모란뼈
3655,모략,골반뼈,모반뼈,모안뼈
3656,모략,골반뼈,모반뼈,모골반뼈
3657,모략,골반뼈,모란뼈,모안뼈
3658,모략,골반뼈,모란뼈,모골반뼈
3659,모략,골반뼈,모안뼈,모골반뼈
3660,왜란,딴전,웬전,웨전
3661,왜란,딴전,웬전,웨란전
3662,왜란,딴전,웬전,웨딴전
3663,왜란,딴전,웬전,웨라전
3664,왜란,딴전,웨전,웨란전
3665,왜란,딴전,웨전,웨딴전
3666,왜란,딴전,웨전,웨라전
3667,왜란,딴전,웨란전,웨딴전
3668,왜란,딴전,웨란전,웨라전
3669,왜란,딴전,웨딴전,웨라전
3670,헝가리어,고문실,헝간실,허문실
3671,헝가리어,고문실,헝간실,헝가실
3672,헝가리어,고문실,헝간실,헝가문실
3673,헝가리어,고문실,헝군실,허문실
3674,헝가리어,고문실,헝군실,헝가실
3675,헝가리어,고문실,헝군실,헝가문실
3676,헝가리어,고문실,허문실,헝가실
3677,헝가리어,고문실,허문실,헝가문실
3678,헝가리어,고문실,헝가실,헝가문실
3679,다다익선,기왓장,다왓장,다닷장
3680,다다익선,기왓장,다왓장,다다장
3681,다다익선,기왓장,다왓장,다다왓장
3682,다다익선,기왓장,다왓장,다다익장
3683,다다익선,기왓장,다닷장,다다장
3684,다다익선,기왓장,다닷장,다다왓장
3685,다다익선,기왓장,다닷장,다다익장
3686,다다익선,기왓장,다다장,다다왓장
3687,다다익선,기왓장,다다장,다다익장
3688,다다익선,기왓장,다다왓장,다다익장
3689,건조대,닭싸움,건조둠,건조움
3690,건조대,닭싸움,건조둠,건싸움
3691,건조대,닭싸움,건조둠,건자움
3692,건조대,닭싸움,건조둠,걹싸움
3693,건조대,닭싸움,건조움,건자움
3694,건조대,닭싸움,건조움,걹싸움
3695,건조대,닭싸움,건싸움,건자움
3696,건조대,닭싸움,건싸움,걹싸움
3697,암퇘지,나흘,암흘,암톼흘
3698,암퇘지,나흘,암흘,암퉤흘
3699,암퇘지,나흘,암흘,암나흘
3700,암퇘지,나흘,암흘,암타흘
3701,암퇘지,나흘,암톼흘,암나흘
3702,암퇘지,나흘,암톼흘,암타흘
3703,암퇘지,나흘,암퉤흘,암나흘
3704,암퇘지,나흘,암퉤흘,암타흘
3705,암퇘지,나흘,암나흘,암타흘
3706,팬츠,계통적,펜통적,펜총적
3707,팬츠,계통적,펜통적,페통적
3708,팬츠,계통적,펜통적,페옹적
3709,팬츠,계통적,펜통적,펜츠적
3710,팬츠,계통적,펜총적,페통적
3711,팬츠,계통적,펜총적,페옹적
3712,팬츠,계통적,펜총적,펜츠적
3713,팬츠,계통적,페통적,페옹적
3714,팬츠,계통적,페통적,펜츠적
3715,팬츠,계통적,페옹적,펜츠적
3716,귓구멍,강구,귓구,귕구
3717,귓구멍,강구,귓구,광구
3718,귓구멍,강구,귓구,귀구
3719,귓구멍,강구,귓구,귓강구
3720,귓구멍,강구,귕구,귀구
3721,귓구멍,강구,귕구,귓강구
3722,귓구멍,강구,광구,귀구
3723,귓구멍,강구,광구,귓강구
3724,귓구멍,강구,귀구,귓강구
3725,대밭,굴뚝,델뚝,데뚝
3726,대밭,굴뚝,델뚝,데굴뚝
3727,대밭,굴뚝,델뚝,데발뚝
3728,대밭,굴뚝,델뚝,데불뚝
3729,대밭,굴뚝,데뚝,데굴뚝
3730,대밭,굴뚝,데뚝,데발뚝
3731,대밭,굴뚝,데뚝,데불뚝
3732,대밭,굴뚝,데굴뚝,데발뚝
3733,대밭,굴뚝,데굴뚝,데불뚝
3734,궤짝,먼지,권지,궤지
3735,궤짝,먼지,권지,궤먼지
3736,궤짝,먼지,권지,궤쩐지
3737,궤짝,먼지,궨지,궤지
3738,궤짝,먼지,궨지,궤먼지
3739,궤짝,먼지,궨지,궤쩐지
3740,궤짝,먼지,궤지,궤먼지
3741,궤짝,먼지,궤지,궤쩐지
3742,궤짝,먼지,궤먼지,궤쩐지
3743,바캉스,안뜰,반뜰,바뜰
3744,바캉스,안뜰,반뜰,바캉뜰
3745,바캉스,안뜰,반뜰,바칸뜰
3746,바캉스,안뜰,반뜰,바안뜰
3747,바캉스,안뜰,바뜰,바캉뜰
3748,바캉스,안뜰,바뜰,바칸뜰
3749,바캉스,안뜰,바뜰,바안뜰
3750,바캉스,안뜰,바캉뜰,바칸뜰
3751,바캉스,안뜰,바캉뜰,바안뜰
3752,바캉스,안뜰,바칸뜰,바안뜰
3753,지혜,쇼핑센터,지핑센터,지힝센터
3754,지혜,쇼핑센터,지핑센터,지잉센터
3755,지혜,쇼핑센터,지핑센터,지혜센터
3756,지혜,쇼핑센터,지핑센터,지혱센터
3757,지혜,쇼핑센터,지힝센터,지잉센터
3758,지혜,쇼핑센터,지힝센터,지혜센터
3759,지혜,쇼핑센터,지힝센터,지혱센터
3760,지혜,쇼핑센터,지잉센터,지혜센터
3761,지혜,쇼핑센터,지잉센터,지혱센터
3762,지혜,쇼핑센터,지혜센터,지혱센터
3763,건더기,추석빔,건더빔,거석빔
3764,건더기,추석빔,건더빔,건더기빔
3765,건더기,추석빔,건더빔,건더긱빔
3766,건더기,추석빔,건더빔,건더기석빔
3767,건더기,추석빔,거석빔,건더기빔
3768,건더기,추석빔,거석빔,건더긱빔
3769,건더기,추석빔,거석빔,건더기석빔
3770,건더기,추석빔,건더기빔,건더긱빔
3771,건더기,추석빔,건더기빔,건더기석빔
3772,건더기,추석빔,건더긱빔,건더기석빔
3773,브랜드,뺄셈,브셈,브뻴셈
3774,브랜드,뺄셈,브셈,브렐셈
3775,브랜드,뺄셈,브셈,브렌셈
3776,브랜드,뺄셈,브셈,브레셈
3777,브랜드,뺄셈,브뻴셈,브레셈
3778,브랜드,뺄셈,브렐셈,브레셈
3779,브랜드,뺄셈,브렌셈,브레셈
3780,엽기,최고급,엽고급,여오급
3781,엽기,최고급,엽고급,엽기급
3782,엽기,최고급,엽고급,엽게고급
3783,엽기,최고급,엽고급,여에고급
3784,엽기,최고급,여오급,엽기급
3785,엽기,최고급,여오급,엽게고급
3786,엽기,최고급,여오급,여에고급
3787,엽기,최고급,엽기급,엽게고급
3788,엽기,최고급,엽기급,여에고급
3789,엽기,최고급,엽게고급,여에고급
3790,부챗살,노끈,부끈,부쳇끈
3791,부챗살,노끈,부끈,부노끈
3792,부챗살,노끈,부끈,부체끈
3793,부챗살,노끈,부끈,부초끈
3794,부챗살,노끈,부쳇끈,부노끈
3795,부챗살,노끈,부쳇끈,부체끈
3796,부챗살,노끈,부쳇끈,부초끈
3797,부챗살,노끈,부노끈,부체끈
3798,부챗살,노끈,부노끈,부초끈
3799,맛살,덮개,맛게,맢게
3800,맛살,덮개,맛게,마게
3801,맛살,덮개,맛게,맛덮게
3802,맛살,덮개,맛게,맛섶게
3803,맛살,덮개,맢게,마게
3804,맛살,덮개,맢게,맛덮게
3805,맛살,덮개,맢게,맛섶게
3806,맛살,덮개,마게,맛덮게
3807,맛살,덮개,마게,맛섶게
3808,맛살,덮개,맛덮게,맛섶게
3809,며칠,시골뜨기,며칠뜨기,며골뜨기
3810,며칠,시골뜨기,며칠뜨기,며촐뜨기
3811,며칠,시골뜨기,며칠뜨기,며치뜨기
3812,며칠,시골뜨기,며칠뜨기,며올뜨기
3813,며칠,시골뜨기,며골뜨기,며촐뜨기
3814,며칠,시골뜨기,며골뜨기,며치뜨기
3815,며칠,시골뜨기,며골뜨기,며올뜨기
3816,며칠,시골뜨기,며촐뜨기,며치뜨기
3817,며칠,시골뜨기,며촐뜨기,며올뜨기
3818,가정의례,경비실,가정실,강비실
3819,가정의례,경비실,가정실,가비실
3820,가정의례,경비실,가정실,가저실
3821,가정의례,경비실,가정실,가지실
3822,가정의례,경비실,강비실,가비실
3823,가정의례,경비실,강비실,가저실
3824,가정의례,경비실,강비실,가지실
3825,가정의례,경비실,가비실,가저실
3826,가정의례,경비실,가비실,가지실
3827,계수나무,잿더미,곗더미,계더미
3828,계수나무,잿더미,곗더미,계수미
3829,계수나무,잿더미,곗더미,계서미
3830,계수나무,잿더미,곗더미,계어미
3831,계수나무,잿더미,계더미,계서미
3832,계수나무,잿더미,계더미,계어미
3833,계수나무,잿더미,계수미,계서미
3834,계수나무,잿더미,계수미,계어미
3835,계수나무,잿더미,계서미,계어미
3836,깊이,스펙트럼,깊펙트럼,기펙트럼
3837,깊이,스펙트럼,깊펙트럼,기엑트럼
3838,깊이,스펙트럼,깊펙트럼,깊스펙트럼
3839,깊이,스펙트럼,깊펙트럼,기스펙트럼
3840,깊이,스펙트럼,기펙트럼,기엑트럼
3841,깊이,스펙트럼,기펙트럼,깊스펙트럼
3842,깊이,스펙트럼,기펙트럼,기스펙트럼
3843,깊이,스펙트럼,기엑트럼,깊스펙트럼
3844,깊이,스펙트럼,기엑트럼,기스펙트럼
3845,깊이,스펙트럼,깊스펙트럼,기스펙트럼
3846,침대칸,허드렛일,침데카일,침데킬
3847,침대칸,허드렛일,침데카일,침데일
3848,침대칸,허드렛일,침데카일,침딜
3849,침대칸,허드렛일,침데카일,치일
3850,침대칸,허드렛일,침데킬,침데일
3851,침대칸,허드렛일,침데킬,침딜
3852,침대칸,허드렛일,침데킬,치일
3853,침대칸,허드렛일,침데일,침딜
3854,침대칸,허드렛일,침데일,치일
3855,침대칸,허드렛일,침딜,치일
3856,쇠붙이,매춘부,쉐붙부,쉐분부
3857,쇠붙이,매춘부,쉐붙부,쉐부부
3858,쇠붙이,매춘부,쉐붙부,쉐운부
3859,쇠붙이,매춘부,쉐춘부,쉐분부
3860,쇠붙이,매춘부,쉐춘부,쉐부부
3861,쇠붙이,매춘부,쉐춘부,쉐운부
3862,쇠붙이,매춘부,쉐분부,쉐부부
3863,쇠붙이,매춘부,쉐분부,쉐운부
3864,쇠붙이,매춘부,쉐부부,쉐운부
3865,볼멘소리,고조할아버지,볼멘소라버지,볼멘소아버지
3866,볼멘소리,고조할아버지,볼멘소라버지,볼멘소리버지
3867,볼멘소리,고조할아버지,볼멘소라버지,볼멘소리어지
3868,볼멘소리,고조할아버지,볼멘소라버지,볼멘소버지
3869,볼멘소리,고조할아버지,볼멘소아버지,볼멘소리버지
3870,볼멘소리,고조할아버지,볼멘소아버지,볼멘소리어지
3871,볼멘소리,고조할아버지,볼멘소아버지,볼멘소버지
3872,볼멘소리,고조할아버지,볼멘소리버지,볼멘소리어지
3873,볼멘소리,고조할아버지,볼멘소리버지,볼멘소버지
3874,볼멘소리,고조할아버지,볼멘소리어지,볼멘소버지
3875,손버릇,경련,손련,송련
3876,손버릇,경련,손련,소련
3877,손버릇,경련,손련,손벙련
3878,손버릇,경련,손련,손버련
3879,손버릇,경련,송련,소련
3880,손버릇,경련,송련,손벙련
3881,손버릇,경련,송련,손버련
3882,손버릇,경련,소련,손벙련
3883,손버릇,경련,소련,손버련
3884,손버릇,경련,손벙련,손버련
3885,램프,이삭줍기,렘삭줍기,렘팍줍기
3886,램프,이삭줍기,렘삭줍기,레삭줍기
3887,램프,이삭줍기,렘삭줍기,레악줍기
3888,램프,이삭줍기,렘삭줍기,렘프줍기
3889,램프,이삭줍기,렘팍줍기,레삭줍기
3890,램프,이삭줍기,렘팍줍기,레악줍기
3891,램프,이삭줍기,렘팍줍기,렘프줍기
3892,램프,이삭줍기,레삭줍기,레악줍기
3893,램프,이삭줍기,레삭줍기,렘프줍기
3894,램프,이삭줍기,레악줍기,렘프줍기
3895,꼴뚜기,긍휼,꼴휼,꽁휼
3896,꼴뚜기,긍휼,꼴휼,꼬휼
3897,꼴뚜기,긍휼,꼴휼,꼴긍휼
3898,꼴뚜기,긍휼,꼴휼,꼴뚱휼
3899,꼴뚜기,긍휼,꽁휼,꼬휼
3900,꼴뚜기,긍휼,꽁휼,꼴긍휼
3901,꼴뚜기,긍휼,꽁휼,꼴뚱휼
3902,꼴뚜기,긍휼,꼬휼,꼴긍휼
3903,꼴뚜기,긍휼,꼬휼,꼴뚱휼
3904,꼴뚜기,긍휼,꼴긍휼,꼴뚱휼
3905,개고생,감상자,겜상자,게상자
3906,개고생,감상자,겜상자,게공자
3907,개고생,감상자,겜상자,게강자
3908,개고생,감상자,겜상자,게고자
3909,개고생,감상자,게상자,게공자
3910,개고생,감상자,게상자,게강자
3911,개고생,감상자,게상자,게고자
3912,개고생,감상자,게공자,게고자
3913,개고생,감상자,게강자,게고자
3914,너스레,앰뷸런스,너뷸런스,너슐런스
3915,너스레,앰뷸런스,너뷸런스,너스울런스
3916,너스레,앰뷸런스,너뷸런스,너스레런스
3917,너스레,앰뷸런스,너뷸런스,넘뷸런스
3918,너스레,앰뷸런스,너슐런스,너스울런스
3919,너스레,앰뷸런스,너슐런스,너스레런스
3920,너스레,앰뷸런스,너슐런스,넘뷸런스
3921,너스레,앰뷸런스,너스울런스,너스레런스
3922,너스레,앰뷸런스,너스울런스,넘뷸런스
3923,너스레,앰뷸런스,너스레런스,넘뷸런스
3924,쑥맥,풋감,쑥감,쑷감
3925,쑥맥,풋감,쑥감,쑤감
3926,쑥맥,풋감,쑥감,쑥풋감
3927,쑥맥,풋감,쑥감,쑥뭇감
3928,쑥맥,풋감,쑷감,쑤감
3929,쑥맥,풋감,쑷감,쑥풋감
3930,쑥맥,풋감,쑷감,쑥뭇감
3931,쑥맥,풋감,쑤감,쑥풋감
3932,쑥맥,풋감,쑤감,쑥뭇감
3933,쑥맥,풋감,쑥풋감,쑥뭇감
3934,남녀,뗏목,남목,낫목
3935,남녀,뗏목,남목,나목
3936,남녀,뗏목,남목,남뗏목
3937,남녀,뗏목,남목,남넷목
3938,남녀,뗏목,낫목,나목
3939,남녀,뗏목,낫목,남뗏목
3940,남녀,뗏목,낫목,남넷목
3941,남녀,뗏목,나목,남뗏목
3942,남녀,뗏목,나목,남넷목
3943,남녀,뗏목,남뗏목,남넷목
3944,베테랑,붉은빛,베텐빛,베테빛
3945,베테랑,붉은빛,베텐빛,베은빛
3946,베테랑,붉은빛,베텐빛,베테른빛
3947,베테랑,붉은빛,베튼빛,베테빛
3948,베테랑,붉은빛,베튼빛,베은빛
3949,베테랑,붉은빛,베튼빛,베테른빛
3950,베테랑,붉은빛,베테빛,베테른빛
3951,베테랑,붉은빛,베은빛,베테른빛
3952,서랍,판넬,선넬,서넬
3953,서랍,판넬,선넬,서판넬
3954,서랍,판넬,선넬,서란넬
3955,서랍,판넬,선넬,서안넬
3956,서랍,판넬,서넬,서판넬
3957,서랍,판넬,서넬,서란넬
3958,서랍,판넬,서넬,서안넬
3959,서랍,판넬,서판넬,서란넬
3960,서랍,판넬,서판넬,서안넬
3961,서랍,판넬,서란넬,서안넬
3962,지렛대,엠시,짐시,지시
3963,지렛대,엠시,짐시,지렛시
3964,지렛대,엠시,짐시,지렘시
3965,지렛대,엠시,짐시,지엠시
3966,지렛대,엠시,지시,지렛시
3967,지렛대,엠시,지시,지렘시
3968,지렛대,엠시,지시,지엠시
3969,지렛대,엠시,지렛시,지렘시
3970,지렛대,엠시,지렛시,지엠시
3971,지렛대,엠시,지렘시,지엠시
3972,나뭇더미,바퀴,나퀴,나뭇퀴
3973,나뭇더미,바퀴,나퀴,나바퀴
3974,나뭇더미,바퀴,나퀴,나마퀴
3975,나뭇더미,바퀴,나퀴,나무퀴
3976,나뭇더미,바퀴,나뭇퀴,나바퀴
3977,나뭇더미,바퀴,나뭇퀴,나마퀴
3978,나뭇더미,바퀴,나뭇퀴,나무퀴
3979,나뭇더미,바퀴,나바퀴,나마퀴
3980,나뭇더미,바퀴,나바퀴,나무퀴
3981,핏대,닭죽,핏죽,핅죽
3982,핏대,닭죽,핏죽,피죽
3983,핏대,닭죽,핏죽,핏닭죽
3984,핏대,닭죽,핏죽,피닭죽
3985,핏대,닭죽,핅죽,피죽
3986,핏대,닭죽,핅죽,핏닭죽
3987,핏대,닭죽,핅죽,피닭죽
3988,핏대,닭죽,피죽,핏닭죽
3989,핏대,닭죽,피죽,피닭죽
3990,핏대,닭죽,핏닭죽,피닭죽
3991,대문짝,키읔,데믘,데읔
3992,대문짝,키읔,데믘,데문쯬
3993,대문짝,키읔,데믘,데키읔
3994,대문짝,키읔,데믘,데무읔
3995,대문짝,키읔,데읔,데문쯬
3996,대문짝,키읔,데읔,데키읔
3997,대문짝,키읔,데읔,데무읔
3998,대문짝,키읔,데문쯬,데키읔
3999,대문짝,키읔,데문쯬,데무읔
4000,대문짝,키읔,데키읔,데무읔
4001,파푸아 뉴기니,넙적다리,팝적다리,파적다리
4002,파푸아 뉴기니,넙적다리,팝적다리,파푹다리
4003,파푸아 뉴기니,넙적다리,팝적다리,파퍽다리
4004,파푸아 뉴기니,넙적다리,팝적다리,파푸다리
4005,파푸아 뉴기니,넙적다리,파적다리,파푹다리
4006,파푸아 뉴기니,넙적다리,파적다리,파퍽다리
4007,파푸아 뉴기니,넙적다리,파적다리,파푸다리
4008,파푸아 뉴기니,넙적다리,파푹다리,파푸다리
4009,파푸아 뉴기니,넙적다리,파퍽다리,파푸다리
4010,바둑알,공과금,방과금,바두와금
4011,바둑알,공과금,방과금,바둑금
4012,바둑알,공과금,방과금,바과금
4013,바둑알,공과금,방과금,바돠금
4014,바둑알,공과금,바두와금,바둑금
4015,바둑알,공과금,바두와금,바과금
4016,바둑알,공과금,바두와금,바돠금
4017,바둑알,공과금,바둑금,바돠금
4018,바둑알,공과금,바과금,바돠금
4019,고문헌,가상,고상,고문상
4020,고문헌,가상,고상,고가상
4021,고문헌,가상,고상,고마상
4022,고문헌,가상,고상,고무상
4023,고문헌,가상,고문상,고가상
4024,고문헌,가상,고문상,고마상
4025,고문헌,가상,고문상,고무상
4026,고문헌,가상,고가상,고마상
4027,고문헌,가상,고가상,고무상
4028,검문,스텝,검텝,거텝
4029,검문,스텝,검텝,검스텝
4030,검문,스텝,검텝,검므텝
4031,검문,스텝,검텝,검무텝
4032,검문,스텝,거텝,검스텝
4033,검문,스텝,거텝,검므텝
4034,검문,스텝,거텝,검무텝
4035,검문,스텝,검스텝,검므텝
4036,검문,스텝,검스텝,검무텝
4037,냄비,노숙,넴숙,네숙
4038,냄비,노숙,넴숙,넴노숙
4039,냄비,노숙,넴숙,넴보숙
4040,냄비,노숙,넴숙,네노숙
4041,냄비,노숙,네숙,넴노숙
4042,냄비,노숙,네숙,넴보숙
4043,냄비,노숙,네숙,네노숙
4044,냄비,노숙,넴노숙,넴보숙
4045,냄비,노숙,넴노숙,네노숙
4046,냄비,노숙,넴보숙,네노숙
4047,샛길,도루묵,셋루묵,셋구묵
4048,샛길,도루묵,셋루묵,셋기묵
4049,샛길,도루묵,셋루묵,세루묵
4050,샛길,도루묵,셋루묵,셋길묵
4051,샛길,도루묵,셋구묵,세루묵
4052,샛길,도루묵,셋구묵,셋길묵
4053,샛길,도루묵,셋기묵,세루묵
4054,샛길,도루묵,셋기묵,셋길묵
4055,샛길,도루묵,세루묵,셋길묵
4056,감탄형,수렴,감렴,가렴
4057,감탄형,수렴,감렴,감탄렴
4058,감탄형,수렴,감렴,감수렴
4059,감탄형,수렴,감렴,감투렴
4060,감탄형,수렴,가렴,감탄렴
4061,감탄형,수렴,가렴,감수렴
4062,감탄형,수렴,가렴,감투렴
4063,감탄형,수렴,감탄렴,감수렴
4064,감탄형,수렴,감탄렴,감투렴
4065,감탄형,수렴,감수렴,감투렴
4066,돌쩌귀,경례,돌례,동례
4067,돌쩌귀,경례,돌례,도례
4068,돌쩌귀,경례,돌례,돌경례
4069,돌쩌귀,경례,돌례,돌쪙례
4070,돌쩌귀,경례,동례,도례
4071,돌쩌귀,경례,동례,돌경례
4072,돌쩌귀,경례,동례,돌쪙례
4073,돌쩌귀,경례,도례,돌경례
4074,돌쩌귀,경례,도례,돌쪙례
4075,돌쩌귀,경례,돌경례,돌쪙례
4076,뜀틀,벤치,뜀치,뛴치
4077,뜀틀,벤치,뜀치,뛘치
4078,뜀틀,벤치,뜀치,뛰치
4079,뜀틀,벤치,뜀치,뜀벤치
4080,뜀틀,벤치,뛴치,뛰치
4081,뜀틀,벤치,뛴치,뜀벤치
4082,뜀틀,벤치,뛘치,뛰치
4083,뜀틀,벤치,뛘치,뜀벤치
4084,뜀틀,벤치,뛰치,뜀벤치
4085,싼값,캥거루,싼거루,쌍거루
4086,싼값,캥거루,싼거루,싼가루
4087,싼값,캥거루,싼거루,싼값루
4088,싼값,캥거루,싼거루,싼겡거루
4089,싼값,캥거루,쌍거루,싼값루
4090,싼값,캥거루,쌍거루,싼겡거루
4091,싼값,캥거루,싼가루,싼값루
4092,싼값,캥거루,싼가루,싼겡거루
4093,싼값,캥거루,싼값루,싼겡거루
4094,팩시밀리,발뺌,펙시발뻼,펙시말뻼
4095,팩시밀리,발뺌,펙시발뻼,펙시밀발뻼
4096,팩시밀리,발뺌,펙시발뻼,펙시밀랄뻼
4097,팩시밀리,발뺌,펙시밀뻼,펙시말뻼
4098,팩시밀리,발뺌,펙시밀뻼,펙시밀발뻼
4099,팩시밀리,발뺌,펙시밀뻼,펙시밀랄뻼
4100,팩시밀리,발뺌,펙시말뻼,펙시밀발뻼
4101,팩시밀리,발뺌,펙시말뻼,펙시밀랄뻼
4102,팩시밀리,발뺌,펙시밀발뻼,펙시밀랄뻼
4103,운휴,기삿거리,운햣거리,운삿거리
4104,운휴,기삿거리,운햣거리,운핫거리
4105,운휴,기삿거리,운햣거리,운휴거리
4106,운휴,기삿거리,운햣거리,운휴어리
4107,운휴,기삿거리,운삿거리,운핫거리
4108,운휴,기삿거리,운삿거리,운휴거리
4109,운휴,기삿거리,운삿거리,운휴어리
4110,운휴,기삿거리,운핫거리,운휴거리
4111,운휴,기삿거리,운핫거리,운휴어리
4112,운휴,기삿거리,운휴거리,운휴어리
4113,헬기,앰뷸런스,헬뷸런스,헬귤런스
4114,헬기,앰뷸런스,헬뷸런스,헴뷸런스
4115,헬기,앰뷸런스,헬뷸런스,헤뷸런스
4116,헬기,앰뷸런스,헬뷸런스,헬굴런스
4117,헬기,앰뷸런스,헬귤런스,헤뷸런스
4118,헬기,앰뷸런스,헬귤런스,헬굴런스
4119,헬기,앰뷸런스,헴뷸런스,헤뷸런스
4120,헬기,앰뷸런스,헴뷸런스,헬굴런스
4121,도돌이표,유희적,도돌적,도희적
4122,도돌이표,유희적,도돌적,도도적
4123,도돌이표,유희적,도돌적,도듸적
4124,도돌이표,유희적,도돌적,도의적
4125,도돌이표,유희적,도희적,도듸적
4126,도돌이표,유희적,도희적,도의적
4127,도돌이표,유희적,도도적,도듸적
4128,도돌이표,유희적,도도적,도의적
4129,도돌이표,유희적,도듸적,도의적
4130,건더기,가뭄,건뭄,거뭄
4131,건더기,가뭄,건뭄,건가뭄
4132,건더기,가뭄,건뭄,건더뭄
4133,건더기,가뭄,건뭄,건다뭄
4134,건더기,가뭄,거뭄,건가뭄
4135,건더기,가뭄,거뭄,건더뭄
4136,건더기,가뭄,거뭄,건다뭄
4137,건더기,가뭄,건가뭄,건다뭄
4138,건더기,가뭄,건더뭄,건다뭄
4139,그랑프리,갈대,글데,그데
4140,그랑프리,갈대,글데,그갈데
4141,그랑프리,갈대,글데,그랑데
4142,그랑프리,갈대,글데,그랄데
4143,그랑프리,갈대,그데,그갈데
4144,그랑프리,갈대,그데,그랑데
4145,그랑프리,갈대,그데,그랄데
4146,그랑프리,갈대,그갈데,그랄데
4147,그랑프리,갈대,그랑데,그랄데
4148,찹쌀,그저께,찹저께,찹싸께
4149,찹쌀,그저께,찹저께,찹써께
4150,찹쌀,그저께,찹저께,찹쌀께
4151,찹쌀,그저께,찹저께,차저께
4152,찹쌀,그저께,찹싸께,찹쌀께
4153,찹쌀,그저께,찹싸께,차저께
4154,찹쌀,그저께,찹써께,찹쌀께
4155,찹쌀,그저께,찹써께,차저께
4156,찹쌀,그저께,찹쌀께,차저께
4157,구릉지,전셋집,구릉집,군셋집
4158,구릉지,전셋집,구릉집,구셋집
4159,구릉지,전셋집,구릉집,구렛집
4160,구릉지,전셋집,구릉집,구릇집
4161,구릉지,전셋집,군셋집,구셋집
4162,구릉지,전셋집,군셋집,구렛집
4163,구릉지,전셋집,군셋집,구릇집
4164,구릉지,전셋집,구셋집,구렛집
4165,구릉지,전셋집,구셋집,구릇집
4166,똥구덩이,가식적,똥국적,또식적
4167,똥구덩이,가식적,똥국적,똥구적
4168,똥구덩이,가식적,똥국적,똥구식적
4169,똥구덩이,가식적,똥긱적,또식적
4170,똥구덩이,가식적,똥긱적,똥구적
4171,똥구덩이,가식적,똥긱적,똥구식적
4172,똥구덩이,가식적,또식적,똥구적
4173,똥구덩이,가식적,또식적,똥구식적
4174,똥구덩이,가식적,똥구적,똥구식적
4175,깜장,미온적,깜잔적,깜자적
4176,깜장,미온적,깜잔적,까온적
4177,깜장,미온적,깜잔적,깜장적
4178,깜장,미온적,깜존적,깜자적
4179,깜장,미온적,깜존적,까온적
4180,깜장,미온적,깜존적,깜장적
4181,깜장,미온적,깜자적,까온적
4182,깜장,미온적,깜자적,깜장적
4183,깜장,미온적,까온적,깜장적
4184,관광지,대대손손,관데손손,과데손손
4185,관광지,대대손손,관데손손,궤데손손
4186,관광지,대대손손,관데손손,과에손손
4187,관광지,대대손손,관게손손,과데손손
4188,관광지,대대손손,관게손손,궤데손손
4189,관광지,대대손손,관게손손,과에손손
4190,관광지,대대손손,과데손손,과에손손
4191,관광지,대대손손,궤데손손,과에손손
4192,개그맨,앙갚음,게그믐,게그음
4193,개그맨,앙갚음,게그믐,게그메음
4194,개그맨,앙갚음,게그믐,게금
4195,개그맨,앙갚음,게그믐,게음
4196,개그맨,앙갚음,게그음,게그메음
4197,개그맨,앙갚음,게그음,게금
4198,개그맨,앙갚음,게그음,게음
4199,개그맨,앙갚음,게그메음,게금
4200,개그맨,앙갚음,게그메음,게음
4201,개그맨,앙갚음,게금,게음
4202,찍소리,계산표,찍산표,찍손표
4203,찍소리,계산표,찍산표,찍소표
4204,찍소리,계산표,찍산표,찌산표
4205,찍소리,계산표,찍산표,찌안표
4206,찍소리,계산표,찍손표,찍소표
4207,찍소리,계산표,찍손표,찌산표
4208,찍소리,계산표,찍손표,찌안표
4209,찍소리,계산표,찍소표,찌산표
4210,찍소리,계산표,찍소표,찌안표
4211,찍소리,계산표,찌산표,찌안표
4212,빨래판,남북한,빨북한,빨렉한
4213,빨래판,남북한,빨북한,빰북한
4214,빨래판,남북한,빨북한,빨룩한
4215,빨래판,남북한,빨북한,빨레한
4216,빨래판,남북한,빨렉한,빨레한
4217,빨래판,남북한,빰북한,빨레한
4218,빨래판,남북한,빨룩한,빨레한
4219,쿠웨이트,지렛대,쿠렛데,쿠웻데
4220,쿠웨이트,지렛대,쿠렛데,쿠웨데
4221,쿠웨이트,지렛대,쿠렛데,쿠웨렛데
4222,쿠웨이트,지렛대,쿠렛데,쿠웨엣데
4223,쿠웨이트,지렛대,쿠웻데,쿠웨데
4224,쿠웨이트,지렛대,쿠웻데,쿠웨렛데
4225,쿠웨이트,지렛대,쿠웻데,쿠웨엣데
4226,쿠웨이트,지렛대,쿠웨데,쿠웨렛데
4227,쿠웨이트,지렛대,쿠웨데,쿠웨엣데
4228,쿠웨이트,지렛대,쿠웨렛데,쿠웨엣데
4229,횃불,괘종시계,휏종시계,휏봉시계
4230,횃불,괘종시계,휏종시계,휏붕시계
4231,횃불,괘종시계,휏종시계,훼종시계
4232,횃불,괘종시계,휏종시계,휏부시계
4233,횃불,괘종시계,휏봉시계,훼종시계
4234,횃불,괘종시계,휏봉시계,휏부시계
4235,횃불,괘종시계,휏붕시계,훼종시계
4236,횃불,괘종시계,휏붕시계,휏부시계
4237,횃불,괘종시계,훼종시계,휏부시계
4238,롤러,구천,롤천,로천
4239,롤러,구천,롤천,롤구천
4240,롤러,구천,롤천,롤루천
4241,롤러,구천,롤천,로구천
4242,롤러,구천,로천,롤구천
4243,롤러,구천,로천,롤루천
4244,롤러,구천,로천,로구천
4245,롤러,구천,롤구천,롤루천
4246,롤러,구천,롤구천,로구천
4247,롤러,구천,롤루천,로구천
4248,딴따라,팜플렛,딴플렛,딴뜰렛
4249,딴따라,팜플렛,딴플렛,땀플렛
4250,딴따라,팜플렛,딴플렛,딴딸렛
4251,딴따라,팜플렛,딴플렛,따플렛
4252,딴따라,팜플렛,딴뜰렛,따플렛
4253,딴따라,팜플렛,땀플렛,따플렛
4254,딴따라,팜플렛,딴딸렛,따플렛
4255,뉘우침,땅값,뉭값,뉘값
4256,뉘우침,땅값,뉭값,뉘땅값
4257,뉘우침,땅값,뉭값,뉘웅값
4258,뉘우침,땅값,놩값,뉘값
4259,뉘우침,땅값,놩값,뉘땅값
4260,뉘우침,땅값,놩값,뉘웅값
4261,뉘우침,땅값,뉘값,뉘땅값
4262,뉘우침,땅값,뉘값,뉘웅값
4263,뉘우침,땅값,뉘땅값,뉘웅값
4264,힐난,날것,힐것,힐날것
4265,힐난,날것,힐것,힐나것
4266,힐난,날것,힐것,힐난것
4267,힐난,날것,힐것,힐나날것
4268,힐난,날것,힐날것,힐나것
4269,힐난,날것,힐날것,힐난것
4270,힐난,날것,힐날것,힐나날것
4271,힐난,날것,힐나것,힐난것
4272,힐난,날것,힐나것,힐나날것
4273,힐난,날것,힐난것,힐나날것
4274,비커,명필가,비엉필가,비커필가
4275,비커,명필가,비엉필가,빙필가
4276,비커,명필가,비엉필가,비필가
4277,비커,명필가,비엉필가,비킬가
4278,비커,명필가,비커필가,빙필가
4279,비커,명필가,비커필가,비필가
4280,비커,명필가,비커필가,비킬가
4281,비커,명필가,빙필가,비필가
4282,비커,명필가,빙필가,비킬가
4283,비커,명필가,비필가,비킬가
4284,쌍둥이,사령탑,쌍령탑,쌍뎡탑
4285,쌍둥이,사령탑,쌍령탑,쌍둥탑
4286,쌍둥이,사령탑,쌍령탑,싸령탑
4287,쌍둥이,사령탑,쌍령탑,쌍덩탑
4288,쌍둥이,사령탑,쌍뎡탑,쌍둥탑
4289,쌍둥이,사령탑,쌍뎡탑,싸령탑
4290,쌍둥이,사령탑,쌍뎡탑,쌍덩탑
4291,쌍둥이,사령탑,쌍둥탑,싸령탑
4292,쌍둥이,사령탑,쌍둥탑,쌍덩탑
4293,검거망,나트륨,검거륨,검그륨
4294,검거망,나트륨,검거륨,거트륨
4295,검거망,나트륨,검거륨,거으륨
4296,검거망,나트륨,검트륨,검그륨
4297,검거망,나트륨,검트륨,거트륨
4298,검거망,나트륨,검트륨,거으륨
4299,검거망,나트륨,검그륨,거트륨
4300,검거망,나트륨,검그륨,거으륨
4301,검거망,나트륨,거트륨,거으륨
4302,컬러,겉넓이,컬러이,컬리
4303,컬러,겉넓이,컬러이,커이
4304,컬러,겉넓이,컬리,커이
4305,올챙이,견직물,올체직물,올직물
4306,올챙이,견직물,올체직물,올칙물
4307,올챙이,견직물,올체직물,올첵물
4308,올챙이,견직물,올체직물,올쳉물
4309,올챙이,견직물,올직물,올칙물
4310,올챙이,견직물,올직물,올첵물
4311,올챙이,견직물,올직물,올쳉물
4312,답변,초읽기,답볅기,답벼기
4313,답변,초읽기,답볅기,답빍기
4314,답변,초읽기,답볅기,답변기
4315,답변,초읽기,답볅기,다읽기
4316,답변,초읽기,답벼기,답변기
4317,답변,초읽기,답벼기,다읽기
4318,답변,초읽기,답빍기,답변기
4319,답변,초읽기,답빍기,다읽기
4320,답변,초읽기,답변기,다읽기
4321,섣달,신뢰성,섣뒈성,선뤠성
4322,섣달,신뢰성,섣뒈성,섣데성
4323,섣달,신뢰성,섣뒈성,섣다성
4324,섣달,신뢰성,섣뤠성,선뤠성
4325,섣달,신뢰성,섣뤠성,섣데성
4326,섣달,신뢰성,섣뤠성,섣다성
4327,섣달,신뢰성,선뤠성,섣데성
4328,섣달,신뢰성,선뤠성,섣다성
4329,지탱,캐릭터,지릭터,지틱터
4330,지탱,캐릭터,지릭터,지텍터
4331,지탱,캐릭터,지릭터,지익터
4332,지탱,캐릭터,지릭터,지테터
4333,지탱,캐릭터,지틱터,지텍터
4334,지탱,캐릭터,지틱터,지익터
4335,지탱,캐릭터,지틱터,지테터
4336,지탱,캐릭터,지텍터,지익터
4337,지탱,캐릭터,지텍터,지테터
4338,간결성,그물주머니,간결주머니,간귤주머니
4339,간결성,그물주머니,간결주머니,간결수머니
4340,간결성,그물주머니,간결주머니,간결서머니
4341,간결성,그물주머니,간결주머니,간물주머니
4342,간결성,그물주머니,간귤주머니,간결서머니
4343,간결성,그물주머니,간귤주머니,간물주머니
4344,간결성,그물주머니,간결수머니,간결서머니
4345,간결성,그물주머니,간결수머니,간물주머니
4346,간결성,그물주머니,간결서머니,간물주머니
4347,결초보은,웬일,결칠,겨일
4348,결초보은,웬일,결칠,결초빌
4349,결초보은,웬일,결칠,결초일
4350,결초보은,웬일,결칠,결초보일
4351,결초보은,웬일,겨일,결초빌
4352,결초보은,웬일,겨일,결초일
4353,결초보은,웬일,겨일,결초보일
4354,결초보은,웬일,결초빌,결초일
4355,결초보은,웬일,결초빌,결초보일
4356,결초보은,웬일,결초일,결초보일
4357,가랑비,꿀단지,갈단지,가랑지
4358,가랑비,꿀단지,갈단지,가단지
4359,가랑비,꿀단지,갈단지,가란지
4360,가랑비,꿀단지,갈단지,가안지
4361,가랑비,꿀단지,가랑지,가란지
4362,가랑비,꿀단지,가랑지,가안지
4363,가랑비,꿀단지,가단지,가란지
4364,가랑비,꿀단지,가단지,가안지
4365,가랑비,꿀단지,가란지,가안지
4366,숄더백,주춧돌,숄춧돌,숄둣돌
4367,숄더백,주춧돌,숄춧돌,숄덧돌
4368,숄더백,주춧돌,숄춧돌,숄더돌
4369,숄더백,주춧돌,숄춧돌,슈춧돌
4370,숄더백,주춧돌,숄둣돌,숄더돌
4371,숄더백,주춧돌,숄둣돌,슈춧돌
4372,숄더백,주춧돌,숄덧돌,숄더돌
4373,숄더백,주춧돌,숄덧돌,슈춧돌
4374,숄더백,주춧돌,숄더돌,슈춧돌
4375,머리숱,쪼끔,머끔,머쪼끔
4376,머리숱,쪼끔,머끔,머리끔
4377,머리숱,쪼끔,머끔,머로끔
4378,머리숱,쪼끔,머끔,머오끔
4379,머리숱,쪼끔,머쪼끔,머로끔
4380,머리숱,쪼끔,머쪼끔,머오끔
4381,머리숱,쪼끔,머리끔,머로끔
4382,머리숱,쪼끔,머리끔,머오끔
4383,머리숱,쪼끔,머로끔,머오끔
4384,별말씀,우윳빛,별말빛,별맛빛
4385,별말씀,우윳빛,별말빛,별뭇빛
4386,별말씀,우윳빛,별말빛,별마빛
4387,별말씀,우윳빛,별말빛,벼웃빛
4388,별말씀,우윳빛,별맛빛,별마빛
4389,별말씀,우윳빛,별맛빛,벼웃빛
4390,별말씀,우윳빛,별뭇빛,별마빛
4391,별말씀,우윳빛,별뭇빛,벼웃빛
4392,별말씀,우윳빛,별마빛,벼웃빛
4393,곧은길,가시방석,곧시방석,고시방석
4394,곧은길,가시방석,곧시방석,고이방석
4395,곧은길,가시방석,곧시방석,곧가시방석
4396,곧은길,가시방석,곧시방석,고가시방석
4397,곧은길,가시방석,고시방석,고이방석
4398,곧은길,가시방석,고시방석,곧가시방석
4399,곧은길,가시방석,고시방석,고가시방석
4400,곧은길,가시방석,고이방석,곧가시방석
4401,곧은길,가시방석,고이방석,고가시방석
4402,곧은길,가시방석,곧가시방석,고가시방석
4403,개방적,길잡이,게방지,게바이
4404,개방적,길잡이,게방지,게방저이
4405,개방적,길잡이,게방지,게비
4406,개방적,길잡이,게방지,게이
4407,개방적,길잡이,게바이,게방저이
4408,개방적,길잡이,게바이,게비
4409,개방적,길잡이,게바이,게이
4410,개방적,길잡이,게방저이,게비
4411,개방적,길잡이,게방저이,게이
4412,개방적,길잡이,게비,게이
4413,최솟값,감소,췌소,췌삼소
4414,최솟값,감소,췌소,췌솟소
4415,최솟값,감소,췌소,췌솜소
4416,최솟값,감소,췌소,췌소소
4417,최솟값,감소,췌삼소,췌솟소
4418,최솟값,감소,췌삼소,췌솜소
4419,최솟값,감소,췌삼소,췌소소
4420,최솟값,감소,췌솟소,췌솜소
4421,최솟값,감소,췌솟소,췌소소
4422,최솟값,감소,췌솜소,췌소소
4423,뾰루지,목화씨,뾰루씨,뾰라씨
4424,뾰루지,목화씨,뾰루씨,뾰아씨
4425,뾰루지,목화씨,뾰루씨,뾰루자씨
4426,뾰루지,목화씨,뾰루씨,뾰루아씨
4427,뾰루지,목화씨,뾰라씨,뾰아씨
4428,뾰루지,목화씨,뾰라씨,뾰루자씨
4429,뾰루지,목화씨,뾰라씨,뾰루아씨
4430,뾰루지,목화씨,뾰아씨,뾰루자씨
4431,뾰루지,목화씨,뾰아씨,뾰루아씨
4432,뾰루지,목화씨,뾰루자씨,뾰루아씨
4433,닿소리,콤파스,닿소스,담파스
4434,닿소리,콤파스,닿소스,닿사스
4435,닿소리,콤파스,닿소스,다파스
4436,닿소리,콤파스,닿파스,담파스
4437,닿소리,콤파스,닿파스,닿사스
4438,닿소리,콤파스,닿파스,다파스
4439,닿소리,콤파스,담파스,다파스
4440,닿소리,콤파스,닿사스,다파스
4441,타임캡슐,흑설탕,탁설탕,타설탕
4442,타임캡슐,흑설탕,탁설탕,타임탕
4443,타임캡슐,흑설탕,탁설탕,타얼탕
4444,타임캡슐,흑설탕,탁설탕,타일탕
4445,타임캡슐,흑설탕,타설탕,타임탕
4446,타임캡슐,흑설탕,타설탕,타얼탕
4447,타임캡슐,흑설탕,타설탕,타일탕
4448,타임캡슐,흑설탕,타임탕,타얼탕
4449,타임캡슐,흑설탕,타임탕,타일탕
4450,샌드위치,상흔,셍흔,세흔
4451,샌드위치,상흔,셍흔,센상흔
4452,샌드위치,상흔,셍흔,센당흔
4453,샌드위치,상흔,센흔,세흔
4454,샌드위치,상흔,센흔,센상흔
4455,샌드위치,상흔,센흔,센당흔
4456,샌드위치,상흔,세흔,센상흔
4457,샌드위치,상흔,세흔,센당흔
4458,샌드위치,상흔,센상흔,센당흔
4459,컨테이너,부친상,컨친상,컨틴상
4460,컨테이너,부친상,컨친상,컨텐상
4461,컨테이너,부친상,컨친상,컨테상
4462,컨테이너,부친상,컨친상,커친상
4463,컨테이너,부친상,컨틴상,컨테상
4464,컨테이너,부친상,컨틴상,커친상
4465,컨테이너,부친상,컨텐상,컨테상
4466,컨테이너,부친상,컨텐상,커친상
4467,컨테이너,부친상,컨테상,커친상
4468,햇병아리,앞여밈,헷병밈,헷벼밈
4469,햇병아리,앞여밈,헷병밈,헷버밈
4470,햇병아리,앞여밈,헷병밈,헤여밈
4471,햇병아리,앞여밈,헷병밈,헤어밈
4472,햇병아리,앞여밈,헷벼밈,헷버밈
4473,햇병아리,앞여밈,헷벼밈,헤여밈
4474,햇병아리,앞여밈,헷벼밈,헤어밈
4475,햇병아리,앞여밈,헷버밈,헤여밈
4476,햇병아리,앞여밈,헷버밈,헤어밈
4477,햇병아리,앞여밈,헤여밈,헤어밈
4478,엠티,어슷썰기,엠슷썰기,엠틋썰기
4479,엠티,어슷썰기,엠슷썰기,엠티썰기
4480,엠티,어슷썰기,엠슷썰기,엠티얼기
4481,엠티,어슷썰기,엠슷썰기,엠팃썰기
4482,엠티,어슷썰기,엠틋썰기,엠티썰기
4483,엠티,어슷썰기,엠틋썰기,엠티얼기
4484,엠티,어슷썰기,엠틋썰기,엠팃썰기
4485,엠티,어슷썰기,엠티썰기,엠티얼기
4486,엠티,어슷썰기,엠티썰기,엠팃썰기
4487,인스턴트식품,드링크,인드링크,인스팅크
4488,인스턴트식품,드링크,인드링크,인스텅크
4489,인스턴트식품,드링크,인스링크,인스팅크
4490,인스턴트식품,드링크,인스링크,인스텅크
4491,인스턴트식품,드링크,인스턴크,인스팅크
4492,인스턴트식품,드링크,인스턴크,인스텅크
4493,공람,둔부,공부,곤부
4494,공람,둔부,공부,고부
4495,공람,둔부,공부,공둔부
4496,공람,둔부,공부,공룬부
4497,공람,둔부,곤부,고부
4498,공람,둔부,곤부,공둔부
4499,공람,둔부,곤부,공룬부
4500,공람,둔부,고부,공둔부
4501,공람,둔부,고부,공룬부
4502,공람,둔부,공둔부,공룬부
4503,쐐기,고리대금업,쒜기업,쒜겁
4504,쐐기,고리대금업,쒜기업,쒜업
4505,쐐기,고리대금업,쒜겁,쒜업
4506,괘씸죄,부지깽이,궤씸지,궤씨이
4507,괘씸죄,부지깽이,궤씸지,궤씨
4508,괘씸죄,부지깽이,궤씸지,궤이
4509,괘씸죄,부지깽이,궤씨이,궤씨
4510,괘씸죄,부지깽이,궤씨이,궤이
4511,괘씸죄,부지깽이,궤씨,궤이
4512,강제력,비읍,강즙,가읍
4513,강제력,비읍,강즙,강제릅
4514,강제력,비읍,강즙,강비읍
4515,강제력,비읍,강즙,강제읍
4516,강제력,비읍,가읍,강제릅
4517,강제력,비읍,가읍,강비읍
4518,강제력,비읍,가읍,강제읍
4519,강제력,비읍,강제릅,강비읍
4520,강제력,비읍,강제릅,강제읍
4521,넌더리,엊그제,넌그제,넌드제
4522,넌더리,엊그제,넌그제,넞그제
4523,넌더리,엊그제,넌그제,너그제
4524,넌더리,엊그제,넌더제,넌드제
4525,넌더리,엊그제,넌더제,넞그제
4526,넌더리,엊그제,넌더제,너그제
4527,넌더리,엊그제,넌드제,너그제
4528,넌더리,엊그제,넞그제,너그제
4529,쑥대밭,먹잇감,쑥딧감,쑥데감
4530,쑥대밭,먹잇감,쑥딧감,쑥데빗감
4531,쑥대밭,먹잇감,쑥딧감,쑥데밧감
4532,쑥대밭,먹잇감,쑥뎃감,쑥데감
4533,쑥대밭,먹잇감,쑥뎃감,쑥데빗감
4534,쑥대밭,먹잇감,쑥뎃감,쑥데밧감
4535,쑥대밭,먹잇감,쑥데감,쑥데빗감
4536,쑥대밭,먹잇감,쑥데감,쑥데밧감
4537,쑥대밭,먹잇감,쑥데빗감,쑥데밧감
4538,왼손,밧데리,웬데리,웬세리
4539,왼손,밧데리,웬데리,웬소리
4540,왼손,밧데리,웬데리,웬손리
4541,왼손,밧데리,웻데리,웬세리
4542,왼손,밧데리,웻데리,웬소리
4543,왼손,밧데리,웻데리,웬손리
4544,왼손,밧데리,웬세리,웬소리
4545,왼손,밧데리,웬세리,웬손리
4546,왼손,밧데리,웬소리,웬손리
4547,홈런,대접전,호접전,홈데접전
4548,홈런,대접전,호접전,홈러접전
4549,홈런,대접전,호접전,홈레접전
4550,홈런,대접전,홈러전,홈데접전
4551,홈런,대접전,홈러전,홈러접전
4552,홈런,대접전,홈러전,홈레접전
4553,다큐멘터리,밴드,단드,다드
4554,다큐멘터리,밴드,단드,다큔드
4555,다큐멘터리,밴드,단드,다큐드
4556,다큐멘터리,밴드,단드,다벤드
4557,다큐멘터리,밴드,다드,다큔드
4558,다큐멘터리,밴드,다드,다큐드
4559,다큐멘터리,밴드,다드,다벤드
4560,다큐멘터리,밴드,다큔드,다큐드
4561,다큐멘터리,밴드,다큔드,다벤드
4562,다큐멘터리,밴드,다큐드,다벤드
4563,낙관론,개교기념일,낙관로일,낙관릴
4564,낙관론,개교기념일,낙관로일,낙과일
4565,낙관론,개교기념일,낙관로일,낙귈
4566,낙관론,개교기념일,낙관로일,낙길
4567,낙관론,개교기념일,낙관릴,낙과일
4568,낙관론,개교기념일,낙관릴,낙귈
4569,낙관론,개교기념일,낙관릴,낙길
4570,낙관론,개교기념일,낙과일,낙귈
4571,낙관론,개교기념일,낙과일,낙길
4572,낙관론,개교기념일,낙귈,낙길
4573,손아랫사람,쾌거,손거,소거
4574,손아랫사람,쾌거,손거,손퀘거
4575,손아랫사람,쾌거,손거,소퀘거
4576,손아랫사람,쾌거,손거,소웨거
4577,손아랫사람,쾌거,소거,손퀘거
4578,손아랫사람,쾌거,소거,소퀘거
4579,손아랫사람,쾌거,소거,소웨거
4580,손아랫사람,쾌거,손퀘거,소퀘거
4581,손아랫사람,쾌거,손퀘거,소웨거
4582,손아랫사람,쾌거,소퀘거,소웨거
4583,너와집,베개,너게,너베게
4584,너와집,베개,너게,너와게
4585,너와집,베개,너게,너웨게
4586,너와집,베개,너게,너에게
4587,너와집,베개,너베게,너웨게
4588,너와집,베개,너베게,너에게
4589,너와집,베개,너와게,너웨게
4590,너와집,베개,너와게,너에게
4591,너와집,베개,너웨게,너에게
4592,간섭,네거리,가거리,간거리
4593,간섭,네거리,가거리,간서리
4594,간섭,네거리,가거리,간섭리
4595,간섭,네거리,가거리,가어리
4596,간섭,네거리,간거리,간서리
4597,간섭,네거리,간거리,간섭리
4598,간섭,네거리,간거리,가어리
4599,간섭,네거리,간서리,간섭리
4600,간섭,네거리,간서리,가어리
4601,간섭,네거리,간섭리,가어리
4602,귓바퀴,뙈기밭,귓바밭,귓비밭
4603,귓바퀴,뙈기밭,귓바밭,궤기밭
4604,귓바퀴,뙈기밭,귓바밭,귀기밭
4605,귓바퀴,뙈기밭,귓기밭,귓비밭
4606,귓바퀴,뙈기밭,귓기밭,궤기밭
4607,귓바퀴,뙈기밭,귓기밭,귀기밭
4608,귓바퀴,뙈기밭,귓비밭,궤기밭
4609,귓바퀴,뙈기밭,귓비밭,귀기밭
4610,스펠링,공허,승허,스허
4611,스펠링,공허,승허,스공허
4612,스펠링,공허,승허,스펠허
4613,스펠링,공허,승허,스퐁허
4614,스펠링,공허,스허,스공허
4615,스펠링,공허,스허,스펠허
4616,스펠링,공허,스허,스퐁허
4617,스펠링,공허,스공허,스퐁허
4618,스펠링,공허,스펠허,스퐁허
4619,김치냉장고,길바닥,김치닥,김차닥
4620,김치냉장고,길바닥,김치닥,기바닥
4621,김치냉장고,길바닥,김치닥,기아닥
4622,김치냉장고,길바닥,김바닥,김차닥
4623,김치냉장고,길바닥,김바닥,기바닥
4624,김치냉장고,길바닥,김바닥,기아닥
4625,김치냉장고,길바닥,김차닥,기바닥
4626,김치냉장고,길바닥,김차닥,기아닥
4627,김치냉장고,길바닥,기바닥,기아닥
4628,뒤뜰,지읒,뒤뜾,뒤읒
4629,뒤뜰,지읒,뒤뜾,뒤지읒
4630,뒤뜰,지읒,뒤뜾,뒤뜨읒
4631,뒤뜰,지읒,뒤뜾,뒤띠읒
4632,뒤뜰,지읒,뒤읒,뒤지읒
4633,뒤뜰,지읒,뒤읒,뒤뜨읒
4634,뒤뜰,지읒,뒤읒,뒤띠읒
4635,뒤뜰,지읒,뒤지읒,뒤뜨읒
4636,뒤뜰,지읒,뒤지읒,뒤띠읒
4637,강기슭,가지치기,강지치기,강기시기
4638,강기슭,가지치기,강지치기,강기스기
4639,강기슭,가지치기,강지치기,강기슭기
4640,강기슭,가지치기,강기치기,강기시기
4641,강기슭,가지치기,강기치기,강기스기
4642,강기슭,가지치기,강기치기,강기슭기
4643,강기슭,가지치기,강기시기,강기슭기
4644,강기슭,가지치기,강기스기,강기슭기
4645,긴소매,벼락치기,긴락치기,긴속치기
4646,긴소매,벼락치기,긴락치기,긴삭치기
4647,긴소매,벼락치기,긴락치기,기락치기
4648,긴소매,벼락치기,긴락치기,긴소치기
4649,긴소매,벼락치기,긴속치기,기락치기
4650,긴소매,벼락치기,긴속치기,긴소치기
4651,긴소매,벼락치기,긴삭치기,기락치기
4652,긴소매,벼락치기,긴삭치기,긴소치기
4653,매운맛,모르핀,메운핀,메으핀
4654,매운맛,모르핀,메운핀,메우핀
4655,매운맛,모르핀,메운핀,메운르핀
4656,매운맛,모르핀,메르핀,메으핀
4657,매운맛,모르핀,메르핀,메우핀
4658,매운맛,모르핀,메르핀,메운르핀
4659,매운맛,모르핀,메으핀,메운르핀
4660,매운맛,모르핀,메우핀,메운르핀
4661,텍스트,공공복리,텍공복리,텍승복리
4662,텍스트,공공복리,텍공복리,텡공복리
4663,텍스트,공공복리,텍공복리,텍송복리
4664,텍스트,공공복리,텍공복리,텍스복리
4665,텍스트,공공복리,텍승복리,텍스복리
4666,텍스트,공공복리,텡공복리,텍스복리
4667,텍스트,공공복리,텍송복리,텍스복리
4668,각기둥,억류,각류,가류
4669,각기둥,억류,각류,각걱류
4670,각기둥,억류,각류,각긱류
4671,각기둥,억류,각류,각기류
4672,각기둥,억류,가류,각걱류
4673,각기둥,억류,가류,각긱류
4674,각기둥,억류,가류,각기류
4675,각기둥,억류,각걱류,각기류
4676,각기둥,억류,각긱류,각기류
4677,쉰내,셔츠,쉰츠,숴츠
4678,쉰내,셔츠,쉰츠,쉬츠
4679,쉰내,셔츠,쉰츠,쉰너츠
4680,쉰내,셔츠,쉰츠,쉰네츠
4681,쉰내,셔츠,숴츠,쉰너츠
4682,쉰내,셔츠,숴츠,쉰네츠
4683,쉰내,셔츠,쉬츠,쉰너츠
4684,쉰내,셔츠,쉬츠,쉰네츠
4685,쉰내,셔츠,쉰너츠,쉰네츠
4686,기함,쌍디귿,깅디귿,기하이귿
4687,기함,쌍디귿,깅디귿,기디귿
4688,기함,쌍디귿,깅디귿,기하귿
4689,기함,쌍디귿,깅디귿,기히귿
4690,기함,쌍디귿,기하이귿,기디귿
4691,기함,쌍디귿,기하이귿,기하귿
4692,기함,쌍디귿,기하이귿,기히귿
4693,기함,쌍디귿,기디귿,기하귿
4694,기함,쌍디귿,기디귿,기히귿
4695,조깅,품삯,좀삯,조삯
4696,조깅,품삯,좀삯,조품삯
4697,조깅,품삯,좀삯,조굼삯
4698,조깅,품삯,좀삯,조김삯
4699,조깅,품삯,조삯,조품삯
4700,조깅,품삯,조삯,조굼삯
4701,조깅,품삯,조삯,조김삯
4702,조깅,품삯,조품삯,조굼삯
4703,조깅,품삯,조품삯,조김삯
4704,고춧가루,모뎀,고뎀,고춧뎀
4705,고춧가루,모뎀,고뎀,고모뎀
4706,고춧가루,모뎀,고뎀,고추뎀
4707,고춧가루,모뎀,고뎀,고초뎀
4708,고춧가루,모뎀,고춧뎀,고모뎀
4709,고춧가루,모뎀,고춧뎀,고추뎀
4710,고춧가루,모뎀,고춧뎀,고초뎀
4711,고춧가루,모뎀,고모뎀,고추뎀
4712,고춧가루,모뎀,고모뎀,고초뎀
4713,가스총,대성황,가성황,가승황
4714,가스총,대성황,가성황,가스황
4715,가스총,대성황,가성황,가스총황
4716,가스총,대성황,가성황,가스성황
4717,가스총,대성황,가승황,가스황
4718,가스총,대성황,가승황,가스총황
4719,가스총,대성황,가승황,가스성황
4720,가스총,대성황,가스황,가스총황
4721,가스총,대성황,가스황,가스성황
4722,가스총,대성황,가스총황,가스성황
4723,금융,판넬,금넬,근넬
4724,금융,판넬,금넬,그넬
4725,금융,판넬,금넬,금판넬
4726,금융,판넬,금넬,그판넬
4727,금융,판넬,근넬,그넬
4728,금융,판넬,근넬,금판넬
4729,금융,판넬,근넬,그판넬
4730,금융,판넬,그넬,금판넬
4731,금융,판넬,그넬,그판넬
4732,금융,판넬,금판넬,그판넬
4733,겉멋,흠모,겉모,검모
4734,겉멋,흠모,겉모,겉멈모
4735,겉멋,흠모,겉모,겉믐모
4736,겉멋,흠모,겉모,겉머모
4737,겉멋,흠모,검모,겉멈모
4738,겉멋,흠모,검모,겉믐모
4739,겉멋,흠모,검모,겉머모
4740,겉멋,흠모,겉멈모,겉머모
4741,겉멋,흠모,겉믐모,겉머모
4742,성의껏,강박증,성박증,성강박증
4743,성의껏,강박증,성박증,성증
4744,성의껏,강박증,성박증,서박증
4745,성의껏,강박증,성박증,서악증
4746,성의껏,강박증,성강박증,성증
4747,성의껏,강박증,성강박증,서박증
4748,성의껏,강박증,성강박증,서악증
4749,성의껏,강박증,성증,서박증
4750,성의껏,강박증,성증,서악증
4751,성의껏,강박증,서박증,서악증
4752,검문,북측,검측,걱측
4753,검문,북측,검측,거측
4754,검문,북측,검측,검북측
4755,검문,북측,검측,검묵측
4756,검문,북측,걱측,거측
4757,검문,북측,걱측,검북측
4758,검문,북측,걱측,검묵측
4759,검문,북측,거측,검북측
4760,검문,북측,거측,검묵측
4761,검문,북측,검북측,검묵측
4762,등긁이,감개,등게,듬게
4763,등긁이,감개,등게,등감게
4764,등긁이,감개,등게,등긁게
4765,등긁이,감개,등게,등금게
4766,등긁이,감개,듬게,등감게
4767,등긁이,감개,듬게,등긁게
4768,등긁이,감개,듬게,등금게
4769,등긁이,감개,등감게,등금게
4770,등긁이,감개,등긁게,등금게
4771,반인륜,죔죔,반쥄,밤쥄
4772,반인륜,죔죔,반쥄,바쥄
4773,반인륜,죔죔,반쥄,바엠쥄
4774,반인륜,죔죔,밤쥄,바쥄
4775,반인륜,죔죔,밤쥄,바엠쥄
4776,반인륜,죔죔,바쥄,바엠쥄
4777,넉살,간주곡,넉주곡,넌주곡
4778,넉살,간주곡,넉주곡,넉수곡
4779,넉살,간주곡,넉주곡,넉사곡
4780,넉살,간주곡,넉주곡,너주곡
4781,넉살,간주곡,넌주곡,너주곡
4782,넉살,간주곡,넉수곡,너주곡
4783,넉살,간주곡,넉사곡,너주곡
4784,백일홍,쇼윈도,베윈도,베인도
4785,백일홍,쇼윈도,베윈도,베오윈도
4786,백일홍,쇼윈도,베윈도,벤도
4787,백일홍,쇼윈도,베윈도,벡도
4788,백일홍,쇼윈도,베인도,베오윈도
4789,백일홍,쇼윈도,베인도,벤도
4790,백일홍,쇼윈도,베인도,벡도
4791,백일홍,쇼윈도,베오윈도,벤도
4792,백일홍,쇼윈도,베오윈도,벡도
4793,디엔에이,봄노래,딤노레,디엔레
4794,디엔에이,봄노래,딤노레,디노레
4795,디엔에이,봄노래,딤노레,디에레
4796,디엔에이,봄노래,딤노레,디오레
4797,디엔에이,봄노래,디엔레,디에레
4798,디엔에이,봄노래,디엔레,디오레
4799,디엔에이,봄노래,디노레,디에레
4800,디엔에이,봄노래,디노레,디오레
4801,디엔에이,봄노래,디에레,디오레
4802,잣죽,볍씨,잣씨,잡씨
4803,잣죽,볍씨,잣씨,자씨
4804,잣죽,볍씨,잣씨,잣볍씨
4805,잣죽,볍씨,잣씨,잣졉씨
4806,잣죽,볍씨,잡씨,자씨
4807,잣죽,볍씨,잡씨,잣볍씨
4808,잣죽,볍씨,잡씨,잣졉씨
4809,잣죽,볍씨,자씨,잣볍씨
4810,잣죽,볍씨,자씨,잣졉씨
4811,잣죽,볍씨,잣볍씨,잣졉씨
4812,벼농사,나무뿌리,벼농뿌리,벼농수리
4813,벼농사,나무뿌리,벼농뿌리,벼무뿌리
4814,벼농사,나무뿌리,벼농뿌리,뱌무뿌리
4815,벼농사,나무뿌리,벼농뿌리,벼노뿌리
4816,벼농사,나무뿌리,벼농수리,벼무뿌리
4817,벼농사,나무뿌리,벼농수리,뱌무뿌리
4818,벼농사,나무뿌리,벼농수리,벼노뿌리
4819,벼농사,나무뿌리,벼무뿌리,뱌무뿌리
4820,벼농사,나무뿌리,벼무뿌리,벼노뿌리
4821,가입서,경거망동,강거망동,가거망동
4822,가입서,경거망동,강거망동,가입망동
4823,가입서,경거망동,강거망동,가입상동
4824,가입서,경거망동,강거망동,가어망동
4825,가입서,경거망동,가거망동,가입상동
4826,가입서,경거망동,가거망동,가어망동
4827,가입서,경거망동,가입망동,가입상동
4828,가입서,경거망동,가입망동,가어망동
4829,가입서,경거망동,가입상동,가어망동
4830,강심제,개펄,강펄,가펄
4831,강심제,개펄,강펄,강심펄
4832,강심제,개펄,강펄,강세펄
4833,강심제,개펄,강펄,강게펄
4834,강심제,개펄,가펄,강심펄
4835,강심제,개펄,가펄,강세펄
4836,강심제,개펄,가펄,강게펄
4837,강심제,개펄,강심펄,강세펄
4838,강심제,개펄,강심펄,강게펄
4839,팥쥐,결혼기념일,팥쥐일,팥쥘
4840,팥쥐,결혼기념일,팥쥐일,팥질
4841,팥쥐,결혼기념일,팥쥐일,파일
4842,팥쥐,결혼기념일,팥쥘,팥질
4843,팥쥐,결혼기념일,팥쥘,파일
4844,팥쥐,결혼기념일,팥질,파일
4845,겸임,관광버스,겨앙버스,겸버스
4846,겸임,관광버스,겨앙버스,경버스
4847,겸임,관광버스,겨앙버스,걍버스
4848,겸임,관광버스,겨앙버스,겨버스
4849,겸임,관광버스,겸버스,경버스
4850,겸임,관광버스,겸버스,걍버스
4851,겸임,관광버스,겸버스,겨버스
4852,겸임,관광버스,경버스,겨버스
4853,겸임,관광버스,걍버스,겨버스
4854,첼로,거즈,첼즈,체즈
4855,첼로,거즈,첼즈,첼거즈
4856,첼로,거즈,첼즈,첼러즈
4857,첼로,거즈,첼즈,체거즈
4858,첼로,거즈,체즈,첼거즈
4859,첼로,거즈,체즈,첼러즈
4860,첼로,거즈,체즈,체거즈
4861,첼로,거즈,첼거즈,첼러즈
4862,첼로,거즈,첼거즈,체거즈
4863,첼로,거즈,첼러즈,체거즈
4864,게릴라전,괴롬,게롬,게릴롬
4865,게릴라전,괴롬,게롬,게뤠롬
4866,게릴라전,괴롬,게롬,게궤롬
4867,게릴라전,괴롬,게롬,게웨롬
4868,게릴라전,괴롬,게릴롬,게뤠롬
4869,게릴라전,괴롬,게릴롬,게궤롬
4870,게릴라전,괴롬,게릴롬,게웨롬
4871,게릴라전,괴롬,게뤠롬,게웨롬
4872,게릴라전,괴롬,게궤롬,게웨롬
4873,요쯤,고압,요짭,요압
4874,요쯤,고압,요짭,요고압
4875,요쯤,고압,요짭,요쪼압
4876,요쯤,고압,요짭,요쯔압
4877,요쯤,고압,요압,요고압
4878,요쯤,고압,요압,요쪼압
4879,요쯤,고압,요압,요쯔압
4880,요쯤,고압,요고압,요쪼압
4881,요쯤,고압,요고압,요쯔압
4882,잠깐,살갗,잠갗,잘갗
4883,잠깐,살갗,잠갗,자갗
4884,잠깐,살갗,잠갗,잠살갗
4885,잠깐,살갗,잠갗,잠깔갗
4886,잠깐,살갗,잘갗,자갗
4887,잠깐,살갗,잘갗,잠살갗
4888,잠깐,살갗,잘갗,잠깔갗
4889,잠깐,살갗,자갗,잠살갗
4890,잠깐,살갗,자갗,잠깔갗
4891,잠깐,살갗,잠살갗,잠깔갗
4892,게이트볼,곱슬,겝슬,게슬
4893,게이트볼,곱슬,겝슬,게곱슬
4894,게이트볼,곱슬,겝슬,게입슬
4895,게이트볼,곱슬,겝슬,게옵슬
4896,게이트볼,곱슬,게슬,게곱슬
4897,게이트볼,곱슬,게슬,게입슬
4898,게이트볼,곱슬,게슬,게옵슬
4899,게이트볼,곱슬,게곱슬,게입슬
4900,게이트볼,곱슬,게곱슬,게옵슬
4901,텔레뱅킹,바닐라,텔닐라,텔렐라
4902,텔레뱅킹,바닐라,텔닐라,텔릴라
4903,텔레뱅킹,바닐라,텔닐라,텔레라
4904,텔레뱅킹,바닐라,텔닐라,테닐라
4905,텔레뱅킹,바닐라,텔렐라,텔레라
4906,텔레뱅킹,바닐라,텔렐라,테닐라
4907,텔레뱅킹,바닐라,텔릴라,텔레라
4908,텔레뱅킹,바닐라,텔릴라,테닐라
4909,텔레뱅킹,바닐라,텔레라,테닐라
4910,힌트,가래,힌레,히레
4911,힌트,가래,힌레,힌가레
4912,힌트,가래,힌레,힌타레
4913,힌트,가래,힌레,히가레
4914,힌트,가래,히레,힌가레
4915,힌트,가래,히레,힌타레
4916,힌트,가래,히레,히가레
4917,힌트,가래,힌가레,힌타레
4918,힌트,가래,힌가레,히가레
4919,힌트,가래,힌타레,히가레
4920,구두끈,벙어리,구두리,구더리
4921,구두끈,벙어리,구두리,구어리
4922,구두끈,벙어리,구두리,구두꺼리
4923,구두끈,벙어리,구두리,구두끄리
4924,구두끈,벙어리,구더리,구어리
4925,구두끈,벙어리,구더리,구두꺼리
4926,구두끈,벙어리,구더리,구두끄리
4927,구두끈,벙어리,구어리,구두꺼리
4928,구두끈,벙어리,구어리,구두끄리
4929,텃세,그랑프리,텃랑프리,텃상프리
4930,텃세,그랑프리,텃랑프리,터랑프리
4931,텃세,그랑프리,텃랑프리,터앙프리
4932,텃세,그랑프리,텃랑프리,텃세프리
4933,텃세,그랑프리,텃상프리,터랑프리
4934,텃세,그랑프리,텃상프리,터앙프리
4935,텃세,그랑프리,텃상프리,텃세프리
4936,텃세,그랑프리,터랑프리,터앙프리
4937,텃세,그랑프리,터랑프리,텃세프리
4938,텃세,그랑프리,터앙프리,텃세프리
4939,숨바꼭질,강도범,숨바범,숨바꼭범
4940,숨바꼭질,강도범,숨바범,숨강도범
4941,숨바꼭질,강도범,숨바범,숨방도범
4942,숨바꼭질,강도범,숨바범,숨바도범
4943,숨바꼭질,강도범,숨바꼭범,숨방도범
4944,숨바꼭질,강도범,숨바꼭범,숨바도범
4945,숨바꼭질,강도범,숨강도범,숨방도범
4946,숨바꼭질,강도범,숨강도범,숨바도범
4947,숨바꼭질,강도범,숨방도범,숨바도범
4948,강하,두메산골,가메산골,강하안골
4949,강하,두메산골,가메산골,강메산골
4950,강하,두메산골,가메산골,강헤산골
4951,강하,두메산골,가메산골,가에산골
4952,강하,두메산골,강하안골,강메산골
4953,강하,두메산골,강하안골,강헤산골
4954,강하,두메산골,강하안골,가에산골
4955,강하,두메산골,강메산골,강헤산골
4956,강하,두메산골,강메산골,가에산골
4957,강하,두메산골,강헤산골,가에산골
4958,채찍,덮개,쳎게,체게
4959,채찍,덮개,쳎게,체덮게
4960,채찍,덮개,쳎게,체쩦게
4961,채찍,덮개,쳎게,체찦게
4962,채찍,덮개,체게,체덮게
4963,채찍,덮개,체게,체쩦게
4964,채찍,덮개,체게,체찦게
4965,채찍,덮개,체덮게,체쩦게
4966,채찍,덮개,체덮게,체찦게
4967,디스켓,무혈,디혈,디무혈
4968,디스켓,무혈,디혈,디스혈
4969,디스켓,무혈,디혈,디수혈
4970,디스켓,무혈,디혈,디우혈
4971,디스켓,무혈,디무혈,디수혈
4972,디스켓,무혈,디무혈,디우혈
4973,디스켓,무혈,디스혈,디수혈
4974,디스켓,무혈,디스혈,디우혈
4975,디스켓,무혈,디수혈,디우혈
4976,손뼉,기쁨,손쁨,소쁨
4977,손뼉,기쁨,손쁨,손뼈쁨
4978,손뼉,기쁨,손쁨,손기쁨
4979,손뼉,기쁨,손쁨,손삐쁨
4980,손뼉,기쁨,소쁨,손뼈쁨
4981,손뼉,기쁨,소쁨,손기쁨
4982,손뼉,기쁨,소쁨,손삐쁨
4983,손뼉,기쁨,손뼈쁨,손기쁨
4984,손뼉,기쁨,손뼈쁨,손삐쁨
4985,손뼉,기쁨,손기쁨,손삐쁨
4986,관직명,간담,관담,과담
4987,관직명,간담,관담,관직담
4988,관직명,간담,관담,관간담
4989,관직명,간담,관담,관진담
4990,관직명,간담,과담,관직담
4991,관직명,간담,과담,관간담
4992,관직명,간담,과담,관진담
4993,관직명,간담,관직담,관진담
4994,관직명,간담,관간담,관진담
4995,어둠,가락엿,어두엿,어뎟
4996,가석방,명필,강필,가필
4997,가석방,명필,강필,가명필
4998,가석방,명필,강필,가셩필
4999,가석방,명필,강필,가석필
5000,가석방,명필,가필,가명필
5001,가석방,명필,가필,가셩필
5002,가석방,명필,가필,가석필
5003,가석방,명필,가명필,가셩필
5004,가석방,명필,가명필,가석필
5005,가석방,명필,가셩필,가석필
5006,각양각색,뙤약볕,가볕,가악볕
5007,각양각색,뙤약볕,가볕,각볕
5008,각양각색,뙤약볕,가악볕,각볕
5009,기독교,개론,기론,기독론
5010,기독교,개론,기론,기게론
5011,기독교,개론,기론,기데론
5012,기독교,개론,기론,기도론
5013,기독교,개론,기독론,기게론
5014,기독교,개론,기독론,기데론
5015,기독교,개론,기독론,기도론
5016,기독교,개론,기게론,기도론
5017,기독교,개론,기데론,기도론
5018,광복,헝가리어,광가리어,광보리어
5019,광복,헝가리어,광가리어,궝가리어
5020,광복,헝가리어,광가리어,광바리어
5021,광복,헝가리어,광가리어,과가리어
5022,광복,헝가리어,광보리어,과가리어
5023,광복,헝가리어,궝가리어,과가리어
5024,광복,헝가리어,광바리어,과가리어
5025,버팀대,맹독,버팀독,버텡독
5026,버팀대,맹독,버팀독,버멩독
5027,버팀대,맹독,버팀독,버팅독
5028,버팀대,맹독,버팀독,버팀뎅독
5029,버팀대,맹독,버텡독,버팀뎅독
5030,버팀대,맹독,버멩독,버팀뎅독
5031,버팀대,맹독,버팅독,버팀뎅독
5032,캄보디아,바캉스,캄캉스,캄봉스
5033,캄보디아,바캉스,캄캉스,캄방스
5034,캄보디아,바캉스,캄캉스,카캉스
5035,캄보디아,바캉스,캄캉스,캄보스
5036,캄보디아,바캉스,캄봉스,카캉스
5037,캄보디아,바캉스,캄봉스,캄보스
5038,캄보디아,바캉스,캄방스,카캉스
5039,캄보디아,바캉스,캄방스,캄보스
5040,캄보디아,바캉스,카캉스,캄보스
5041,떡국,부챗살,떡겟살,떡구살
5042,떡국,부챗살,떡겟살,떠쳇살
5043,떡국,부챗살,떡굿살,떡구살
5044,떡국,부챗살,떡굿살,떠쳇살
5045,떡국,부챗살,떡쳇살,떡구살
5046,떡국,부챗살,떡쳇살,떠쳇살
5047,떡국,부챗살,떡구살,떠쳇살
5048,강습소,멜라닌,강습닌,강라닌
5049,강습소,멜라닌,강습닌,강사닌
5050,강습소,멜라닌,강습닌,강스닌
5051,강습소,멜라닌,강습닌,갈라닌
5052,강습소,멜라닌,강라닌,강사닌
5053,강습소,멜라닌,강라닌,강스닌
5054,강습소,멜라닌,강라닌,갈라닌
5055,커리큘럼,화롯불,커롯불,커릿불
5056,커리큘럼,화롯불,커롯불,커리불
5057,커리큘럼,화롯불,커롯불,커옷불
5058,커리큘럼,화롯불,커롯불,커화롯불
5059,커리큘럼,화롯불,커릿불,커리불
5060,커리큘럼,화롯불,커릿불,커옷불
5061,커리큘럼,화롯불,커릿불,커화롯불
5062,커리큘럼,화롯불,커리불,커옷불
5063,커리큘럼,화롯불,커리불,커화롯불
5064,커리큘럼,화롯불,커옷불,커화롯불
5065,원뜻,아줌마,원줌마,원뚬마
5066,원뜻,아줌마,원줌마,원뜸마
5067,원뜻,아줌마,원줌마,워줌마
5068,원뜻,아줌마,원줌마,원뜨마
5069,원뜻,아줌마,원뚬마,워줌마
5070,원뜻,아줌마,원뚬마,원뜨마
5071,원뜻,아줌마,원뜸마,워줌마
5072,원뜻,아줌마,원뜸마,원뜨마
5073,젬병,어멈,젬멈,제멈
5074,젬병,어멈,젬멈,젬벼멈
5075,젬병,어멈,젬멈,젬버멈
5076,젬병,어멈,젬멈,젬병멈
5077,젬병,어멈,제멈,젬벼멈
5078,젬병,어멈,제멈,젬버멈
5079,젬병,어멈,제멈,젬병멈
5080,젬병,어멈,젬벼멈,젬버멈
5081,젬병,어멈,젬벼멈,젬병멈
5082,젬병,어멈,젬버멈,젬병멈
5083,뒷받침,강호,뒷받호,뒷방호
5084,뒷받침,강호,뒷받호,뒷바호
5085,뒷받침,강호,뒷받호,뒷받강호
5086,뒷받침,강호,뒷강호,뒷방호
5087,뒷받침,강호,뒷강호,뒷바호
5088,뒷받침,강호,뒷강호,뒷받강호
5089,뒷받침,강호,뒷방호,뒷바호
5090,뒷받침,강호,뒷방호,뒷받강호
5091,뒷받침,강호,뒷바호,뒷받강호
5092,기슭,디스코,기스코,기으코
5093,기슭,디스코,기스코,기슭코
5094,기슭,디스코,기스코,기디스코
5095,기슭,디스코,기스코,기시스코
5096,기슭,디스코,기으코,기슭코
5097,기슭,디스코,기으코,기디스코
5098,기슭,디스코,기으코,기시스코
5099,기슭,디스코,기슭코,기디스코
5100,기슭,디스코,기슭코,기시스코
5101,기슭,디스코,기디스코,기시스코
5102,봄노래,국립묘지,봄립묘지,봄놉묘지
5103,봄노래,국립묘지,봄립묘지,봄닙묘지
5104,봄노래,국립묘지,봄립묘지,복립묘지
5105,봄노래,국립묘지,봄립묘지,봄노묘지
5106,봄노래,국립묘지,봄놉묘지,봄노묘지
5107,봄노래,국립묘지,봄닙묘지,봄노묘지
5108,봄노래,국립묘지,복립묘지,봄노묘지
5109,시즌,됨됨이,시즈이,시지
5110,시즌,됨됨이,시즈이,시이
5111,시즌,됨됨이,시지,시이
5112,오븐,간결체,오별체,오벌체
5113,오븐,간결체,오별체,오블체
5114,오븐,간결체,오별체,오브체
5115,오븐,간결체,오별체,오븐체
5116,오븐,간결체,오벌체,오브체
5117,오븐,간결체,오벌체,오븐체
5118,오븐,간결체,오블체,오브체
5119,오븐,간결체,오블체,오븐체
5120,오븐,간결체,오브체,오븐체
5121,깐풍기,뙤약볕,깐풍볕,깐푹볕
5122,깐풍기,뙤약볕,깐풍볕,깐팍볕
5123,깐풍기,뙤약볕,깐풍볕,깐푸볕
5124,깐풍기,뙤약볕,깐풍볕,까악볕
5125,깐풍기,뙤약볕,깐푹볕,깐푸볕
5126,깐풍기,뙤약볕,깐푹볕,까악볕
5127,깐풍기,뙤약볕,깐팍볕,깐푸볕
5128,깐풍기,뙤약볕,깐팍볕,까악볕
5129,깐풍기,뙤약볕,깐푸볕,까악볕
5130,불간섭,냇둑,불둑,붓둑
5131,불간섭,냇둑,불둑,부둑
5132,불간섭,냇둑,불둑,불간둑
5133,불간섭,냇둑,불둑,불갓둑
5134,불간섭,냇둑,붓둑,부둑
5135,불간섭,냇둑,붓둑,불간둑
5136,불간섭,냇둑,붓둑,불갓둑
5137,불간섭,냇둑,부둑,불간둑
5138,불간섭,냇둑,부둑,불갓둑
5139,불간섭,냇둑,불간둑,불갓둑
5140,견인차,탱자,견자,경자
5141,견인차,탱자,견자,겨자
5142,견인차,탱자,견자,견텡자
5143,견인차,탱자,견자,겨텡자
5144,견인차,탱자,경자,겨자
5145,견인차,탱자,경자,견텡자
5146,견인차,탱자,경자,겨텡자
5147,견인차,탱자,겨자,견텡자
5148,견인차,탱자,겨자,겨텡자
5149,견인차,탱자,견텡자,겨텡자
5150,구내방송,됨됨이,구네비,구네이
5151,구내방송,됨됨이,구네비,구네방시
5152,구내방송,됨됨이,구네비,구네바이
5153,구내방송,됨됨이,구네비,구니
5154,구내방송,됨됨이,구네이,구네방시
5155,구내방송,됨됨이,구네이,구네바이
5156,구내방송,됨됨이,구네이,구니
5157,구내방송,됨됨이,구네방시,구네바이
5158,구내방송,됨됨이,구네방시,구니
5159,구내방송,됨됨이,구네바이,구니
5160,샤머니즘,구김새,샤구김세,샤머님세
5161,샤머니즘,구김새,샤구김세,샤무김세
5162,샤머니즘,구김새,샤구김세,샤머니세
5163,샤머니즘,구김새,샤머김세,샤머님세
5164,샤머니즘,구김새,샤머김세,샤무김세
5165,샤머니즘,구김새,샤머김세,샤머니세
5166,샤머니즘,구김새,샤머님세,샤머니세
5167,샤머니즘,구김새,샤무김세,샤머니세
5168,누룩,그린벨트,누린벨트,누룬벨트
5169,누룩,그린벨트,누린벨트,누루벨트
5170,누룩,그린벨트,누린벨트,누루엘트
5171,누룩,그린벨트,누린벨트,누룩벨트
5172,누룩,그린벨트,누룬벨트,누루벨트
5173,누룩,그린벨트,누룬벨트,누루엘트
5174,누룩,그린벨트,누룬벨트,누룩벨트
5175,누룩,그린벨트,누루벨트,누루엘트
5176,누룩,그린벨트,누루벨트,누룩벨트
5177,누룩,그린벨트,누루엘트,누룩벨트
5178,개소주,대야,게샤,게야
5179,개소주,대야,게샤,게소쟈
5180,개소주,대야,게샤,게소야
5181,개소주,대야,게샤,게세야
5182,개소주,대야,게야,게소쟈
5183,개소주,대야,게야,게소야
5184,개소주,대야,게야,게세야
5185,개소주,대야,게소쟈,게소야
5186,개소주,대야,게소쟈,게세야
5187,개소주,대야,게소야,게세야
5188,슬픔,겨울나기,슬플나기,슬프나기
5189,슬픔,겨울나기,슬플나기,스울나기
5190,슬픔,겨울나기,슬플나기,슬프아기
5191,슬픔,겨울나기,슬풀나기,슬프나기
5192,슬픔,겨울나기,슬풀나기,스울나기
5193,슬픔,겨울나기,슬풀나기,슬프아기
5194,슬픔,겨울나기,슬프나기,스울나기
5195,슬픔,겨울나기,슬프나기,슬프아기
5196,슬픔,겨울나기,스울나기,슬프아기
5197,꽁보리밥,교육청,꽁뷱청,꽁복청
5198,꽁보리밥,교육청,꽁뷱청,꽁북청
5199,꽁보리밥,교육청,꽁뷱청,꽁보청
5200,꽁보리밥,교육청,꽁뷱청,꼬육청
5201,꽁보리밥,교육청,꽁복청,꽁보청
5202,꽁보리밥,교육청,꽁복청,꼬육청
5203,꽁보리밥,교육청,꽁북청,꽁보청
5204,꽁보리밥,교육청,꽁북청,꼬육청
5205,꽁보리밥,교육청,꽁보청,꼬육청
5206,퓨전,센물,퓬물,퓨물
5207,퓨전,센물,퓬물,퓨전물
5208,퓨전,센물,퓬물,퓨센물
5209,퓨전,센물,퓬물,퓨젠물
5210,퓨전,센물,퓨물,퓨전물
5211,퓨전,센물,퓨물,퓨센물
5212,퓨전,센물,퓨물,퓨젠물
5213,퓨전,센물,퓨전물,퓨센물
5214,퓨전,센물,퓨전물,퓨젠물
5215,퓨전,센물,퓨센물,퓨젠물
5216,좁쌀,가칭,좁칭,조칭
5217,좁쌀,가칭,좁칭,좁가칭
5218,좁쌀,가칭,좁칭,좁싸칭
5219,좁쌀,가칭,좁칭,조가칭
5220,좁쌀,가칭,조칭,좁가칭
5221,좁쌀,가칭,조칭,좁싸칭
5222,좁쌀,가칭,조칭,조가칭
5223,좁쌀,가칭,좁가칭,좁싸칭
5224,좁쌀,가칭,좁가칭,조가칭
5225,좁쌀,가칭,좁싸칭,조가칭
5226,걸레짝,곡해,걸헤,걱헤
5227,걸레짝,곡해,걸헤,거헤
5228,걸레짝,곡해,걸헤,걸곡헤
5229,걸레짝,곡해,걸헤,걸록헤
5230,걸레짝,곡해,걱헤,거헤
5231,걸레짝,곡해,걱헤,걸곡헤
5232,걸레짝,곡해,걱헤,걸록헤
5233,걸레짝,곡해,거헤,걸곡헤
5234,걸레짝,곡해,거헤,걸록헤
5235,걸레짝,곡해,걸곡헤,걸록헤
5236,경쟁심,끗발,경발,겻발
5237,경쟁심,끗발,경발,겨발
5238,경쟁심,끗발,경발,경끗발
5239,경쟁심,끗발,경발,경젯발
5240,경쟁심,끗발,겻발,겨발
5241,경쟁심,끗발,겻발,경끗발
5242,경쟁심,끗발,겻발,경젯발
5243,경쟁심,끗발,겨발,경끗발
5244,경쟁심,끗발,겨발,경젯발
5245,경쟁심,끗발,경끗발,경젯발
5246,사또,밑그림,샅그림,사그림
5247,사또,밑그림,샅그림,사뜨림
5248,사또,밑그림,샅그림,사으림
5249,사또,밑그림,샅그림,사또림
5250,사또,밑그림,사그림,사뜨림
5251,사또,밑그림,사그림,사으림
5252,사또,밑그림,사그림,사또림
5253,사또,밑그림,사뜨림,사으림
5254,사또,밑그림,사뜨림,사또림
5255,사또,밑그림,사으림,사또림
5256,큰댁,횃불,큰불,큿불
5257,큰댁,횃불,큰불,크불
5258,큰댁,횃불,큰불,큰뒛불
5259,큰댁,횃불,큰불,큰휏불
5260,큰댁,횃불,큿불,크불
5261,큰댁,횃불,큿불,큰뒛불
5262,큰댁,횃불,큿불,큰휏불
5263,큰댁,횃불,크불,큰뒛불
5264,큰댁,횃불,크불,큰휏불
5265,당좌,냇가,당가,닷가
5266,당좌,냇가,당가,다가
5267,당좌,냇가,당가,당쥇가
5268,당좌,냇가,당가,당넷가
5269,당좌,냇가,닷가,다가
5270,당좌,냇가,닷가,당쥇가
5271,당좌,냇가,닷가,당넷가
5272,당좌,냇가,다가,당쥇가
5273,당좌,냇가,다가,당넷가
5274,당좌,냇가,당쥇가,당넷가
5275,갈채,시멘트,갈첸트,갈멘트
5276,갈채,시멘트,갈첸트,가멘트
5277,갈채,시멘트,갈첸트,가엔트
5278,갈채,시멘트,갈첸트,갈체트
5279,갈채,시멘트,갈멘트,가멘트
5280,갈채,시멘트,갈멘트,가엔트
5281,갈채,시멘트,갈멘트,갈체트
5282,갈채,시멘트,가멘트,가엔트
5283,갈채,시멘트,가멘트,갈체트
5284,갈채,시멘트,가엔트,갈체트
5285,나무숲,서푼,나푼,나서푼
5286,나무숲,서푼,나푼,나머푼
5287,나무숲,서푼,나푼,나무푼
5288,나무숲,서푼,나푼,나무서푼
5289,나무숲,서푼,나서푼,나머푼
5290,나무숲,서푼,나서푼,나무푼
5291,나무숲,서푼,나서푼,나무서푼
5292,나무숲,서푼,나머푼,나무푼
5293,나무숲,서푼,나머푼,나무서푼
5294,나무숲,서푼,나무푼,나무서푼
5295,녹색,네덜란드,녹덜란드,녹설란드
5296,녹색,네덜란드,녹덜란드,녹셀란드
5297,녹색,네덜란드,녹덜란드,녹세란드
5298,녹색,네덜란드,녹덜란드,노덜란드
5299,녹색,네덜란드,녹설란드,녹세란드
5300,녹색,네덜란드,녹설란드,노덜란드
5301,녹색,네덜란드,녹셀란드,녹세란드
5302,녹색,네덜란드,녹셀란드,노덜란드
5303,폴란드,게딱지,폴딱지,폴락지
5304,폴란드,게딱지,폴딱지,폴라지
5305,폴란드,게딱지,폴딱지,포딱지
5306,폴란드,게딱지,폴란지,폴락지
5307,폴란드,게딱지,폴란지,폴라지
5308,폴란드,게딱지,폴란지,포딱지
5309,폴란드,게딱지,폴락지,폴라지
5310,폴란드,게딱지,폴락지,포딱지
5311,차렷,눈뜬장님,차련장님,차렷장님
5312,차렷,눈뜬장님,차련장님,차뜬장님
5313,차렷,눈뜬장님,차련장님,차려장님
5314,차렷,눈뜬장님,찬뜬장님,차렷장님
5315,차렷,눈뜬장님,찬뜬장님,차뜬장님
5316,차렷,눈뜬장님,찬뜬장님,차려장님
5317,차렷,눈뜬장님,차렷장님,차뜬장님
5318,차렷,눈뜬장님,차렷장님,차려장님
5319,차렷,눈뜬장님,차뜬장님,차려장님
5320,가독성,갈대밭,가독밭,가도밭
5321,가독성,갈대밭,가독밭,가데밭
5322,가독성,갈대밭,가독밭,가에밭
5323,가독성,갈대밭,가독밭,가독세밭
5324,가독성,갈대밭,가도밭,가에밭
5325,가독성,갈대밭,가도밭,가독세밭
5326,가독성,갈대밭,가데밭,가에밭
5327,가독성,갈대밭,가데밭,가독세밭
5328,가독성,갈대밭,가에밭,가독세밭
5329,개펄,계곡,게곡,게계곡
5330,개펄,계곡,게곡,게폐곡
5331,개펄,계곡,게곡,게퍼곡
5332,개펄,계곡,게곡,게예곡
5333,개펄,계곡,게계곡,게폐곡
5334,개펄,계곡,게계곡,게퍼곡
5335,개펄,계곡,게계곡,게예곡
5336,개펄,계곡,게폐곡,게예곡
5337,개펄,계곡,게퍼곡,게예곡
5338,스텝,가망성,스망성,스탕성
5339,스텝,가망성,스망성,스텡성
5340,스텝,가망성,스망성,스테성
5341,스텝,가망성,스망성,스앙성
5342,스텝,가망성,스탕성,스테성
5343,스텝,가망성,스탕성,스앙성
5344,스텝,가망성,스텡성,스테성
5345,스텝,가망성,스텡성,스앙성
5346,머리맡,경진,멍진,머진
5347,머리맡,경진,멍진,머경진
5348,머리맡,경진,멍진,머령진
5349,머리맡,경진,멍진,머영진
5350,머리맡,경진,머진,머경진
5351,머리맡,경진,머진,머령진
5352,머리맡,경진,머진,머영진
5353,머리맡,경진,머경진,머령진
5354,머리맡,경진,머경진,머영진
5355,머리맡,경진,머령진,머영진
5356,고담,넋두리,곣두리,고두리
5357,고담,넋두리,곣두리,고다리
5358,고담,넋두리,곣두리,고담리
5359,고담,넋두리,곣두리,고우리
5360,고담,넋두리,고두리,고다리
5361,고담,넋두리,고두리,고담리
5362,고담,넋두리,고두리,고우리
5363,고담,넋두리,고다리,고담리
5364,고담,넋두리,고다리,고우리
5365,고담,넋두리,고담리,고우리
5366,가이드라인,귓결,갓결,가결
5367,가이드라인,귓결,갓결,가잇결
5368,가이드라인,귓결,갓결,가이결
5369,가이드라인,귓결,갓결,가이딧결
5370,가이드라인,귓결,가결,가잇결
5371,가이드라인,귓결,가결,가이결
5372,가이드라인,귓결,가결,가이딧결
5373,가이드라인,귓결,가잇결,가이결
5374,가이드라인,귓결,가잇결,가이딧결
5375,가이드라인,귓결,가이결,가이딧결
5376,구렁텅이,사또,구또,구렁또
5377,구렁텅이,사또,구또,구사또
5378,구렁텅이,사또,구또,구러또
5379,구렁텅이,사또,구또,구라또
5380,구렁텅이,사또,구렁또,구사또
5381,구렁텅이,사또,구렁또,구러또
5382,구렁텅이,사또,구렁또,구라또
5383,구렁텅이,사또,구사또,구러또
5384,구렁텅이,사또,구사또,구라또
5385,남녀별,돼지꿈,남녀꿈,남지꿈
5386,남녀별,돼지꿈,남녀꿈,남니꿈
5387,남녀별,돼지꿈,남녀꿈,나지꿈
5388,남녀별,돼지꿈,남녀꿈,나이꿈
5389,남녀별,돼지꿈,남지꿈,남니꿈
5390,남녀별,돼지꿈,남지꿈,나지꿈
5391,남녀별,돼지꿈,남지꿈,나이꿈
5392,남녀별,돼지꿈,남니꿈,나지꿈
5393,남녀별,돼지꿈,남니꿈,나이꿈
5394,남녀별,돼지꿈,나지꿈,나이꿈
5395,장밋빛,경과,장과,자과
5396,장밋빛,경과,장과,장밋과
5397,장밋빛,경과,장과,장밍과
5398,장밋빛,경과,장과,장멍과
5399,장밋빛,경과,자과,장밋과
5400,장밋빛,경과,자과,장밍과
5401,장밋빛,경과,자과,장멍과
5402,장밋빛,경과,장밋과,장밍과
5403,장밋빛,경과,장밋과,장멍과
5404,홑받침,컴퓨터,홑받터,홑뷰터
5405,홑받침,컴퓨터,홑받터,홈퓨터
5406,홑받침,컴퓨터,홑받터,호퓨터
5407,홑받침,컴퓨터,홑퓨터,홑뷰터
5408,홑받침,컴퓨터,홑퓨터,홈퓨터
5409,홑받침,컴퓨터,홑퓨터,호퓨터
5410,홑받침,컴퓨터,홑뷰터,호퓨터
5411,홑받침,컴퓨터,홈퓨터,호퓨터
5412,오뎅,말썽,오델썽,오데썽
5413,오뎅,말썽,오델썽,오뎅썽
5414,오뎅,말썽,오델썽,오데말썽
5415,오뎅,말썽,오달썽,오데썽
5416,오뎅,말썽,오달썽,오뎅썽
5417,오뎅,말썽,오달썽,오데말썽
5418,오뎅,말썽,오데썽,오뎅썽
5419,오뎅,말썽,오데썽,오데말썽
5420,오뎅,말썽,오뎅썽,오데말썽
5421,광택,미친놈,광친놈,광텐놈
5422,광택,미친놈,광친놈,광틴놈
5423,광택,미친놈,광친놈,과친놈
5424,광택,미친놈,광친놈,광테놈
5425,광택,미친놈,광텐놈,과친놈
5426,광택,미친놈,광텐놈,광테놈
5427,광택,미친놈,광틴놈,과친놈
5428,광택,미친놈,광틴놈,광테놈
5429,인플루엔자,에콰도르,인콰도르,인퐈도르
5430,인플루엔자,에콰도르,인콰도르,인플로르
5431,인플루엔자,에콰도르,인플도르,인퐈도르
5432,인플루엔자,에콰도르,인플도르,인플로르
5433,인플루엔자,에콰도르,인플루르,인퐈도르
5434,인플루엔자,에콰도르,인플루르,인플로르
5435,싫증,인터뷰,싫터뷰,신터뷰
5436,싫증,인터뷰,싫터뷰,싫즈뷰
5437,싫증,인터뷰,싫터뷰,싫저뷰
5438,싫증,인터뷰,싫터뷰,시터뷰
5439,싫증,인터뷰,신터뷰,시터뷰
5440,싫증,인터뷰,싫즈뷰,시터뷰
5441,싫증,인터뷰,싫저뷰,시터뷰
5442,밑면,끗발,밑발,밋발
5443,밑면,끗발,밑발,미발
5444,밑면,끗발,밑발,밑몃발
5445,밑면,끗발,밑발,밑끗발
5446,밑면,끗발,밋발,미발
5447,밑면,끗발,밋발,밑몃발
5448,밑면,끗발,밋발,밑끗발
5449,밑면,끗발,미발,밑몃발
5450,밑면,끗발,미발,밑끗발
5451,밑면,끗발,밑몃발,밑끗발
5452,돛대,기초적,도초적,돛초적
5453,돛대,기초적,도초적,돛도적
5454,돛대,기초적,도초적,도오적
5455,돛대,기초적,도초적,돛데적
5456,돛대,기초적,돛초적,돛도적
5457,돛대,기초적,돛초적,도오적
5458,돛대,기초적,돛초적,돛데적
5459,돛대,기초적,돛도적,도오적
5460,돛대,기초적,돛도적,돛데적
5461,돛대,기초적,도오적,돛데적
5462,힌트,은팔찌,힌팔찌,힌탈찌
5463,힌트,은팔찌,힌팔찌,히팔찌
5464,힌트,은팔찌,힌팔찌,히알찌
5465,힌트,은팔찌,힌팔찌,힌트찌
5466,힌트,은팔찌,힌탈찌,히팔찌
5467,힌트,은팔찌,힌탈찌,히알찌
5468,힌트,은팔찌,힌탈찌,힌트찌
5469,힌트,은팔찌,히팔찌,히알찌
5470,힌트,은팔찌,히팔찌,힌트찌
5471,힌트,은팔찌,히알찌,힌트찌
5472,개창,우윳빛,게츗빛,게윳빛
5473,개창,우윳빛,게츗빛,게찻빛
5474,개창,우윳빛,게츗빛,게춧빛
5475,개창,우윳빛,게츗빛,게차빛
5476,개창,우윳빛,게윳빛,게찻빛
5477,개창,우윳빛,게윳빛,게춧빛
5478,개창,우윳빛,게윳빛,게차빛
5479,개창,우윳빛,게찻빛,게차빛
5480,개창,우윳빛,게춧빛,게차빛
5481,기운,경직,깅직,기직
5482,기운,경직,깅직,기경직
5483,기운,경직,깅직,기영직
5484,기운,경직,깅직,기웅직
5485,기운,경직,기직,기경직
5486,기운,경직,기직,기영직
5487,기운,경직,기직,기웅직
5488,기운,경직,기경직,기영직
5489,기운,경직,기경직,기웅직
5490,기운,경직,기영직,기웅직
5491,깃털,돌멩이질,깃터이질,깃티질
5492,깃털,돌멩이질,깃터이질,깃터질
5493,깃털,돌멩이질,깃터이질,깃털질
5494,깃털,돌멩이질,깃터이질,기이질
5495,깃털,돌멩이질,깃티질,깃털질
5496,깃털,돌멩이질,깃티질,기이질
5497,깃털,돌멩이질,깃터질,깃털질
5498,깃털,돌멩이질,깃터질,기이질
5499,깃털,돌멩이질,깃털질,기이질
5500,오디션,믿음,오듬,오디슴
5501,오디션,믿음,오듬,오디음
5502,오디션,믿음,오듬,오디셔음
5503,오디션,믿음,오디슴,오디음
5504,오디션,믿음,오디슴,오디셔음
5505,오디션,믿음,오디음,오디셔음
5506,암흑기,말씀,암씀,암흑씀
5507,암흑기,말씀,암씀,암말씀
5508,암흑기,말씀,암씀,암흘씀
5509,암흑기,말씀,암씀,암할씀
5510,암흑기,말씀,암흑씀,암흘씀
5511,암흑기,말씀,암흑씀,암할씀
5512,암흑기,말씀,암말씀,암흘씀
5513,암흑기,말씀,암말씀,암할씀
5514,거름,걷기,거기,거걷기
5515,거름,걷기,거기,거럳기
5516,거름,걷기,거기,거륻기
5517,거름,걷기,거기,거르기
5518,거름,걷기,거걷기,거럳기
5519,거름,걷기,거걷기,거륻기
5520,거름,걷기,거걷기,거르기
5521,거름,걷기,거럳기,거르기
5522,거름,걷기,거륻기,거르기
5523,걱정,가지치기,걱지치기,걱저치기
5524,걱정,가지치기,걱지치기,거지치기
5525,걱정,가지치기,걱지치기,걱저이기
5526,걱정,가지치기,걱지치기,거이치기
5527,걱정,가지치기,걱저치기,거지치기
5528,걱정,가지치기,걱저치기,걱저이기
5529,걱정,가지치기,걱저치기,거이치기
5530,걱정,가지치기,거지치기,걱저이기
5531,걱정,가지치기,거지치기,거이치기
5532,걱정,가지치기,걱저이기,거이치기
5533,낚싯대,켄트지,낚싯지,낚트지
5534,낚싯대,켄트지,낚싯지,낚시지
5535,낚싯대,켄트지,낚싯지,낚스지
5536,낚싯대,켄트지,낚싯지,난트지
5537,낚싯대,켄트지,낚트지,낚시지
5538,낚싯대,켄트지,낚트지,낚스지
5539,낚싯대,켄트지,낚트지,난트지
5540,감나무,굳은살,감는살,감나살
5541,감나무,굳은살,감는살,가은살
5542,감나무,굳은살,감는살,감나믄살
5543,감나무,굳은살,감난살,감나살
5544,감나무,굳은살,감난살,가은살
5545,감나무,굳은살,감난살,감나믄살
5546,감나무,굳은살,감나살,가은살
5547,감나무,굳은살,감나살,감나믄살
5548,감나무,굳은살,가은살,감나믄살
5549,지팡이,피읖,지픞,지읖
5550,지팡이,피읖,지픞,지피읖
5551,지팡이,피읖,지픞,지파읖
5552,지팡이,피읖,지픞,지이읖
5553,지팡이,피읖,지읖,지피읖
5554,지팡이,피읖,지읖,지파읖
5555,지팡이,피읖,지읖,지이읖
5556,지팡이,피읖,지피읖,지파읖
5557,지팡이,피읖,지피읖,지이읖
5558,지팡이,피읖,지파읖,지이읖
5559,바캉스,줄넘기,발넘기,바캉기
5560,바캉스,줄넘기,발넘기,바넘기
5561,바캉스,줄넘기,발넘기,바캄기
5562,바캉스,줄넘기,발넘기,바컴기
5563,바캉스,줄넘기,바캉기,바캄기
5564,바캉스,줄넘기,바캉기,바컴기
5565,바캉스,줄넘기,바넘기,바캄기
5566,바캉스,줄넘기,바넘기,바컴기
5567,풀숲,고아,풀사,푸아
5568,풀숲,고아,풀사,풀고아
5569,풀숲,고아,풀사,풀소아
5570,풀숲,고아,풀사,풀수아
5571,풀숲,고아,푸아,풀고아
5572,풀숲,고아,푸아,풀소아
5573,풀숲,고아,푸아,풀수아
5574,풀숲,고아,풀고아,풀소아
5575,풀숲,고아,풀고아,풀수아
5576,셔틀콕,감당,셤당,셔당
5577,셔틀콕,감당,셤당,셔감당
5578,셔틀콕,감당,셤당,셔틀당
5579,셔틀콕,감당,샴당,셔당
5580,셔틀콕,감당,샴당,셔감당
5581,셔틀콕,감당,샴당,셔틀당
5582,셔틀콕,감당,셔당,셔감당
5583,셔틀콕,감당,셔당,셔틀당
5584,맴매,과녁,멤녁,메녁
5585,맴매,과녁,멤녁,멤마녁
5586,맴매,과녁,멤녁,메아녁
5587,맴매,과녁,멤녁,멤메녁
5588,맴매,과녁,메녁,멤마녁
5589,맴매,과녁,메녁,메아녁
5590,맴매,과녁,메녁,멤메녁
5591,맴매,과녁,멤마녁,메아녁
5592,맴매,과녁,멤마녁,멤메녁
5593,맴매,과녁,메아녁,멤메녁
5594,가뭄,스탬프,가뭄프,가템프
5595,가뭄,스탬프,가뭄프,가멤프
5596,가뭄,스탬프,가뭄프,가뭄템프
5597,가뭄,스탬프,가뭄프,가엠프
5598,가뭄,스탬프,가템프,가뭄템프
5599,가뭄,스탬프,가템프,가엠프
5600,가뭄,스탬프,가멤프,가뭄템프
5601,가뭄,스탬프,가멤프,가엠프
5602,가뭄,스탬프,가뭄템프,가엠프
5603,계략,거미,계미,계려미
5604,계략,거미,계미,계랴미
5605,계략,거미,계미,계거미
5606,계략,거미,계미,계략미
5607,계략,거미,계려미,계거미
5608,계략,거미,계려미,계략미
5609,계략,거미,계랴미,계거미
5610,계략,거미,계랴미,계략미
5611,가풍,꽈리,가리,가꽈리
5612,가풍,꽈리,가리,가퐈리
5613,가풍,꽈리,가리,가와리
5614,가풍,꽈리,가리,가파리
5615,가풍,꽈리,가꽈리,가퐈리
5616,가풍,꽈리,가꽈리,가와리
5617,가풍,꽈리,가꽈리,가파리
5618,가풍,꽈리,가퐈리,가와리
5619,가풍,꽈리,가퐈리,가파리
5620,머리숱,안팎,먼팎,머팎
5621,머리숱,안팎,먼팎,머린팎
5622,머리숱,안팎,먼팎,머란팎
5623,머리숱,안팎,먼팎,머리팎
5624,머리숱,안팎,머팎,머린팎
5625,머리숱,안팎,머팎,머란팎
5626,머리숱,안팎,머팎,머리팎
5627,머리숱,안팎,머린팎,머리팎
5628,머리숱,안팎,머란팎,머리팎
5629,해캄,섭생,헵셍,헤셍
5630,해캄,섭생,헵셍,헤섭셍
5631,해캄,섭생,헵셍,헤캅셍
5632,해캄,섭생,헵셍,헤컵셍
5633,해캄,섭생,헤셍,헤섭셍
5634,해캄,섭생,헤셍,헤캅셍
5635,해캄,섭생,헤셍,헤컵셍
5636,해캄,섭생,헤섭셍,헤캅셍
5637,해캄,섭생,헤섭셍,헤컵셍
5638,겨울나기,숯덩이,겨울니,겨우이
5639,겨울나기,숯덩이,겨울니,겨울나이
5640,겨울나기,숯덩이,겨울니,겨이
5641,겨울나기,숯덩이,겨울니,겨울나기이
5642,겨울나기,숯덩이,겨우이,겨울나이
5643,겨울나기,숯덩이,겨우이,겨이
5644,겨울나기,숯덩이,겨우이,겨울나기이
5645,겨울나기,숯덩이,겨울나이,겨이
5646,겨울나기,숯덩이,겨울나이,겨울나기이
5647,겨울나기,숯덩이,겨이,겨울나기이
5648,튤립,들창코,튤창코,튤링코
5649,튤립,들창코,튤창코,튤랑코
5650,튤립,들창코,튤창코,튤리코
5651,튤립,들창코,튤창코,튜창코
5652,튤립,들창코,튤링코,튤리코
5653,튤립,들창코,튤링코,튜창코
5654,튤립,들창코,튤랑코,튤리코
5655,튤립,들창코,튤랑코,튜창코
5656,가화만사성,다툼,가툼,가화툼
5657,가화만사성,다툼,가툼,가다툼
5658,가화만사성,다툼,가툼,가하툼
5659,가화만사성,다툼,가툼,가아툼
5660,가화만사성,다툼,가화툼,가다툼
5661,가화만사성,다툼,가화툼,가하툼
5662,가화만사성,다툼,가화툼,가아툼
5663,가화만사성,다툼,가다툼,가하툼
5664,가화만사성,다툼,가다툼,가아툼
5665,가화만사성,다툼,가하툼,가아툼
5666,찹쌀떡,가결,찹결,차결
5667,찹쌀떡,가결,찹결,찹쌀결
5668,찹쌀떡,가결,찹결,찹가결
5669,찹쌀떡,가결,찹결,찹싸결
5670,찹쌀떡,가결,차결,찹쌀결
5671,찹쌀떡,가결,차결,찹가결
5672,찹쌀떡,가결,차결,찹싸결
5673,찹쌀떡,가결,찹쌀결,찹가결
5674,찹쌀떡,가결,찹쌀결,찹싸결
5675,찹쌀떡,가결,찹가결,찹싸결
5676,홑바지,굼벵이,홑바이,홑바지이
5677,홑바지,굼벵이,홑바이,홑비
5678,홑바지,굼벵이,홑바이,호이
5679,홑바지,굼벵이,홑바지이,홑비
5680,홑바지,굼벵이,홑바지이,호이
5681,홑바지,굼벵이,홑비,호이
5682,군것질,히스테리,군것지리,군것질리
5683,군것질,히스테리,군것지리,구스테리
5684,군것질,히스테리,군것지리,군거에리
5685,군것질,히스테리,군것지리,군것지테리
5686,군것질,히스테리,군것질리,구스테리
5687,군것질,히스테리,군것질리,군거에리
5688,군것질,히스테리,군것질리,군것지테리
5689,군것질,히스테리,구스테리,군거에리
5690,군것질,히스테리,구스테리,군것지테리
5691,군것질,히스테리,군거에리,군것지테리
5692,윗도리,장롱,윗롱,윙롱
5693,윗도리,장롱,윗롱,윗동롱
5694,윗도리,장롱,윗롱,윗도롱
5695,윗도리,장롱,윗롱,윗도장롱
5696,윗도리,장롱,윙롱,윗동롱
5697,윗도리,장롱,윙롱,윗도롱
5698,윗도리,장롱,윙롱,윗도장롱
5699,윗도리,장롱,윗동롱,윗도롱
5700,윗도리,장롱,윗동롱,윗도장롱
5701,윗도리,장롱,윗도롱,윗도장롱
5702,빌미,탤런트,빌런트,빌먼트
5703,빌미,탤런트,빌런트,빌미트
5704,빌미,탤런트,빌런트,빌민트
5705,빌미,탤런트,빌런트,빌텔런트
5706,빌미,탤런트,빌먼트,빌미트
5707,빌미,탤런트,빌먼트,빌민트
5708,빌미,탤런트,빌먼트,빌텔런트
5709,빌미,탤런트,빌미트,빌민트
5710,빌미,탤런트,빌미트,빌텔런트
5711,빌미,탤런트,빌민트,빌텔런트
5712,달팽이,잉여,달펴,다여
5713,달팽이,잉여,달펴,달페여
5714,달팽이,잉여,다여,달페여
5715,콤플렉스,혀뿌리,콤플리,콤뿌리
5716,콤플렉스,혀뿌리,콤플리,콤프리
5717,콤플렉스,혀뿌리,콤플리,콤푸리
5718,콤플렉스,혀뿌리,콤플리,코뿌리
5719,콤플렉스,혀뿌리,콤뿌리,콤프리
5720,콤플렉스,혀뿌리,콤뿌리,콤푸리
5721,콤플렉스,혀뿌리,콤뿌리,코뿌리
5722,콤플렉스,혀뿌리,콤프리,코뿌리
5723,콤플렉스,혀뿌리,콤푸리,코뿌리
5724,벚꽃,엊그저께,버그저께,벚꼬어께
5725,벚꽃,엊그저께,버그저께,벚꼬엊그저께
5726,벚꽃,엊그저께,버그저께,벚그저께
5727,벚꽃,엊그저께,버그저께,벚끄저께
5728,벚꽃,엊그저께,벚꼬어께,벚꼬엊그저께
5729,벚꽃,엊그저께,벚꼬어께,벚그저께
5730,벚꽃,엊그저께,벚꼬어께,벚끄저께
5731,벚꽃,엊그저께,벚꼬엊그저께,벚그저께
5732,벚꽃,엊그저께,벚꼬엊그저께,벚끄저께
5733,벚꽃,엊그저께,벚그저께,벚끄저께
5734,맨다리,좀팽이,멘다리이,멘다이
5735,맨다리,좀팽이,멘다리이,멘디
5736,맨다리,좀팽이,멘다리이,메이
5737,맨다리,좀팽이,멘다이,멘디
5738,맨다리,좀팽이,멘다이,메이
5739,맨다리,좀팽이,멘디,메이
5740,또래,개헌,또헌,또레헌
5741,또래,개헌,또헌,또게헌
5742,또래,개헌,또헌,또에헌
5743,또래,개헌,또헌,또레에헌
5744,또래,개헌,또레헌,또게헌
5745,또래,개헌,또레헌,또에헌
5746,또래,개헌,또레헌,또레에헌
5747,또래,개헌,또게헌,또에헌
5748,또래,개헌,또게헌,또레에헌
5749,또래,개헌,또에헌,또레에헌
5750,권익,엑스트라,권스트라,궉스트라
5751,권익,엑스트라,권스트라,궥스트라
5752,권익,엑스트라,권스트라,궈스트라
5753,권익,엑스트라,권스트라,궈으트라
5754,권익,엑스트라,궉스트라,궈스트라
5755,권익,엑스트라,궉스트라,궈으트라
5756,권익,엑스트라,궥스트라,궈스트라
5757,권익,엑스트라,궥스트라,궈으트라
5758,권익,엑스트라,궈스트라,궈으트라
5759,미성숙,궐련,밀련,미련
5760,미성숙,궐련,밀련,미성련
5761,미성숙,궐련,밀련,미설련
5762,미성숙,궐련,밀련,미서련
5763,미성숙,궐련,미련,미성련
5764,미성숙,궐련,미련,미설련
5765,미성숙,궐련,미련,미서련
5766,미성숙,궐련,미성련,미설련
5767,미성숙,궐련,미성련,미서련
5768,미성숙,궐련,미설련,미서련
5769,맏상주,여럿,맏럿,마럿
5770,맏상주,여럿,맏럿,맏상럿
5771,맏상주,여럿,맏럿,맏셔럿
5772,맏상주,여럿,맏럿,맏사럿
5773,맏상주,여럿,마럿,맏상럿
5774,맏상주,여럿,마럿,맏셔럿
5775,맏상주,여럿,마럿,맏사럿
5776,맏상주,여럿,맏상럿,맏셔럿
5777,맏상주,여럿,맏상럿,맏사럿
5778,맏상주,여럿,맏셔럿,맏사럿
5779,등긁이,찐빵,등빵,든빵
5780,등긁이,찐빵,등빵,드빵
5781,등긁이,찐빵,등빵,등찐빵
5782,등긁이,찐빵,등빵,등긁빵
5783,등긁이,찐빵,든빵,드빵
5784,등긁이,찐빵,든빵,등찐빵
5785,등긁이,찐빵,든빵,등긁빵
5786,등긁이,찐빵,드빵,등찐빵
5787,등긁이,찐빵,드빵,등긁빵
5788,까막눈이,밍크,깡크,까크
5789,까막눈이,밍크,깡크,까밍크
5790,까막눈이,밍크,깡크,까막크
5791,까막눈이,밍크,깡크,까망크
5792,까막눈이,밍크,까크,까밍크
5793,까막눈이,밍크,까크,까막크
5794,까막눈이,밍크,까크,까망크
5795,까막눈이,밍크,까밍크,까망크
5796,까막눈이,밍크,까막크,까망크
5797,근저,시디플레이어,근디플레이어,근지플레이어
5798,근저,시디플레이어,근디플레이어,그디플레이어
5799,근저,시디플레이어,근디플레이어,그이플레이어
5800,근저,시디플레이어,근디플레이어,근저플레이어
5801,근저,시디플레이어,근지플레이어,그디플레이어
5802,근저,시디플레이어,근지플레이어,그이플레이어
5803,근저,시디플레이어,근지플레이어,근저플레이어
5804,근저,시디플레이어,그디플레이어,그이플레이어
5805,근저,시디플레이어,그디플레이어,근저플레이어
5806,근저,시디플레이어,그이플레이어,근저플레이어
5807,팀워크,노른자위,팀른자위,티른자위
5808,팀워크,노른자위,팀른자위,티은자위
5809,팀워크,노른자위,팀른자위,팀노른자위
5810,팀워크,노른자위,팀른자위,티노른자위
5811,팀워크,노른자위,티른자위,티은자위
5812,팀워크,노른자위,티른자위,팀노른자위
5813,팀워크,노른자위,티른자위,티노른자위
5814,팀워크,노른자위,티은자위,팀노른자위
5815,팀워크,노른자위,티은자위,티노른자위
5816,팀워크,노른자위,팀노른자위,티노른자위
5817,젊음,구현,젊현,저현
5818,젊음,구현,젊현,젊구현
5819,젊음,구현,젊현,저구현
5820,젊음,구현,젊현,저우현
5821,젊음,구현,저현,젊구현
5822,젊음,구현,저현,저구현
5823,젊음,구현,저현,저우현
5824,젊음,구현,젊구현,저구현
5825,젊음,구현,젊구현,저우현
5826,젊음,구현,저구현,저우현
5827,벤또,놋숟가락,벤숟가락,벳숟가락
5828,벤또,놋숟가락,벤숟가락,벤뚣가락
5829,벤또,놋숟가락,벤숟가락,베숟가락
5830,벤또,놋숟가락,벤숟가락,베욷가락
5831,벤또,놋숟가락,벳숟가락,베숟가락
5832,벤또,놋숟가락,벳숟가락,베욷가락
5833,벤또,놋숟가락,벤뚣가락,베숟가락
5834,벤또,놋숟가락,벤뚣가락,베욷가락
5835,벤또,놋숟가락,베숟가락,베욷가락
5836,외톨박이,리시브,웨톨브,웨시브
5837,외톨박이,리시브,웨톨브,웨토브
5838,외톨박이,리시브,웨톨브,웨티브
5839,외톨박이,리시브,웨톨브,웨이브
5840,외톨박이,리시브,웨시브,웨토브
5841,외톨박이,리시브,웨시브,웨티브
5842,외톨박이,리시브,웨시브,웨이브
5843,외톨박이,리시브,웨토브,웨이브
5844,외톨박이,리시브,웨티브,웨이브
5845,티읕,격월,티월,티으월
5846,짬뽕,깜깜절벽,짬깜절벽,짬빰절벽
5847,짬뽕,깜깜절벽,짬깜절벽,짬뽐절벽
5848,짬뽕,깜깜절벽,짬깜절벽,짜깜절벽
5849,짬뽕,깜깜절벽,짬깜절벽,짬뽀절벽
5850,짬뽕,깜깜절벽,짬빰절벽,짜깜절벽
5851,짬뽕,깜깜절벽,짬빰절벽,짬뽀절벽
5852,짬뽕,깜깜절벽,짬뽐절벽,짜깜절벽
5853,짬뽕,깜깜절벽,짬뽐절벽,짬뽀절벽
5854,짬뽕,깜깜절벽,짜깜절벽,짬뽀절벽
5855,가설무대,개간지,가설지,가선지
5856,가설무대,개간지,가설지,가산지
5857,가설무대,개간지,가설지,가안지
5858,가설무대,개간지,가간지,가선지
5859,가설무대,개간지,가간지,가산지
5860,가설무대,개간지,가간지,가안지
5861,가설무대,개간지,가선지,가안지
5862,가설무대,개간지,가산지,가안지
5863,주머닛돈,구두닦이,주머닛디,주머니이
5864,주머닛돈,구두닦이,주머닛디,주머닛도이
5865,주머닛돈,구두닦이,주머닛디,주머니
5866,주머닛돈,구두닦이,주머닛디,주머이
5867,주머닛돈,구두닦이,주머니이,주머닛도이
5868,주머닛돈,구두닦이,주머니이,주머니
5869,주머닛돈,구두닦이,주머니이,주머이
5870,주머닛돈,구두닦이,주머닛도이,주머이
5871,주머닛돈,구두닦이,주머니,주머이
5872,베갯잇,낯색,벷섹,베섹
5873,베갯잇,낯색,벷섹,베낯섹
5874,베갯잇,낯색,벷섹,베겣섹
5875,베갯잇,낯색,벷섹,베갗섹
5876,베갯잇,낯색,베섹,베낯섹
5877,베갯잇,낯색,베섹,베겣섹
5878,베갯잇,낯색,베섹,베갗섹
5879,베갯잇,낯색,베낯섹,베겣섹
5880,베갯잇,낯색,베낯섹,베갗섹
5881,벤또,특혜,벤혜,벡혜
5882,벤또,특혜,벤혜,베혜
5883,벤또,특혜,벤혜,벤특혜
5884,벤또,특혜,벤혜,벤뜩혜
5885,벤또,특혜,벡혜,베혜
5886,벤또,특혜,벡혜,벤특혜
5887,벤또,특혜,벡혜,벤뜩혜
5888,벤또,특혜,베혜,벤특혜
5889,벤또,특혜,베혜,벤뜩혜
5890,벤또,특혜,벤특혜,벤뜩혜
5891,조깅,곡괭이,조기이,조기
5892,조깅,곡괭이,조기이,조이
5893,조깅,곡괭이,조기,조이
5894,강당,깜냥,강냥,감냥
5895,강당,깜냥,강냥,가냥
5896,강당,깜냥,강냥,강깜냥
5897,강당,깜냥,강냥,강담냥
5898,강당,깜냥,감냥,가냥
5899,강당,깜냥,감냥,강깜냥
5900,강당,깜냥,감냥,강담냥
5901,강당,깜냥,가냥,강깜냥
5902,강당,깜냥,가냥,강담냥
5903,강당,깜냥,강깜냥,강담냥
5904,도롱뇽,찔레꽃,도롱꽃,돌레꽃
5905,도롱뇽,찔레꽃,도롱꽃,도레꽃
5906,도롱뇽,찔레꽃,도롱꽃,도로꽃
5907,도롱뇽,찔레꽃,도롱꽃,도에꽃
5908,도롱뇽,찔레꽃,돌레꽃,도레꽃
5909,도롱뇽,찔레꽃,돌레꽃,도로꽃
5910,도롱뇽,찔레꽃,돌레꽃,도에꽃
5911,도롱뇽,찔레꽃,도레꽃,도로꽃
5912,도롱뇽,찔레꽃,도레꽃,도에꽃
5913,도롱뇽,찔레꽃,도로꽃,도에꽃
5914,밸브,부탁,벨탁,베탁
5915,밸브,부탁,벨탁,벨부탁
5916,밸브,부탁,벨탁,베부탁
5917,밸브,부탁,벨탁,베우탁
5918,밸브,부탁,베탁,벨부탁
5919,밸브,부탁,베탁,베부탁
5920,밸브,부탁,베탁,베우탁
5921,밸브,부탁,벨부탁,베부탁
5922,밸브,부탁,벨부탁,베우탁
5923,밸브,부탁,베부탁,베우탁
5924,물빛,이니셜,물니셜,물비셜
5925,물빛,이니셜,물니셜,무니셜
5926,물빛,이니셜,물니셜,무이셜
5927,물빛,이니셜,물니셜,물빛셜
5928,물빛,이니셜,물비셜,무니셜
5929,물빛,이니셜,물비셜,무이셜
5930,물빛,이니셜,물비셜,물빛셜
5931,물빛,이니셜,무니셜,무이셜
5932,물빛,이니셜,무니셜,물빛셜
5933,물빛,이니셜,무이셜,물빛셜
5934,밀크셰이크,기숙사,밀숙사,밀쿡사
5935,밀크셰이크,기숙사,밀숙사,밀큭사
5936,밀크셰이크,기숙사,밀숙사,밀크사
5937,밀크셰이크,기숙사,밀숙사,미숙사
5938,밀크셰이크,기숙사,밀쿡사,밀크사
5939,밀크셰이크,기숙사,밀쿡사,미숙사
5940,밀크셰이크,기숙사,밀큭사,밀크사
5941,밀크셰이크,기숙사,밀큭사,미숙사
5942,밀크셰이크,기숙사,밀크사,미숙사
5943,돋보기안경,겸직,돋직,돔직
5944,돋보기안경,겸직,돋직,도직
5945,돋보기안경,겸직,돋직,돋겸직
5946,돋보기안경,겸직,돋직,돋볌직
5947,돋보기안경,겸직,돔직,도직
5948,돋보기안경,겸직,돔직,돋겸직
5949,돋보기안경,겸직,돔직,돋볌직
5950,돋보기안경,겸직,도직,돋겸직
5951,돋보기안경,겸직,도직,돋볌직
5952,돋보기안경,겸직,돋겸직,돋볌직
5953,삼겹살,이몽룡,삼몽룡,삼공룡
5954,삼겹살,이몽룡,삼몽룡,사몽룡
5955,삼겹살,이몽룡,삼몽룡,사옹룡
5956,삼겹살,이몽룡,삼몽룡,삼기몽룡
5957,삼겹살,이몽룡,삼공룡,사몽룡
5958,삼겹살,이몽룡,삼공룡,사옹룡
5959,삼겹살,이몽룡,삼공룡,삼기몽룡
5960,삼겹살,이몽룡,사몽룡,사옹룡
5961,삼겹살,이몽룡,사몽룡,삼기몽룡
5962,삼겹살,이몽룡,사옹룡,삼기몽룡
5963,발뺌,되풀이,발뻬이,발삐
5964,발뺌,되풀이,발뻬이,바이
5965,발뺌,되풀이,발삐,바이
5966,감자튀김,게시판,감자판,감지판
5967,감자튀김,게시판,감자판,가시판
5968,감자튀김,게시판,감자판,가이판
5969,감자튀김,게시판,감시판,감지판
5970,감자튀김,게시판,감시판,가시판
5971,감자튀김,게시판,감시판,가이판
5972,감자튀김,게시판,감지판,가시판
5973,감자튀김,게시판,감지판,가이판
5974,감자튀김,게시판,가시판,가이판
5975,계단,일쑤,곌쑤,계쑤
5976,계단,일쑤,곌쑤,계딜쑤
5977,계단,일쑤,곌쑤,계달쑤
5978,계단,일쑤,곌쑤,계일쑤
5979,계단,일쑤,계쑤,계딜쑤
5980,계단,일쑤,계쑤,계달쑤
5981,계단,일쑤,계쑤,계일쑤
5982,계단,일쑤,계딜쑤,계일쑤
5983,계단,일쑤,계달쑤,계일쑤
5984,곁다리,짧은소리,곁든소리,곁다소리
5985,곁다리,짧은소리,곁든소리,곁다로리
5986,곁다리,짧은소리,곁든소리,겨은소리
5987,곁다리,짧은소리,곁단소리,곁다소리
5988,곁다리,짧은소리,곁단소리,곁다로리
5989,곁다리,짧은소리,곁단소리,겨은소리
5990,곁다리,짧은소리,곁다소리,곁다로리
5991,곁다리,짧은소리,곁다소리,겨은소리
5992,곁다리,짧은소리,곁다로리,겨은소리
5993,안간힘,강점,안간점,안가점
5994,안간힘,강점,안간점,안간강점
5995,안간힘,강점,안간점,안간힝점
5996,안간힘,강점,안강점,안가점
5997,안간힘,강점,안강점,안간강점
5998,안간힘,강점,안강점,안간힝점
5999,안간힘,강점,안가점,안간강점
6000,안간힘,강점,안가점,안간힝점
6001,안간힘,강점,안간강점,안간힝점
6002,달걀귀신,계책,달걀계첵,달첵
6003,달걀귀신,계책,달걀계첵,다첵
6004,달걀귀신,계책,달걀계첵,달걀첵
6005,달걀귀신,계책,달걀계첵,달갸첵
6006,달걀귀신,계책,달첵,다첵
6007,달걀귀신,계책,달첵,달걀첵
6008,달걀귀신,계책,달첵,달갸첵
6009,달걀귀신,계책,다첵,달걀첵
6010,달걀귀신,계책,다첵,달갸첵
6011,달걀귀신,계책,달걀첵,달갸첵
6012,윤락,억압적,윤랍적,윤라적
6013,윤락,억압적,윤랍적,유압적
6014,윤락,억압적,윤랍적,윤락적
6015,윤락,억압적,윤랍적,윤라압적
6016,윤락,억압적,윤라적,유압적
6017,윤락,억압적,윤라적,윤락적
6018,윤락,억압적,윤라적,윤라압적
6019,윤락,억압적,유압적,윤락적
6020,윤락,억압적,유압적,윤라압적
6021,윤락,억압적,윤락적,윤라압적
6022,선현,묶음,선흠,서음
6023,선현,묶음,선흠,선혀음
6024,선현,묶음,서음,선혀음
6025,면도칼,돛단배,면단베,몇단베
6026,면도칼,돛단배,면단베,면돈베
6027,면도칼,돛단배,면단베,묯단베
6028,면도칼,돛단배,면단베,면도베
6029,면도칼,돛단배,몇단베,면도베
6030,면도칼,돛단배,면돈베,면도베
6031,면도칼,돛단배,묯단베,면도베
6032,케이블카,흰죽,켄죽,케죽
6033,케이블카,흰죽,켄죽,케흰죽
6034,케이블카,흰죽,켄죽,케인죽
6035,케이블카,흰죽,켄죽,케읜죽
6036,케이블카,흰죽,케죽,케흰죽
6037,케이블카,흰죽,케죽,케인죽
6038,케이블카,흰죽,케죽,케읜죽
6039,케이블카,흰죽,케흰죽,케인죽
6040,케이블카,흰죽,케흰죽,케읜죽
6041,보릿고개,우라늄,보릿늄,보라늄
6042,보릿고개,우라늄,보릿늄,보리늄
6043,보릿고개,우라늄,보릿늄,보아늄
6044,보릿고개,우라늄,보릿늄,보릿라늄
6045,보릿고개,우라늄,보라늄,보리늄
6046,보릿고개,우라늄,보라늄,보아늄
6047,보릿고개,우라늄,보라늄,보릿라늄
6048,보릿고개,우라늄,보리늄,보아늄
6049,보릿고개,우라늄,보리늄,보릿라늄
6050,보릿고개,우라늄,보아늄,보릿라늄
6051,암퇘지,앨범,암범,암퉬범
6052,암퇘지,앨범,암범,암텔범
6053,암퇘지,앨범,암범,암퉤범
6054,암퇘지,앨범,암범,암퉤젤범
6055,암퇘지,앨범,암퉬범,암텔범
6056,암퇘지,앨범,암퉬범,암퉤범
6057,암퇘지,앨범,암퉬범,암퉤젤범
6058,암퇘지,앨범,암텔범,암퉤젤범
6059,암퇘지,앨범,암퉤범,암퉤젤범
6060,나이트클럽,커텐,나이트클텐,나이트커텐
6061,나이트클럽,커텐,나이트클텐,나이트크텐
6062,나이트클럽,커텐,나이트클텐,나이트클커텐
6063,나이트클럽,커텐,나이트클텐,나이트클러텐
6064,나이트클럽,커텐,나이트커텐,나이트크텐
6065,나이트클럽,커텐,나이트커텐,나이트클커텐
6066,나이트클럽,커텐,나이트커텐,나이트클러텐
6067,나이트클럽,커텐,나이트크텐,나이트클커텐
6068,나이트클럽,커텐,나이트크텐,나이트클러텐
6069,나이트클럽,커텐,나이트클커텐,나이트클러텐
6070,스틱,오븐,스븐,스토븐
6071,스틱,오븐,스븐,스티븐
6072,스틱,오븐,스븐,스오븐
6073,스틱,오븐,스븐,스틱븐
6074,스틱,오븐,스토븐,스오븐
6075,스틱,오븐,스토븐,스틱븐
6076,스틱,오븐,스티븐,스오븐
6077,스틱,오븐,스티븐,스틱븐
6078,스틱,오븐,스오븐,스틱븐
6079,늦봄,탯줄,늦줄,늣줄
6080,늦봄,탯줄,늦줄,느줄
6081,늦봄,탯줄,늦줄,늦봇줄
6082,늦봄,탯줄,늦줄,늦텟줄
6083,늦봄,탯줄,늣줄,느줄
6084,늦봄,탯줄,늣줄,늦봇줄
6085,늦봄,탯줄,늣줄,늦텟줄
6086,늦봄,탯줄,느줄,늦봇줄
6087,늦봄,탯줄,느줄,늦텟줄
6088,감소,각선미,감선미,가선미
6089,감소,각선미,감선미,가언미
6090,감소,각선미,감선미,감소미
6091,감소,각선미,감선미,감손미
6092,감소,각선미,가선미,가언미
6093,감소,각선미,가선미,감소미
6094,감소,각선미,가선미,감손미
6095,감소,각선미,가언미,감소미
6096,감소,각선미,가언미,감손미
6097,감소,각선미,감소미,감손미
6098,칡차,농가,칡가,칭가
6099,칡차,농가,칡가,칡차가
6100,칡차,농가,칡가,칡창가
6101,칡차,농가,칡가,칡차옹가
6102,칡차,농가,칭가,칡차가
6103,칡차,농가,칭가,칡창가
6104,칡차,농가,칭가,칡차옹가
6105,칡차,농가,칡차가,칡창가
6106,칡차,농가,칡차가,칡차옹가
6107,칡차,농가,칡창가,칡차옹가
6108,빚쟁이,과징금,빚징금,빚젱금
6109,빚쟁이,과징금,빚징금,빚제금
6110,빚쟁이,과징금,빚징금,빚좌징금
6111,빚쟁이,과징금,빚징금,빚젱징금
6112,빚쟁이,과징금,빚젱금,빚제금
6113,빚쟁이,과징금,빚젱금,빚좌징금
6114,빚쟁이,과징금,빚젱금,빚젱징금
6115,빚쟁이,과징금,빚제금,빚좌징금
6116,빚쟁이,과징금,빚제금,빚젱징금
6117,빚쟁이,과징금,빚좌징금,빚젱징금
6118,콜걸,찐빵,콜빵,콘빵
6119,콜걸,찐빵,콜빵,코빵
6120,콜걸,찐빵,콜빵,콜찐빵
6121,콜걸,찐빵,콜빵,콜건빵
6122,콜걸,찐빵,콘빵,코빵
6123,콜걸,찐빵,콘빵,콜찐빵
6124,콜걸,찐빵,콘빵,콜건빵
6125,콜걸,찐빵,코빵,콜찐빵
6126,콜걸,찐빵,코빵,콜건빵
6127,콜걸,찐빵,콜찐빵,콜건빵
6128,능청꾸러기,빨래,능레,늘레
6129,능청꾸러기,빨래,능레,느레
6130,능청꾸러기,빨래,능레,능청레
6131,능청꾸러기,빨래,능레,능빨레
6132,능청꾸러기,빨래,늘레,느레
6133,능청꾸러기,빨래,늘레,능청레
6134,능청꾸러기,빨래,늘레,능빨레
6135,능청꾸러기,빨래,느레,능청레
6136,능청꾸러기,빨래,느레,능빨레
6137,개미집,게스트,게미트,게므트
6138,개미집,게스트,게미트,게으트
6139,개미집,게스트,게미트,게미스트
6140,개미집,게스트,게미트,게게스트
6141,개미집,게스트,게므트,게으트
6142,개미집,게스트,게므트,게미스트
6143,개미집,게스트,게므트,게게스트
6144,개미집,게스트,게으트,게미스트
6145,개미집,게스트,게으트,게게스트
6146,아홉수,넘버,아홉버,아홈버
6147,아홉수,넘버,아홉버,아험버
6148,아홉수,넘버,아홉버,아호버
6149,아홉수,넘버,아홉버,아홉넘버
6150,아홉수,넘버,아홈버,아호버
6151,아홉수,넘버,아홈버,아홉넘버
6152,아홉수,넘버,아험버,아호버
6153,아홉수,넘버,아험버,아홉넘버
6154,아홉수,넘버,아호버,아홉넘버
6155,벚나무,놋숟가락,벚숟가락,벚눋가락
6156,벚나무,놋숟가락,벚숟가락,벗숟가락
6157,벚나무,놋숟가락,벚숟가락,벚낟가락
6158,벚나무,놋숟가락,벚숟가락,벚나아락
6159,벚나무,놋숟가락,벚눋가락,벚나아락
6160,벚나무,놋숟가락,벗숟가락,벚나아락
6161,벚나무,놋숟가락,벚낟가락,벚나아락
6162,괘씸죄,간접적,관접적,궤씸적
6163,괘씸죄,간접적,관접적,궤접적
6164,괘씸죄,간접적,관접적,궤씹적
6165,괘씸죄,간접적,궨접적,궤씸적
6166,괘씸죄,간접적,궨접적,궤접적
6167,괘씸죄,간접적,궨접적,궤씹적
6168,괘씸죄,간접적,궤씸적,궤씹적
6169,괘씸죄,간접적,궤접적,궤씹적
6170,겹받침,품삯,겹삯,겸삯
6171,겹받침,품삯,겹삯,귬삯
6172,겹받침,품삯,겹삯,겨삯
6173,겹받침,품삯,겹삯,겹품삯
6174,겹받침,품삯,겸삯,겨삯
6175,겹받침,품삯,겸삯,겹품삯
6176,겹받침,품삯,귬삯,겨삯
6177,겹받침,품삯,귬삯,겹품삯
6178,겹받침,품삯,겨삯,겹품삯
6179,개량형,강등,겡등,게등
6180,개량형,강등,겡등,게량등
6181,개량형,강등,겡등,게강등
6182,개량형,강등,겡등,게랴등
6183,개량형,강등,게등,게량등
6184,개량형,강등,게등,게강등
6185,개량형,강등,게등,게랴등
6186,개량형,강등,게량등,게강등
6187,개량형,강등,게량등,게랴등
6188,개량형,강등,게강등,게랴등
6189,텃세,꽃가루,텃가루,텃사루
6190,텃세,꽃가루,텃가루,텇가루
6191,텃세,꽃가루,텃가루,터가루
6192,텃세,꽃가루,텃가루,텃세루
6193,텃세,꽃가루,텃사루,터가루
6194,텃세,꽃가루,텃사루,텃세루
6195,텃세,꽃가루,텇가루,터가루
6196,텃세,꽃가루,텇가루,텃세루
6197,텃세,꽃가루,터가루,텃세루
6198,이팔청춘,헤드라이트,이팔청추트,이팔청춘트
6199,이팔청춘,헤드라이트,이팔청추트,이팔라이트
6200,이팔청춘,헤드라이트,이팔청추트,이팔처이트
6201,이팔청춘,헤드라이트,이팔청치트,이팔청춘트
6202,이팔청춘,헤드라이트,이팔청치트,이팔라이트
6203,이팔청춘,헤드라이트,이팔청치트,이팔처이트
6204,이팔청춘,헤드라이트,이팔청춘트,이팔라이트
6205,이팔청춘,헤드라이트,이팔청춘트,이팔처이트
6206,이팔청춘,헤드라이트,이팔라이트,이팔처이트
6207,헝겊,낙착,헝착,헉착
6208,헝겊,낙착,헝착,허착
6209,헝겊,낙착,헝착,헝낙착
6210,헝겊,낙착,헝착,헝걱착
6211,헝겊,낙착,헉착,허착
6212,헝겊,낙착,헉착,헝낙착
6213,헝겊,낙착,헉착,헝걱착
6214,헝겊,낙착,허착,헝낙착
6215,헝겊,낙착,허착,헝걱착
6216,헝겊,낙착,헝낙착,헝걱착
6217,단답식,기브스,단답스,단브스
6218,단답식,기브스,단답스,단드스
6219,단답식,기브스,단답스,단다스
6220,단답식,기브스,단답스,다브스
6221,단답식,기브스,단브스,단드스
6222,단답식,기브스,단브스,단다스
6223,단답식,기브스,단브스,다브스
6224,단답식,기브스,단드스,다브스
6225,단답식,기브스,단다스,다브스
6226,가욋돈,곁다리,같다리,가다리
6227,가욋돈,곁다리,같다리,가와리
6228,가욋돈,곁다리,같다리,가웨리
6229,가욋돈,곁다리,가웻리,가다리
6230,가욋돈,곁다리,가웻리,가와리
6231,가욋돈,곁다리,가웻리,가웨리
6232,가욋돈,곁다리,가다리,가와리
6233,가욋돈,곁다리,가다리,가웨리
6234,국내외,가감,국감,구감
6235,국내외,가감,국감,국가감
6236,국내외,가감,국감,국네감
6237,국내외,가감,국감,국나감
6238,국내외,가감,구감,국가감
6239,국내외,가감,구감,국네감
6240,국내외,가감,구감,국나감
6241,국내외,가감,국가감,국네감
6242,국내외,가감,국가감,국나감
6243,공헌,가설,공설,고설
6244,공헌,가설,공설,공가설
6245,공헌,가설,공설,공허설
6246,공헌,가설,공설,공하설
6247,공헌,가설,고설,공가설
6248,공헌,가설,고설,공허설
6249,공헌,가설,고설,공하설
6250,공헌,가설,공가설,공허설
6251,공헌,가설,공가설,공하설
6252,차렷,맛깔,찻깔,차깔
6253,차렷,맛깔,찻깔,차렷깔
6254,차렷,맛깔,찻깔,차럇깔
6255,차렷,맛깔,찻깔,차맛깔
6256,차렷,맛깔,차깔,차렷깔
6257,차렷,맛깔,차깔,차럇깔
6258,차렷,맛깔,차깔,차맛깔
6259,차렷,맛깔,차렷깔,차럇깔
6260,차렷,맛깔,차렷깔,차맛깔
6261,차렷,맛깔,차럇깔,차맛깔
6262,남북한,농삿집,남북집,낭삿집
6263,남북한,농삿집,남북집,남밧집
6264,남북한,농삿집,남북집,남붓집
6265,남북한,농삿집,남삿집,낭삿집
6266,남북한,농삿집,남삿집,남밧집
6267,남북한,농삿집,남삿집,남붓집
6268,뒤안길,멱살,뒥살,뒤살
6269,뒤안길,멱살,뒥살,뒤안살
6270,뒤안길,멱살,뒥살,뒤악살
6271,뒤안길,멱살,둭살,뒤살
6272,뒤안길,멱살,둭살,뒤안살
6273,뒤안길,멱살,둭살,뒤악살
6274,뒤안길,멱살,뒤살,뒤안살
6275,뒤안길,멱살,뒤살,뒤악살
6276,뒤안길,멱살,뒤안살,뒤악살
6277,오믈렛,거리낌,오믈낌,오미낌
6278,오믈렛,거리낌,오믈낌,오므낌
6279,오믈렛,거리낌,오믈낌,오믈리낌
6280,오믈렛,거리낌,오믈낌,오믈레낌
6281,오믈렛,거리낌,오미낌,오믈리낌
6282,오믈렛,거리낌,오미낌,오믈레낌
6283,오믈렛,거리낌,오므낌,오믈리낌
6284,오믈렛,거리낌,오므낌,오믈레낌
6285,오믈렛,거리낌,오믈리낌,오믈레낌
6286,마른하늘,맏사위,마른휘,마사위
6287,마른하늘,맏사위,마른휘,마라위
6288,마른하늘,맏사위,마른휘,마르위
6289,마른하늘,맏사위,마른휘,마아위
6290,마른하늘,맏사위,마사위,마라위
6291,마른하늘,맏사위,마사위,마르위
6292,마른하늘,맏사위,마사위,마아위
6293,마른하늘,맏사위,마라위,마아위
6294,마른하늘,맏사위,마르위,마아위
6295,뺑덕어멈,다듬질,뼁덕질,뼁덤질
6296,뺑덕어멈,다듬질,뼁덕질,뼁더질
6297,뺑덕어멈,다듬질,뼁덕질,뼁덕듬질
6298,뺑덕어멈,다듬질,뼁듬질,뼁덤질
6299,뺑덕어멈,다듬질,뼁듬질,뼁더질
6300,뺑덕어멈,다듬질,뼁듬질,뼁덕듬질
6301,뺑덕어멈,다듬질,뼁덤질,뼁더질
6302,뺑덕어멈,다듬질,뼁덤질,뼁덕듬질
6303,뺑덕어멈,다듬질,뼁더질,뼁덕듬질
6304,시현,귀항,시항,시귀항
6305,시현,귀항,시항,시혀항
6306,시현,귀항,시항,시휘항
6307,시현,귀항,시항,시히항
6308,시현,귀항,시귀항,시혀항
6309,시현,귀항,시귀항,시휘항
6310,시현,귀항,시귀항,시히항
6311,시현,귀항,시혀항,시히항
6312,시현,귀항,시휘항,시히항
6313,쉼표,카펫,쉼펫,쉬펫
6314,쉼표,카펫,쉼펫,솨펫
6315,쉼표,카펫,쉼펫,쉼카펫
6316,쉼표,카펫,쉼펫,쉼파펫
6317,쉼표,카펫,쉬펫,쉼카펫
6318,쉼표,카펫,쉬펫,쉼파펫
6319,쉼표,카펫,솨펫,쉼카펫
6320,쉼표,카펫,솨펫,쉼파펫
6321,쉼표,카펫,쉼카펫,쉼파펫
6322,가겟집,넋두리,가겟리,갃두리
6323,가겟집,넋두리,가겟리,가겟지리
6324,가겟집,넋두리,가겟리,가겟집리
6325,가겟집,넋두리,가겟리,가게우리
6326,가겟집,넋두리,갃두리,가겟지리
6327,가겟집,넋두리,갃두리,가겟집리
6328,가겟집,넋두리,갃두리,가게우리
6329,가겟집,넋두리,가겟지리,가겟집리
6330,가겟집,넋두리,가겟지리,가게우리
6331,가겟집,넋두리,가겟집리,가게우리
6332,레크리에이션,텍스트,렉스트,레크트
6333,레크리에이션,텍스트,렉스트,레스트
6334,레크리에이션,텍스트,렉스트,레으트
6335,레크리에이션,텍스트,렉스트,레텍스트
6336,레크리에이션,텍스트,레크트,레으트
6337,레크리에이션,텍스트,레크트,레텍스트
6338,레크리에이션,텍스트,레스트,레으트
6339,레크리에이션,텍스트,레스트,레텍스트
6340,레크리에이션,텍스트,레으트,레텍스트
6341,딜러,간부진,딜부진,딜루진
6342,딜러,간부진,딜부진,딘부진
6343,딜러,간부진,딜부진,디부진
6344,딜러,간부진,딜부진,디우진
6345,딜러,간부진,딜루진,디부진
6346,딜러,간부진,딜루진,디우진
6347,딜러,간부진,딘부진,디부진
6348,딜러,간부진,딘부진,디우진
6349,딜러,간부진,디부진,디우진
6350,도착순,광택제,동텍제,도착제
6351,도착순,광택제,동텍제,도첵제
6352,도착순,광택제,동텍제,도텍제
6353,도착순,광택제,동텍제,도차제
6354,도착순,광택제,도착제,도첵제
6355,도착순,광택제,도착제,도텍제
6356,도착순,광택제,도착제,도차제
6357,도착순,광택제,도첵제,도차제
6358,도착순,광택제,도텍제,도차제
6359,금지옥엽,뉘앙스,금징스,금지스
6360,금지옥엽,뉘앙스,금징스,그앙스
6361,금지옥엽,뉘앙스,금징스,금뉘앙스
6362,금지옥엽,뉘앙스,금장스,금지스
6363,금지옥엽,뉘앙스,금장스,그앙스
6364,금지옥엽,뉘앙스,금장스,금뉘앙스
6365,금지옥엽,뉘앙스,금지스,그앙스
6366,금지옥엽,뉘앙스,금지스,금뉘앙스
6367,금지옥엽,뉘앙스,그앙스,금뉘앙스
6368,칩거,옐로카드,칩로카드,칠로카드
6369,칩거,옐로카드,칩로카드,칩고카드
6370,칩거,옐로카드,칩로카드,치로카드
6371,칩거,옐로카드,칩로카드,치오카드
6372,칩거,옐로카드,칠로카드,치로카드
6373,칩거,옐로카드,칠로카드,치오카드
6374,칩거,옐로카드,칩고카드,치로카드
6375,칩거,옐로카드,칩고카드,치오카드
6376,칩거,옐로카드,치로카드,치오카드
6377,눈칫밥,금테,눈테,눔테
6378,눈칫밥,금테,눈테,누테
6379,눈칫밥,금테,눈테,눈칫테
6380,눈칫밥,금테,눈테,눈금테
6381,눈칫밥,금테,눔테,누테
6382,눈칫밥,금테,눔테,눈칫테
6383,눈칫밥,금테,눔테,눈금테
6384,눈칫밥,금테,누테,눈칫테
6385,눈칫밥,금테,누테,눈금테
6386,노후,추석빔,노석빔,노헉빔
6387,노후,추석빔,노석빔,노억빔
6388,노후,추석빔,노석빔,노후빔
6389,노후,추석빔,노석빔,노훅빔
6390,노후,추석빔,노헉빔,노억빔
6391,노후,추석빔,노헉빔,노후빔
6392,노후,추석빔,노헉빔,노훅빔
6393,노후,추석빔,노억빔,노후빔
6394,노후,추석빔,노억빔,노훅빔
6395,노후,추석빔,노후빔,노훅빔
6396,모델,찹쌀떡,모델떡,몹쌀떡
6397,모델,찹쌀떡,모델떡,모쌀떡
6398,모델,찹쌀떡,모델떡,모달떡
6399,모델,찹쌀떡,모델떡,모알떡
6400,모델,찹쌀떡,몹쌀떡,모쌀떡
6401,모델,찹쌀떡,몹쌀떡,모달떡
6402,모델,찹쌀떡,몹쌀떡,모알떡
6403,모델,찹쌀떡,모쌀떡,모달떡
6404,모델,찹쌀떡,모쌀떡,모알떡
6405,모델,찹쌀떡,모달떡,모알떡
6406,노르웨이,굴비,놀비,노비
6407,노르웨이,굴비,놀비,노굴비
6408,노르웨이,굴비,놀비,노룰비
6409,노르웨이,굴비,놀비,노를비
6410,노르웨이,굴비,노비,노굴비
6411,노르웨이,굴비,노비,노룰비
6412,노르웨이,굴비,노비,노를비
6413,노르웨이,굴비,노굴비,노룰비
6414,노르웨이,굴비,노굴비,노를비
6415,훌라후프,쉼터,훌터,훔터
6416,훌라후프,쉼터,훌터,후터
6417,훌라후프,쉼터,훌터,훌쉼터
6418,훌라후프,쉼터,훌터,훌륌터
6419,훌라후프,쉼터,훔터,후터
6420,훌라후프,쉼터,훔터,훌쉼터
6421,훌라후프,쉼터,훔터,훌륌터
6422,훌라후프,쉼터,후터,훌쉼터
6423,훌라후프,쉼터,후터,훌륌터
6424,훌라후프,쉼터,훌쉼터,훌륌터
6425,마늘,카메룬,마네룬,마메룬
6426,마늘,카메룬,마네룬,마에룬
6427,마늘,카메룬,마네룬,마늘룬
6428,마늘,카메룬,마느룬,마메룬
6429,마늘,카메룬,마느룬,마에룬
6430,마늘,카메룬,마느룬,마늘룬
6431,마늘,카메룬,마메룬,마에룬
6432,마늘,카메룬,마메룬,마늘룬
6433,마늘,카메룬,마에룬,마늘룬
6434,오리엔테이션,데뷔,오리뷔,오레뷔
6435,오리엔테이션,데뷔,오리뷔,오리데뷔
6436,오리엔테이션,데뷔,오리뷔,오리엔뷔
6437,오리엔테이션,데뷔,오리뷔,오리에뷔
6438,오리엔테이션,데뷔,오레뷔,오리데뷔
6439,오리엔테이션,데뷔,오레뷔,오리엔뷔
6440,오리엔테이션,데뷔,오레뷔,오리에뷔
6441,오리엔테이션,데뷔,오리데뷔,오리에뷔
6442,오리엔테이션,데뷔,오리엔뷔,오리에뷔
6443,나졸,인플레,나졸레,나플레
6444,나졸,인플레,나졸레,나즐레
6445,나졸,인플레,나졸레,나졸플레
6446,나졸,인플레,나졸레,난플레
6447,나졸,인플레,나플레,나즐레
6448,나졸,인플레,나플레,나졸플레
6449,나졸,인플레,나플레,난플레
6450,나졸,인플레,나즐레,나졸플레
6451,나졸,인플레,나즐레,난플레
6452,나졸,인플레,나졸플레,난플레
6453,낭떠러지,젊음,낭떠름,낭떠음
6454,낭떠러지,젊음,낭떠름,낭떠러즘
6455,낭떠러지,젊음,낭떠름,낭떠러음
6456,낭떠러지,젊음,낭떠름,낭떠러지음
6457,낭떠러지,젊음,낭떠음,낭떠러즘
6458,낭떠러지,젊음,낭떠음,낭떠러음
6459,낭떠러지,젊음,낭떠음,낭떠러지음
6460,낭떠러지,젊음,낭떠러즘,낭떠러음
6461,낭떠러지,젊음,낭떠러즘,낭떠러지음
6462,낭떠러지,젊음,낭떠러음,낭떠러지음
6463,땅뙈기,냇둑,땅둑,땃둑
6464,땅뙈기,냇둑,땅둑,따둑
6465,땅뙈기,냇둑,땅둑,땅뛧둑
6466,땅뙈기,냇둑,땅둑,땅넷둑
6467,땅뙈기,냇둑,땃둑,따둑
6468,땅뙈기,냇둑,땃둑,땅뛧둑
6469,땅뙈기,냇둑,땃둑,땅넷둑
6470,땅뙈기,냇둑,따둑,땅뛧둑
6471,땅뙈기,냇둑,따둑,땅넷둑
6472,땅뙈기,냇둑,땅뛧둑,땅넷둑
6473,가감승제,바위틈,가귀틈,가감틈
6474,가감승제,바위틈,가귀틈,가위틈
6475,가감승제,바위틈,가귀틈,가기틈
6476,가감승제,바위틈,가귀틈,가가틈
6477,가감승제,바위틈,가감틈,가위틈
6478,가감승제,바위틈,가감틈,가기틈
6479,가감승제,바위틈,가감틈,가가틈
6480,가감승제,바위틈,가위틈,가기틈
6481,가감승제,바위틈,가위틈,가가틈
6482,가감승제,바위틈,가기틈,가가틈
6483,끼니,냉커피,낑커피,끼니어피
6484,끼니,냉커피,낑커피,끼커피
6485,끼니,냉커피,낑커피,끼너피
6486,끼니,냉커피,낑커피,끼어피
6487,끼니,냉커피,끼니어피,끼커피
6488,끼니,냉커피,끼니어피,끼너피
6489,끼니,냉커피,끼니어피,끼어피
6490,끼니,냉커피,끼커피,끼너피
6491,끼니,냉커피,끼커피,끼어피
6492,끼니,냉커피,끼너피,끼어피
6493,링크,별꼴,링꼴,릴꼴
6494,링크,별꼴,링꼴,리꼴
6495,링크,별꼴,링꼴,링별꼴
6496,링크,별꼴,링꼴,링켤꼴
6497,링크,별꼴,릴꼴,리꼴
6498,링크,별꼴,릴꼴,링별꼴
6499,링크,별꼴,릴꼴,링켤꼴
6500,링크,별꼴,리꼴,링별꼴
6501,링크,별꼴,리꼴,링켤꼴
6502,링크,별꼴,링별꼴,링켤꼴
6503,가시밭길,스튜어드,가시밭드,가튜어드
6504,가시밭길,스튜어드,가시밭드,가시바드
6505,가시밭길,스튜어드,가시밭드,가슈어드
6506,가시밭길,스튜어드,가시밭드,가시버드
6507,가시밭길,스튜어드,가튜어드,가시바드
6508,가시밭길,스튜어드,가튜어드,가슈어드
6509,가시밭길,스튜어드,가튜어드,가시버드
6510,겨드랑,밝은색,겨드란섹,겨드라섹
6511,겨드랑,밝은색,겨드란섹,겨드랑섹
6512,겨드랑,밝은색,겨드란섹,겨드라은섹
6513,겨드랑,밝은색,겨드란섹,겨든섹
6514,겨드랑,밝은색,겨드라섹,겨드랑섹
6515,겨드랑,밝은색,겨드라섹,겨드라은섹
6516,겨드랑,밝은색,겨드라섹,겨든섹
6517,겨드랑,밝은색,겨드랑섹,겨드라은섹
6518,겨드랑,밝은색,겨드랑섹,겨든섹
6519,겨드랑,밝은색,겨드라은섹,겨든섹
6520,나눗셈,초사흘,나눗흘,나사흘
6521,나눗셈,초사흘,나눗흘,나나흘
6522,나눗셈,초사흘,나눗흘,나누흘
6523,나눗셈,초사흘,나눗흘,나아흘
6524,나눗셈,초사흘,나사흘,나누흘
6525,나눗셈,초사흘,나사흘,나아흘
6526,나눗셈,초사흘,나나흘,나누흘
6527,나눗셈,초사흘,나나흘,나아흘
6528,나눗셈,초사흘,나누흘,나아흘
6529,부정확,흔적,분적,부적
6530,부정확,흔적,분적,부흔적
6531,부정확,흔적,분적,부정적
6532,부정확,흔적,분적,부즌적
6533,부정확,흔적,부적,부흔적
6534,부정확,흔적,부적,부정적
6535,부정확,흔적,부적,부즌적
6536,부정확,흔적,부흔적,부즌적
6537,부정확,흔적,부정적,부즌적
6538,걱정,이탓저탓,걱저어탓,거앗저탓
6539,걱정,이탓저탓,걱저어탓,걱탓저탓
6540,걱정,이탓저탓,걱저어탓,걱잣저탓
6541,걱정,이탓저탓,걱저어탓,걱젓저탓
6542,걱정,이탓저탓,거앗저탓,걱탓저탓
6543,걱정,이탓저탓,거앗저탓,걱잣저탓
6544,걱정,이탓저탓,거앗저탓,걱젓저탓
6545,걱정,이탓저탓,걱탓저탓,걱잣저탓
6546,걱정,이탓저탓,걱탓저탓,걱젓저탓
6547,오믈렛,건축법,오믈법,오묵법
6548,오믈렛,건축법,오믈법,오믁법
6549,오믈렛,건축법,오믈법,오므법
6550,오믈렛,건축법,오믈법,오믈축법
6551,오믈렛,건축법,오묵법,오므법
6552,오믈렛,건축법,오묵법,오믈축법
6553,오믈렛,건축법,오믁법,오므법
6554,오믈렛,건축법,오믁법,오믈축법
6555,오믈렛,건축법,오므법,오믈축법
6556,연쇄,모퉁이,연시,여이
6557,간주,들짐승,간짐승,갈짐승
6558,간주,들짐승,간짐승,간주승
6559,간주,들짐승,간짐승,간줌승
6560,간주,들짐승,간짐승,간즐짐승
6561,간주,들짐승,갈짐승,간주승
6562,간주,들짐승,갈짐승,간줌승
6563,간주,들짐승,갈짐승,간즐짐승
6564,간주,들짐승,간주승,간줌승
6565,간주,들짐승,간주승,간즐짐승
6566,간주,들짐승,간줌승,간즐짐승
6567,개인용,똘마니,겔마니,게마니
6568,개인용,똘마니,겔마니,게인니
6569,개인용,똘마니,겔마니,게이니
6570,개인용,똘마니,겔마니,게아니
6571,개인용,똘마니,게마니,게이니
6572,개인용,똘마니,게마니,게아니
6573,개인용,똘마니,게인니,게이니
6574,개인용,똘마니,게인니,게아니
6575,고춧가루,미륵,고춧가륵,고춧기륵
6576,고춧가루,미륵,고춧가륵,고춧가리륵
6577,고춧가루,미륵,고춧가륵,고춧가루륵
6578,고춧가루,미륵,고춧미륵,고춧기륵
6579,고춧가루,미륵,고춧미륵,고춧가리륵
6580,고춧가루,미륵,고춧미륵,고춧가루륵
6581,고춧가루,미륵,고춧기륵,고춧가리륵
6582,고춧가루,미륵,고춧기륵,고춧가루륵
6583,고춧가루,미륵,고춧가리륵,고춧가루륵
6584,경외심,밝기,경기,겱기
6585,경외심,밝기,경기,걁기
6586,경외심,밝기,경기,겨기
6587,경외심,밝기,경기,경밝기
6588,경외심,밝기,겱기,겨기
6589,경외심,밝기,겱기,경밝기
6590,경외심,밝기,걁기,겨기
6591,경외심,밝기,걁기,경밝기
6592,경외심,밝기,겨기,경밝기
6593,팸플릿,견책,펜첵,페첵
6594,팸플릿,견책,펜첵,펨견첵
6595,팸플릿,견책,펜첵,펨편첵
6596,팸플릿,견책,펨첵,페첵
6597,팸플릿,견책,펨첵,펨견첵
6598,팸플릿,견책,펨첵,펨편첵
6599,팸플릿,견책,페첵,펨견첵
6600,팸플릿,견책,페첵,펨편첵
6601,팸플릿,견책,펨견첵,펨편첵
6602,본뜻,하굣길,본뜻길,본똣길
6603,본뜻,하굣길,본뜻길,보굣길
6604,본뜻,하굣길,본뜻길,본뜻굣길
6605,본뜻,하굣길,본뜻길,본굣길
6606,본뜻,하굣길,본똣길,본뜻굣길
6607,본뜻,하굣길,본똣길,본굣길
6608,본뜻,하굣길,보굣길,본뜻굣길
6609,본뜻,하굣길,보굣길,본굣길
6610,본뜻,하굣길,본뜻굣길,본굣길
6611,물받이,착륙,물받륙,물박륙
6612,물받이,착륙,물받륙,물바륙
6613,물받이,착륙,물받륙,물받착륙
6614,물받이,착륙,물착륙,물박륙
6615,물받이,착륙,물착륙,물바륙
6616,물받이,착륙,물착륙,물받착륙
6617,물받이,착륙,물박륙,물바륙
6618,물받이,착륙,물박륙,물받착륙
6619,물받이,착륙,물바륙,물받착륙
6620,간척지,안팎,간팎,가팎
6621,간척지,안팎,간팎,간척팎
6622,간척지,안팎,간팎,간천팎
6623,간척지,안팎,간팎,간찬팎
6624,간척지,안팎,가팎,간척팎
6625,간척지,안팎,가팎,간천팎
6626,간척지,안팎,가팎,간찬팎
6627,간척지,안팎,간척팎,간천팎
6628,간척지,안팎,간척팎,간찬팎
6629,객차,논공행상,겍공헹상,겍총헹상
6630,객차,논공행상,겍공헹상,겍창헹상
6631,객차,논공행상,겍공헹상,게공헹상
6632,객차,논공행상,겐공헹상,겍총헹상
6633,객차,논공행상,겐공헹상,겍창헹상
6634,객차,논공행상,겐공헹상,게공헹상
6635,객차,논공행상,겍총헹상,겍창헹상
6636,객차,논공행상,겍총헹상,게공헹상
6637,객차,논공행상,겍창헹상,게공헹상
6638,괴롬,프로젝트,궤로젝트,궤오젝트
6639,괴롬,프로젝트,궤로젝트,궤로엑트
6640,괴롬,프로젝트,궤로젝트,궤롬젝트
6641,괴롬,프로젝트,궤로젝트,궤로로젝트
6642,괴롬,프로젝트,궤오젝트,궤롬젝트
6643,괴롬,프로젝트,궤오젝트,궤로로젝트
6644,괴롬,프로젝트,궤로엑트,궤롬젝트
6645,괴롬,프로젝트,궤로엑트,궤로로젝트
6646,괴롬,프로젝트,궤롬젝트,궤로로젝트
6647,그룹,간격,근격,그격
6648,그룹,간격,근격,그간격
6649,그룹,간격,근격,그룬격
6650,그룹,간격,근격,그란격
6651,그룹,간격,그격,그간격
6652,그룹,간격,그격,그룬격
6653,그룹,간격,그격,그란격
6654,그룹,간격,그간격,그룬격
6655,그룹,간격,그간격,그란격
6656,스펠링,꿈결,슴결,스결
6657,스펠링,꿈결,슴결,스꿈결
6658,스펠링,꿈결,슴결,스펠결
6659,스펠링,꿈결,슴결,스품결
6660,스펠링,꿈결,스결,스꿈결
6661,스펠링,꿈결,스결,스펠결
6662,스펠링,꿈결,스결,스품결
6663,스펠링,꿈결,스꿈결,스품결
6664,스펠링,꿈결,스펠결,스품결
6665,맞고소,암꿩,맞꿩,맘꿩
6666,맞고소,암꿩,맞꿩,마꿩
6667,맞고소,암꿩,맞꿩,맞감꿩
6668,맞고소,암꿩,맞꿩,맞곰꿩
6669,맞고소,암꿩,맘꿩,마꿩
6670,맞고소,암꿩,맘꿩,맞감꿩
6671,맞고소,암꿩,맘꿩,맞곰꿩
6672,맞고소,암꿩,마꿩,맞감꿩
6673,맞고소,암꿩,마꿩,맞곰꿩
6674,꾀돌이,수돗가,꿰돌가,꿰도가
6675,꾀돌이,수돗가,꿰돌가,꿰옷가
6676,꾀돌이,수돗가,꿰돌가,꿰돌돗가
6677,꾀돌이,수돗가,꿰돗가,꿰도가
6678,꾀돌이,수돗가,꿰돗가,꿰옷가
6679,꾀돌이,수돗가,꿰돗가,꿰돌돗가
6680,꾀돌이,수돗가,꿰도가,꿰돌돗가
6681,꾀돌이,수돗가,꿰옷가,꿰돌돗가
6682,가공적,관능적,간능적,가능적
6683,가공적,관능적,간능적,가긍적
6684,가공적,관능적,간능적,가고적
6685,가공적,관능적,간능적,가응적
6686,가공적,관능적,가능적,가긍적
6687,가공적,관능적,가능적,가고적
6688,가공적,관능적,가능적,가응적
6689,가공적,관능적,가긍적,가고적
6690,가공적,관능적,가긍적,가응적
6691,닿소리,갈빗대,닿빗데,닿싯데
6692,닿소리,갈빗대,닿빗데,달빗데
6693,닿소리,갈빗대,닿빗데,닿솟데
6694,닿소리,갈빗대,닿빗데,닿소데
6695,닿소리,갈빗대,닿싯데,닿소데
6696,닿소리,갈빗대,달빗데,닿소데
6697,닿소리,갈빗대,닿솟데,닿소데
6698,교통편,찍소리,교통리,교소리
6699,교통편,찍소리,교통리,교토리
6700,교통편,찍소리,교통리,교통소리
6701,교통편,찍소리,교통리,교톡소리
6702,교통편,찍소리,교소리,교토리
6703,교통편,찍소리,교소리,교통소리
6704,교통편,찍소리,교소리,교톡소리
6705,교통편,찍소리,교토리,교통소리
6706,교통편,찍소리,교토리,교톡소리
6707,교통편,찍소리,교통소리,교톡소리
6708,물렁뼈,노쇠기,물렁기,물쉐기
6709,물렁뼈,노쇠기,물렁기,물뤠기
6710,물렁뼈,노쇠기,물렁기,물러기
6711,물렁뼈,노쇠기,물렁기,물레기
6712,물렁뼈,노쇠기,물쉐기,물러기
6713,물렁뼈,노쇠기,물쉐기,물레기
6714,물렁뼈,노쇠기,물뤠기,물러기
6715,물렁뼈,노쇠기,물뤠기,물레기
6716,촬영기,멜로디,촬로디,췔로디
6717,촬영기,멜로디,촬로디,촤로디
6718,촬영기,멜로디,촬로디,촤오디
6719,촬영기,멜로디,촬로디,촬멜로디
6720,촬영기,멜로디,췔로디,촤로디
6721,촬영기,멜로디,췔로디,촤오디
6722,촬영기,멜로디,췔로디,촬멜로디
6723,촬영기,멜로디,촤로디,촤오디
6724,촬영기,멜로디,촤로디,촬멜로디
6725,촬영기,멜로디,촤오디,촬멜로디
6726,엊그저께,랭킹,엊킹,엊렝킹
6727,엊그저께,랭킹,엊킹,엊긍킹
6728,엊그저께,랭킹,엊킹,엊겡킹
6729,엊그저께,랭킹,엊킹,엊그킹
6730,엊그저께,랭킹,엊렝킹,엊그킹
6731,엊그저께,랭킹,엊긍킹,엊그킹
6732,엊그저께,랭킹,엊겡킹,엊그킹
6733,가입비,가공성,가입성,가잉성
6734,가입비,가공성,가입성,가옹성
6735,가입비,가공성,가입성,가이성
6736,가입비,가공성,가입성,가입공성
6737,가입비,가공성,가잉성,가이성
6738,가입비,가공성,가잉성,가입공성
6739,가입비,가공성,가옹성,가이성
6740,가입비,가공성,가옹성,가입공성
6741,가입비,가공성,가이성,가입공성
6742,개장국,푯말,겟말,게말
6743,개장국,푯말,겟말,게푯말
6744,개장국,푯말,겟말,게죳말
6745,개장국,푯말,겟말,게장말
6746,개장국,푯말,게말,게푯말
6747,개장국,푯말,게말,게죳말
6748,개장국,푯말,게말,게장말
6749,개장국,푯말,게푯말,게죳말
6750,개장국,푯말,게푯말,게장말
6751,개장국,푯말,게죳말,게장말
6752,칩거,성의껏,칩긔껏,치의껏
6753,칩거,성의껏,칩긔껏,칩거껏
6754,칩거,성의껏,칩긔껏,칩껏
6755,칩거,성의껏,칩긔껏,칩거의껏
6756,칩거,성의껏,치의껏,칩거껏
6757,칩거,성의껏,치의껏,칩껏
6758,칩거,성의껏,치의껏,칩거의껏
6759,칩거,성의껏,칩거껏,칩껏
6760,칩거,성의껏,칩거껏,칩거의껏
6761,칩거,성의껏,칩껏,칩거의껏
6762,샴푸,칵테일,샴테일,샥테일
6763,샴푸,칵테일,샴테일,샴페일
6764,샴푸,칵테일,샴테일,샤테일
6765,샴푸,칵테일,샴테일,샴푸일
6766,샴푸,칵테일,샥테일,샤테일
6767,샴푸,칵테일,샥테일,샴푸일
6768,샴푸,칵테일,샴페일,샤테일
6769,샴푸,칵테일,샴페일,샴푸일
6770,샴푸,칵테일,샤테일,샴푸일
6771,경쟁력,며칠,경칠,겨칠
6772,경쟁력,며칠,경칠,경젱칠
6773,경쟁력,며칠,경칠,경제칠
6774,경쟁력,며칠,경칠,경저칠
6775,경쟁력,며칠,겨칠,경젱칠
6776,경쟁력,며칠,겨칠,경제칠
6777,경쟁력,며칠,겨칠,경저칠
6778,경쟁력,며칠,경젱칠,경제칠
6779,경쟁력,며칠,경젱칠,경저칠
6780,먼지투성이,가라오케,먼지투케,먼지토케
6781,먼지투성이,가라오케,먼지투케,먼지오케
6782,먼지투성이,가라오케,먼지투케,먼라오케
6783,먼지투성이,가라오케,먼지투케,먼자오케
6784,먼지투성이,가라오케,먼지토케,먼지오케
6785,먼지투성이,가라오케,먼지토케,먼라오케
6786,먼지투성이,가라오케,먼지토케,먼자오케
6787,먼지투성이,가라오케,먼지오케,먼자오케
6788,먼지투성이,가라오케,먼라오케,먼자오케
6789,볏섬,농삿집,볏삿집,볏섯집
6790,볏섬,농삿집,볏삿집,뵹삿집
6791,볏섬,농삿집,볏삿집,병삿집
6792,볏섬,농삿집,볏삿집,볏서집
6793,볏섬,농삿집,볏섯집,볏서집
6794,볏섬,농삿집,뵹삿집,볏서집
6795,볏섬,농삿집,병삿집,볏서집
6796,뮤지컬,에콰도르,뮤지도르,뮤지코르
6797,뮤지컬,에콰도르,뮤지도르,뮤지커르
6798,뮤지컬,에콰도르,뮤지도르,뮤자도르
6799,뮤지컬,에콰도르,뮤지도르,뮤지컬르
6800,뮤지컬,에콰도르,뮤지코르,뮤지컬르
6801,뮤지컬,에콰도르,뮤지커르,뮤지컬르
6802,뮤지컬,에콰도르,뮤자도르,뮤지컬르
6803,가격표,구명조끼,가격조끼,가경조끼
6804,가격표,구명조끼,가격조끼,가격포끼
6805,가격표,구명조끼,가격조끼,가겅조끼
6806,가격표,구명조끼,가명조끼,가경조끼
6807,가격표,구명조끼,가명조끼,가격포끼
6808,가격표,구명조끼,가명조끼,가겅조끼
6809,가격표,구명조끼,가경조끼,가겅조끼
6810,가격표,구명조끼,가격포끼,가겅조끼
6811,봇짐,끝내기,봇네기,봍네기
6812,봇짐,끝내기,봇네기,봇짐기
6813,봇짐,끝내기,봇제기,봍네기
6814,봇짐,끝내기,봇제기,봇짐기
6815,봇짐,끝내기,봇지기,봍네기
6816,봇짐,끝내기,봇지기,봇짐기
6817,봇짐,끝내기,봍네기,봇짐기
6818,눈빛,고등어,눈비어,눈버
6819,눈빛,고등어,눈비어,누어
6820,눈빛,고등어,눈버,누어
6821,기쁨,샤워기,기뿨기,기워기
6822,기쁨,샤워기,기뿨기,기쁘기
6823,기쁨,샤워기,기뿨기,기뻐기
6824,기쁨,샤워기,기뿨기,기쁨기
6825,기쁨,샤워기,기워기,기쁘기
6826,기쁨,샤워기,기워기,기뻐기
6827,기쁨,샤워기,기워기,기쁨기
6828,기쁨,샤워기,기쁘기,기쁨기
6829,기쁨,샤워기,기뻐기,기쁨기
6830,이듬해,멥쌀,이듬쌀,이뎁쌀
6831,이듬해,멥쌀,이듬쌀,이듭쌀
6832,이듬해,멥쌀,이듬쌀,이드쌀
6833,이듬해,멥쌀,이듬쌀,이듬헵쌀
6834,이듬해,멥쌀,이뎁쌀,이드쌀
6835,이듬해,멥쌀,이뎁쌀,이듬헵쌀
6836,이듬해,멥쌀,이듭쌀,이드쌀
6837,이듬해,멥쌀,이듭쌀,이듬헵쌀
6838,이듬해,멥쌀,이드쌀,이듬헵쌀
6839,가입국,연못가,간못가,가못가
6840,가입국,연못가,간못가,가입가
6841,가입국,연못가,간못가,가잇가
6842,가입국,연못가,간못가,가옷가
6843,가입국,연못가,가못가,가입가
6844,가입국,연못가,가못가,가잇가
6845,가입국,연못가,가못가,가옷가
6846,가입국,연못가,가입가,가잇가
6847,가입국,연못가,가입가,가옷가
6848,가정의례,경과,강과,가과
6849,가정의례,경과,강과,가정과
6850,가정의례,경과,강과,가저과
6851,가정의례,경과,강과,가엉과
6852,가정의례,경과,가과,가정과
6853,가정의례,경과,가과,가저과
6854,가정의례,경과,가과,가엉과
6855,가정의례,경과,가정과,가저과
6856,가정의례,경과,가정과,가엉과
6857,졸도,계절병,조절병,졸절병
6858,졸도,계절병,조절병,졸덜병
6859,졸도,계절병,조절병,조얼병
6860,졸도,계절병,조절병,졸도병
6861,졸도,계절병,졸절병,졸덜병
6862,졸도,계절병,졸절병,조얼병
6863,졸도,계절병,졸절병,졸도병
6864,졸도,계절병,졸덜병,조얼병
6865,졸도,계절병,졸덜병,졸도병
6866,졸도,계절병,조얼병,졸도병
6867,깨달음,남녘,껨녘,께녘
6868,깨달음,남녘,껨녘,께남녘
6869,깨달음,남녘,껨녘,께달녘
6870,깨달음,남녘,껨녘,께담녘
6871,깨달음,남녘,께녘,께남녘
6872,깨달음,남녘,께녘,께달녘
6873,깨달음,남녘,께녘,께담녘
6874,깨달음,남녘,께남녘,께담녘
6875,깨달음,남녘,께달녘,께담녘
6876,가나다순,시스템,가나템,가느템
6877,가나다순,시스템,가나템,가으템
6878,가나다순,시스템,가나템,가나다템
6879,가나다순,시스템,가스템,가느템
6880,가나다순,시스템,가스템,가으템
6881,가나다순,시스템,가스템,가나다템
6882,가나다순,시스템,가느템,가으템
6883,가나다순,시스템,가느템,가나다템
6884,가나다순,시스템,가으템,가나다템
6885,검정고시,단칸방,검정방,검전방
6886,검정고시,단칸방,검정방,건칸방
6887,검정고시,단칸방,검정방,검잔방
6888,검정고시,단칸방,검칸방,검전방
6889,검정고시,단칸방,검칸방,건칸방
6890,검정고시,단칸방,검칸방,검잔방
6891,와이셔츠,딱지치기,왁지치기,와지치기
6892,와이셔츠,딱지치기,왁지치기,와이치기
6893,와이셔츠,딱지치기,왁지치기,와이시기
6894,와이셔츠,딱지치기,왁지치기,와이이기
6895,와이셔츠,딱지치기,와지치기,와이치기
6896,와이셔츠,딱지치기,와지치기,와이시기
6897,와이셔츠,딱지치기,와지치기,와이이기
6898,와이셔츠,딱지치기,와이치기,와이시기
6899,와이셔츠,딱지치기,와이치기,와이이기
6900,와이셔츠,딱지치기,와이시기,와이이기
6901,닦달,플랫폼,달렛폼,닦다폼
6902,닦달,플랫폼,닦뎃폼,닦다폼
6903,닦달,플랫폼,닦렛폼,닦다폼
6904,닦달,플랫폼,닦닷폼,닦다폼
6905,대접,겉말,뎉말,데말
6906,대접,겉말,뎉말,데겉말
6907,대접,겉말,뎉말,데젙말
6908,대접,겉말,뎉말,데엍말
6909,대접,겉말,데말,데겉말
6910,대접,겉말,데말,데젙말
6911,대접,겉말,데말,데엍말
6912,대접,겉말,데겉말,데젙말
6913,대접,겉말,데겉말,데엍말
6914,대접,겉말,데젙말,데엍말
6915,붉은빛,옵션,붉션,붑션
6916,붉은빛,옵션,붉션,부션
6917,붉은빛,옵션,붉션,부옵션
6918,붉은빛,옵션,붑션,부션
6919,붉은빛,옵션,붑션,부옵션
6920,붉은빛,옵션,부션,부옵션
6921,휠체어,낼모레,휠체레,휠초레
6922,휠체어,낼모레,휠체레,휄모레
6923,휠체어,낼모레,휠체레,휘모레
6924,휠체어,낼모레,휠모레,휠초레
6925,휠체어,낼모레,휠모레,휄모레
6926,휠체어,낼모레,휠모레,휘모레
6927,휠체어,낼모레,휠초레,휘모레
6928,휠체어,낼모레,휄모레,휘모레
6929,멕시코,팸플릿,멕플릿,멕실릿
6930,멕시코,팸플릿,멕플릿,멤플릿
6931,멕시코,팸플릿,멕플릿,멕슬릿
6932,멕시코,팸플릿,멕플릿,멕시릿
6933,멕시코,팸플릿,멕실릿,멕시릿
6934,멕시코,팸플릿,멤플릿,멕시릿
6935,멕시코,팸플릿,멕슬릿,멕시릿
6936,굉음,비지땀,궹지땀,궤지땀
6937,굉음,비지땀,궹지땀,귀지땀
6938,굉음,비지땀,궹지땀,궤이땀
6939,굉음,비지땀,궹지땀,궹비지땀
6940,굉음,비지땀,궤지땀,궤이땀
6941,굉음,비지땀,궤지땀,궹비지땀
6942,굉음,비지땀,귀지땀,궤이땀
6943,굉음,비지땀,귀지땀,궹비지땀
6944,굉음,비지땀,궤이땀,궹비지땀
6945,구둣주걱,발효,굴효,구효
6946,구둣주걱,발효,굴효,구발효
6947,구둣주걱,발효,굴효,구둣효
6948,구둣주걱,발효,굴효,구둘효
6949,구둣주걱,발효,구효,구발효
6950,구둣주걱,발효,구효,구둣효
6951,구둣주걱,발효,구효,구둘효
6952,구둣주걱,발효,구발효,구둘효
6953,구둣주걱,발효,구둣효,구둘효
6954,누에고치,귀경,누에경,누이경
6955,누에고치,귀경,누에경,누에고경
6956,누에고치,귀경,누에경,누에기경
6957,누에고치,귀경,누에경,누에고치경
6958,누에고치,귀경,누이경,누에고경
6959,누에고치,귀경,누이경,누에기경
6960,누에고치,귀경,누이경,누에고치경
6961,누에고치,귀경,누에고경,누에기경
6962,누에고치,귀경,누에고경,누에고치경
6963,누에고치,귀경,누에기경,누에고치경
6964,깻잎,나뭇가지,께뭇가지,껫뭇가지
6965,깻잎,나뭇가지,께뭇가지,께웃가지
6966,깻잎,나뭇가지,께뭇가지,껫나뭇가지
6967,깻잎,나뭇가지,께뭇가지,께나뭇가지
6968,깻잎,나뭇가지,껫뭇가지,께웃가지
6969,깻잎,나뭇가지,껫뭇가지,껫나뭇가지
6970,깻잎,나뭇가지,껫뭇가지,께나뭇가지
6971,깻잎,나뭇가지,께웃가지,껫나뭇가지
6972,깻잎,나뭇가지,께웃가지,께나뭇가지
6973,깻잎,나뭇가지,껫나뭇가지,께나뭇가지
6974,고기능,고참병,고감병,고기병
6975,고기능,고참병,고감병,고암병
6976,고기능,고참병,고감병,고기참병
6977,고기능,고참병,고김병,고기병
6978,고기능,고참병,고김병,고암병
6979,고기능,고참병,고김병,고기참병
6980,고기능,고참병,고기병,고암병
6981,고기능,고참병,고기병,고기참병
6982,고기능,고참병,고암병,고기참병
6983,간선,노여움,간셔움,간서움
6984,간선,노여움,간셔움,가여움
6985,간선,노여움,간셔움,가어움
6986,간선,노여움,간셔움,간노여움
6987,간선,노여움,간서움,가여움
6988,간선,노여움,간서움,가어움
6989,간선,노여움,간서움,간노여움
6990,간선,노여움,가여움,가어움
6991,간선,노여움,가여움,간노여움
6992,간선,노여움,가어움,간노여움
6993,딸내미,각색,딸섹,딱섹
6994,딸내미,각색,딸섹,따섹
6995,딸내미,각색,딸섹,딸각섹
6996,딸내미,각색,딸섹,딸낙섹
6997,딸내미,각색,딱섹,따섹
6998,딸내미,각색,딱섹,딸각섹
6999,딸내미,각색,딱섹,딸낙섹
7000,딸내미,각색,따섹,딸각섹
7001,딸내미,각색,따섹,딸낙섹
7002,딸내미,각색,딸각섹,딸낙섹
7003,스낵,이삭줍기,스넥줍기,스삭줍기
7004,스낵,이삭줍기,스넥줍기,스낙줍기
7005,스낵,이삭줍기,스넥줍기,스악줍기
7006,스낵,이삭줍기,스넥줍기,스네줍기
7007,스낵,이삭줍기,스삭줍기,스낙줍기
7008,스낵,이삭줍기,스삭줍기,스악줍기
7009,스낵,이삭줍기,스삭줍기,스네줍기
7010,스낵,이삭줍기,스낙줍기,스악줍기
7011,스낵,이삭줍기,스낙줍기,스네줍기
7012,쓴웃음,간부급,쓴부급,쓴간부급
7013,쓴웃음,간부급,쓴부급,쓴급
7014,쓴웃음,간부급,쓴부급,쓰부급
7015,쓴웃음,간부급,쓴부급,쓰우급
7016,쓴웃음,간부급,쓴간부급,쓴급
7017,쓴웃음,간부급,쓴간부급,쓰부급
7018,쓴웃음,간부급,쓴간부급,쓰우급
7019,쓴웃음,간부급,쓴급,쓰부급
7020,쓴웃음,간부급,쓴급,쓰우급
7021,쓴웃음,간부급,쓰부급,쓰우급
7022,이슈,훼손,이쉐손,이세손
7023,이슈,훼손,이쉐손,이슈손
7024,이슈,훼손,이쉐손,이슈에손
7025,이슈,훼손,이세손,이슈손
7026,이슈,훼손,이세손,이슈에손
7027,이슈,훼손,이슈손,이슈에손
7028,꾀보,밥주걱,꽙주걱,꿰주걱
7029,꾀보,밥주걱,꽙주걱,꿰부걱
7030,꾀보,밥주걱,꽙주걱,꿰우걱
7031,꾀보,밥주걱,뀁주걱,꿰주걱
7032,꾀보,밥주걱,뀁주걱,꿰부걱
7033,꾀보,밥주걱,뀁주걱,꿰우걱
7034,꾀보,밥주걱,꿰주걱,꿰부걱
7035,꾀보,밥주걱,꿰주걱,꿰우걱
7036,꾀보,밥주걱,꿰부걱,꿰우걱
7037,솟을대문,캄보디아,솟보디아,솜보디아
7038,솟을대문,캄보디아,솟보디아,소보디아
7039,솟을대문,캄보디아,솟보디아,소오디아
7040,솟을대문,캄보디아,솟보디아,솟캄보디아
7041,솟을대문,캄보디아,솜보디아,소보디아
7042,솟을대문,캄보디아,솜보디아,소오디아
7043,솟을대문,캄보디아,솜보디아,솟캄보디아
7044,솟을대문,캄보디아,소보디아,소오디아
7045,솟을대문,캄보디아,소보디아,솟캄보디아
7046,솟을대문,캄보디아,소오디아,솟캄보디아
7047,거름,힌트,건트,거트
7048,거름,힌트,건트,거힌트
7049,거름,힌트,건트,거른트
7050,거름,힌트,건트,거린트
7051,거름,힌트,거트,거힌트
7052,거름,힌트,거트,거른트
7053,거름,힌트,거트,거린트
7054,거름,힌트,거힌트,거른트
7055,거름,힌트,거힌트,거린트
7056,가락엿,근간,간간,가간
7057,가락엿,근간,간간,가락간
7058,가락엿,근간,간간,가근간
7059,가락엿,근간,간간,가른간
7060,가락엿,근간,가간,가락간
7061,가락엿,근간,가간,가근간
7062,가락엿,근간,가간,가른간
7063,가락엿,근간,가락간,가른간
7064,가락엿,근간,가근간,가른간
7065,놋숟가락,둔각,놋각,논각
7066,놋숟가락,둔각,놋각,노각
7067,놋숟가락,둔각,놋각,놋숟각
7068,놋숟가락,둔각,놋각,놋둔각
7069,놋숟가락,둔각,논각,노각
7070,놋숟가락,둔각,논각,놋숟각
7071,놋숟가락,둔각,논각,놋둔각
7072,놋숟가락,둔각,노각,놋숟각
7073,놋숟가락,둔각,노각,놋둔각
7074,가난뱅이,나뭇잎,가난빞,가나잎
7075,가난뱅이,나뭇잎,가난빞,가난베잎
7076,가난뱅이,나뭇잎,가난빞,가닢
7077,가난뱅이,나뭇잎,가난빞,가잎
7078,가난뱅이,나뭇잎,가나잎,가난베잎
7079,가난뱅이,나뭇잎,가나잎,가닢
7080,가난뱅이,나뭇잎,가나잎,가잎
7081,가난뱅이,나뭇잎,가난베잎,가닢
7082,가난뱅이,나뭇잎,가난베잎,가잎
7083,가난뱅이,나뭇잎,가닢,가잎
7084,횟가루,냉채,휑체,훼체
7085,횟가루,냉채,휑체,휏강체
7086,횟가루,냉채,휑체,휏넹체
7087,횟가루,냉채,휏체,훼체
7088,횟가루,냉채,휏체,휏강체
7089,횟가루,냉채,휏체,휏넹체
7090,횟가루,냉채,훼체,휏강체
7091,횟가루,냉채,훼체,휏넹체
7092,잇몸,끄나풀,잇나풀,잇모풀
7093,잇몸,끄나풀,잇나풀,잇마풀
7094,잇몸,끄나풀,잇나풀,잇몸풀
7095,잇몸,끄나풀,잇나풀,잇끄나풀
7096,잇몸,끄나풀,잇모풀,잇몸풀
7097,잇몸,끄나풀,잇모풀,잇끄나풀
7098,잇몸,끄나풀,잇마풀,잇몸풀
7099,잇몸,끄나풀,잇마풀,잇끄나풀
7100,잇몸,끄나풀,잇몸풀,잇끄나풀
7101,아픔,코르덴,아프덴,아픔덴
7102,아픔,코르덴,아프덴,아포르덴
7103,아픔,코르덴,아프덴,아프르덴
7104,아픔,코르덴,아프덴,아프으덴
7105,아픔,코르덴,아픔덴,아포르덴
7106,아픔,코르덴,아픔덴,아프르덴
7107,아픔,코르덴,아픔덴,아프으덴
7108,아픔,코르덴,아포르덴,아프으덴
7109,아픔,코르덴,아프르덴,아프으덴
7110,볍씨,뮤지컬,볍씨컬,볍지컬
7111,볍씨,뮤지컬,볍씨컬,뷰지컬
7112,볍씨,뮤지컬,볍씨컬,벼지컬
7113,볍씨,뮤지컬,볍씨컬,벼이컬
7114,볍씨,뮤지컬,볍지컬,뷰지컬
7115,볍씨,뮤지컬,볍지컬,벼지컬
7116,볍씨,뮤지컬,볍지컬,벼이컬
7117,볍씨,뮤지컬,뷰지컬,벼이컬
7118,볍씨,뮤지컬,벼지컬,벼이컬
7119,답례,클라리넷,답라리넷,달라리넷
7120,답례,클라리넷,답라리넷,다아리넷
7121,답례,클라리넷,답라리넷,답례리넷
7122,답례,클라리넷,답라리넷,답례이넷
7123,답례,클라리넷,달라리넷,다아리넷
7124,답례,클라리넷,달라리넷,답례리넷
7125,답례,클라리넷,달라리넷,답례이넷
7126,답례,클라리넷,다아리넷,답례리넷
7127,답례,클라리넷,다아리넷,답례이넷
7128,답례,클라리넷,답례리넷,답례이넷
7129,날품팔이,몰매,날메,날품메
7130,날품팔이,몰매,날메,날몰메
7131,날품팔이,몰매,날메,날풀메
7132,날품팔이,몰매,날메,날폴메
7133,날품팔이,몰매,날품메,날풀메
7134,날품팔이,몰매,날품메,날폴메
7135,날품팔이,몰매,날몰메,날풀메
7136,날품팔이,몰매,날몰메,날폴메
7137,남서쪽,경직성,남직성,남식성
7138,남서쪽,경직성,남직성,낭직성
7139,남서쪽,경직성,남직성,남석성
7140,남서쪽,경직성,남직성,남서성
7141,남서쪽,경직성,남식성,남서성
7142,남서쪽,경직성,낭직성,남서성
7143,남서쪽,경직성,남석성,남서성
7144,가을맞이,썰매,갈메,가메
7145,가을맞이,썰매,갈메,가썰메
7146,가을맞이,썰매,갈메,가을메
7147,가을맞이,썰매,갈메,가얼메
7148,가을맞이,썰매,가메,가썰메
7149,가을맞이,썰매,가메,가을메
7150,가을맞이,썰매,가메,가얼메
7151,가을맞이,썰매,가썰메,가을메
7152,가을맞이,썰매,가썰메,가얼메
7153,가을맞이,썰매,가을메,가얼메
7154,간담,오지랖,간다랖,간담랖
7155,간담,오지랖,간다랖,가이랖
7156,간담,오지랖,간다랖,간다지랖
7157,간담,오지랖,간다랖,간다이랖
7158,간담,오지랖,간담랖,가이랖
7159,간담,오지랖,간담랖,간다지랖
7160,간담,오지랖,간담랖,간다이랖
7161,간담,오지랖,가이랖,간다지랖
7162,간담,오지랖,가이랖,간다이랖
7163,간담,오지랖,간다지랖,간다이랖
7164,윤리관,마른침,윤른침,윤린침
7165,윤리관,마른침,윤른침,윤리침
7166,윤리관,마른침,윤른침,유른침
7167,윤리관,마른침,윤른침,유은침
7168,윤리관,마른침,윤린침,윤리침
7169,윤리관,마른침,윤린침,유른침
7170,윤리관,마른침,윤린침,유은침
7171,윤리관,마른침,윤리침,유른침
7172,윤리관,마른침,윤리침,유은침
7173,윤리관,마른침,유른침,유은침
7174,가도,개최,가췌,가데췌
7175,가도,개최,가췌,가게췌
7176,가도,개최,가췌,가에췌
7177,가도,개최,가췌,가도췌
7178,가도,개최,가데췌,가에췌
7179,가도,개최,가데췌,가도췌
7180,가도,개최,가게췌,가에췌
7181,가도,개최,가게췌,가도췌
7182,가도,개최,가에췌,가도췌
7183,단풍잎,가마니,단풍니,단마니
7184,단풍잎,가마니,단풍니,단푸니
7185,단풍잎,가마니,단풍니,단파니
7186,단풍잎,가마니,단풍니,다마니
7187,단풍잎,가마니,단마니,단푸니
7188,단풍잎,가마니,단마니,단파니
7189,단풍잎,가마니,단마니,다마니
7190,단풍잎,가마니,단푸니,다마니
7191,단풍잎,가마니,단파니,다마니
7192,섭씨,쉰내,섭네,선네
7193,섭씨,쉰내,섭네,서네
7194,섭씨,쉰내,섭네,섭쉰네
7195,섭씨,쉰내,섭네,섭쒼네
7196,섭씨,쉰내,선네,서네
7197,섭씨,쉰내,선네,섭쉰네
7198,섭씨,쉰내,선네,섭쒼네
7199,섭씨,쉰내,서네,섭쉰네
7200,섭씨,쉰내,서네,섭쒼네
7201,섭씨,쉰내,섭쉰네,섭쒼네
7202,가정불화,완두콩,가정콩,간두콩
7203,가정불화,완두콩,가정콩,가두콩
7204,가정불화,완두콩,가정콩,가저콩
7205,가정불화,완두콩,가정콩,가주콩
7206,가정불화,완두콩,간두콩,가두콩
7207,가정불화,완두콩,간두콩,가저콩
7208,가정불화,완두콩,간두콩,가주콩
7209,가정불화,완두콩,가두콩,가저콩
7210,가정불화,완두콩,가두콩,가주콩
7211,멀미,마라톤,멀마톤,머라톤
7212,멀미,마라톤,멀마톤,머아톤
7213,멀미,마라톤,멀마톤,멀미톤
7214,멀미,마라톤,멀라톤,머라톤
7215,멀미,마라톤,멀라톤,머아톤
7216,멀미,마라톤,멀라톤,멀미톤
7217,멀미,마라톤,머라톤,머아톤
7218,멀미,마라톤,머라톤,멀미톤
7219,멀미,마라톤,머아톤,멀미톤
7220,납득,꼬챙이,납드이,납디
7221,납득,꼬챙이,납드이,나이
7222,납득,꼬챙이,납디,나이
7223,만월,핫팬츠,만펜츠,맛펜츠
7224,만월,핫팬츠,만펜츠,마펜츠
7225,만월,핫팬츠,만펜츠,마엔츠
7226,만월,핫팬츠,만펜츠,만핫펜츠
7227,만월,핫팬츠,맛펜츠,마펜츠
7228,만월,핫팬츠,맛펜츠,마엔츠
7229,만월,핫팬츠,맛펜츠,만핫펜츠
7230,만월,핫팬츠,마펜츠,마엔츠
7231,만월,핫팬츠,마펜츠,만핫펜츠
7232,만월,핫팬츠,마엔츠,만핫펜츠
7233,볏짚,닷새,볏세,뱟세
7234,볏짚,닷새,볏세,벼세
7235,볏짚,닷새,볏세,볏닷세
7236,볏짚,닷새,볏세,볏잣세
7237,볏짚,닷새,뱟세,벼세
7238,볏짚,닷새,뱟세,볏닷세
7239,볏짚,닷새,뱟세,볏잣세
7240,볏짚,닷새,벼세,볏닷세
7241,볏짚,닷새,벼세,볏잣세
7242,볏짚,닷새,볏닷세,볏잣세
7243,감도,밀랍,감랍,갈랍
7244,감도,밀랍,감랍,가랍
7245,감도,밀랍,감랍,감밀랍
7246,감도,밀랍,감랍,감딜랍
7247,감도,밀랍,갈랍,가랍
7248,감도,밀랍,갈랍,감밀랍
7249,감도,밀랍,갈랍,감딜랍
7250,감도,밀랍,가랍,감밀랍
7251,감도,밀랍,가랍,감딜랍
7252,감도,밀랍,감밀랍,감딜랍
7253,매혹,풍뎅이,메호이,메히
7254,매혹,풍뎅이,메호이,메이
7255,매혹,풍뎅이,메히,메이
7256,삼겹살,밸런타인데이,삼겹타인데이,삼겹사인데이
7257,삼겹살,밸런타인데이,삼겹타인데이,삼견타인데이
7258,삼겹살,밸런타인데이,삼겹타인데이,삼런타인데이
7259,삼겹살,밸런타인데이,삼겹타인데이,살런타인데이
7260,삼겹살,밸런타인데이,삼겹사인데이,삼런타인데이
7261,삼겹살,밸런타인데이,삼겹사인데이,살런타인데이
7262,삼겹살,밸런타인데이,삼견타인데이,삼런타인데이
7263,삼겹살,밸런타인데이,삼견타인데이,살런타인데이
7264,떡두꺼비,왈가닥,떡가닥,떨가닥
7265,떡두꺼비,왈가닥,떡가닥,떡다닥
7266,떡두꺼비,왈가닥,떡가닥,떠가닥
7267,떡두꺼비,왈가닥,떡두닥,떨가닥
7268,떡두꺼비,왈가닥,떡두닥,떡다닥
7269,떡두꺼비,왈가닥,떡두닥,떠가닥
7270,떡두꺼비,왈가닥,떨가닥,떠가닥
7271,떡두꺼비,왈가닥,떡다닥,떠가닥
7272,앞마당,갈비씨,앞비씨,앞미씨
7273,앞마당,갈비씨,앞비씨,앞갈비씨
7274,앞마당,갈비씨,앞비씨,앞말비씨
7275,앞마당,갈비씨,앞마씨,앞미씨
7276,앞마당,갈비씨,앞마씨,앞갈비씨
7277,앞마당,갈비씨,앞마씨,앞말비씨
7278,앞마당,갈비씨,앞미씨,앞갈비씨
7279,앞마당,갈비씨,앞미씨,앞말비씨
7280,앞마당,갈비씨,앞갈비씨,앞말비씨
7281,띄어쓰기,숫놈,띗놈,띄놈
7282,띄어쓰기,숫놈,띗놈,띄숫놈
7283,띄어쓰기,숫놈,띗놈,띄엇놈
7284,띄어쓰기,숫놈,띗놈,띄웃놈
7285,띄어쓰기,숫놈,띄놈,띄숫놈
7286,띄어쓰기,숫놈,띄놈,띄엇놈
7287,띄어쓰기,숫놈,띄놈,띄웃놈
7288,띄어쓰기,숫놈,띄숫놈,띄엇놈
7289,띄어쓰기,숫놈,띄숫놈,띄웃놈
7290,튀니지,닭발,퇅발,튀발
7291,튀니지,닭발,퇅발,튀닭발
7292,튀니지,닭발,퇅발,튀낡발
7293,튀니지,닭발,튉발,튀발
7294,튀니지,닭발,튉발,튀닭발
7295,튀니지,닭발,튉발,튀낡발
7296,튀니지,닭발,튀발,튀닭발
7297,튀니지,닭발,튀발,튀낡발
7298,튀니지,닭발,튀닭발,튀낡발
7299,꾸밈,싹쓸이,꾸미이,꾸미
7300,꾸밈,싹쓸이,꾸미이,꾸이
7301,꾸밈,싹쓸이,꾸미,꾸이
7302,티끌,감산,팀산,티산
7303,티끌,감산,팀산,티감산
7304,티끌,감산,팀산,티깜산
7305,티끌,감산,팀산,티끔산
7306,티끌,감산,티산,티감산
7307,티끌,감산,티산,티깜산
7308,티끌,감산,티산,티끔산
7309,티끌,감산,티감산,티깜산
7310,티끌,감산,티감산,티끔산
7311,뱁새,원룸,벱룸,베룸
7312,뱁새,원룸,벱룸,벱숸룸
7313,뱁새,원룸,벱룸,벱선룸
7314,뱁새,원룸,벤룸,베룸
7315,뱁새,원룸,벤룸,벱숸룸
7316,뱁새,원룸,벤룸,벱선룸
7317,뱁새,원룸,베룸,벱숸룸
7318,뱁새,원룸,베룸,벱선룸
7319,뱁새,원룸,벱숸룸,벱선룸
7320,고주파,단순화,곤순화,고순화
7321,고주파,단순화,곤순화,고준화
7322,고주파,단순화,곤순화,고주화
7323,고주파,단순화,곤순화,고운화
7324,고주파,단순화,고순화,고준화
7325,고주파,단순화,고순화,고주화
7326,고주파,단순화,고순화,고운화
7327,고주파,단순화,고준화,고주화
7328,고주파,단순화,고준화,고운화
7329,고주파,단순화,고주화,고운화
7330,높은음자리표,가풍,높풍,노풍
7331,높은음자리표,가풍,높풍,높가풍
7332,높은음자리표,가풍,높풍,노가풍
7333,높은음자리표,가풍,높풍,노아풍
7334,높은음자리표,가풍,노풍,높가풍
7335,높은음자리표,가풍,노풍,노가풍
7336,높은음자리표,가풍,노풍,노아풍
7337,높은음자리표,가풍,높가풍,노가풍
7338,높은음자리표,가풍,높가풍,노아풍
7339,높은음자리표,가풍,노가풍,노아풍
7340,기준,피읖,기즢,기읖
7341,기준,피읖,기즢,기피읖
7342,기준,피읖,기즢,기지읖
7343,기준,피읖,기즢,기주읖
7344,기준,피읖,기읖,기피읖
7345,기준,피읖,기읖,기지읖
7346,기준,피읖,기읖,기주읖
7347,기준,피읖,기피읖,기지읖
7348,기준,피읖,기피읖,기주읖
7349,비빔밥,물세탁,비빔탁,빌세탁
7350,비빔밥,물세탁,비빔탁,비빔바탁
7351,비빔밥,물세탁,비빔탁,비빔밥탁
7352,비빔밥,물세탁,비빔탁,비비에탁
7353,비빔밥,물세탁,빌세탁,비빔바탁
7354,비빔밥,물세탁,빌세탁,비빔밥탁
7355,비빔밥,물세탁,빌세탁,비비에탁
7356,비빔밥,물세탁,비빔바탁,비빔밥탁
7357,비빔밥,물세탁,비빔바탁,비비에탁
7358,비빔밥,물세탁,비빔밥탁,비비에탁
7359,강의록,말썽,강썽,갈썽
7360,강의록,말썽,강썽,가썽
7361,강의록,말썽,강썽,강말썽
7362,강의록,말썽,강썽,가말썽
7363,강의록,말썽,갈썽,가썽
7364,강의록,말썽,갈썽,강말썽
7365,강의록,말썽,갈썽,가말썽
7366,강의록,말썽,가썽,강말썽
7367,강의록,말썽,가썽,가말썽
7368,강의록,말썽,강말썽,가말썽
7369,화톳불,왜색,화섹,훼섹
7370,화톳불,왜색,화섹,화톳섹
7371,화톳불,왜색,화섹,화테섹
7372,화톳불,왜색,화섹,화토섹
7373,화톳불,왜색,훼섹,화톳섹
7374,화톳불,왜색,훼섹,화테섹
7375,화톳불,왜색,훼섹,화토섹
7376,화톳불,왜색,화톳섹,화테섹
7377,화톳불,왜색,화톳섹,화토섹
7378,히트,니코틴,히코틴,히토틴
7379,히트,니코틴,히코틴,히오틴
7380,히트,니코틴,히코틴,히트틴
7381,히트,니코틴,히코틴,히니코틴
7382,히트,니코틴,히토틴,히오틴
7383,히트,니코틴,히토틴,히트틴
7384,히트,니코틴,히토틴,히니코틴
7385,히트,니코틴,히오틴,히트틴
7386,히트,니코틴,히오틴,히니코틴
7387,히트,니코틴,히트틴,히니코틴
7388,과오,곤두박질,관두박질,과두박질
7389,과오,곤두박질,관두박질,과우박질
7390,과오,곤두박질,관두박질,과오박질
7391,과오,곤두박질,관두박질,과오악질
7392,과오,곤두박질,과두박질,과우박질
7393,과오,곤두박질,과두박질,과오박질
7394,과오,곤두박질,과두박질,과오악질
7395,과오,곤두박질,과우박질,과오박질
7396,과오,곤두박질,과우박질,과오악질
7397,과오,곤두박질,과오박질,과오악질
7398,덮개,다툼,덮툼,더툼
7399,덮개,다툼,덮툼,덮다툼
7400,덮개,다툼,덮툼,덮가툼
7401,덮개,다툼,덮툼,더다툼
7402,덮개,다툼,더툼,덮다툼
7403,덮개,다툼,더툼,덮가툼
7404,덮개,다툼,더툼,더다툼
7405,덮개,다툼,덮다툼,덮가툼
7406,덮개,다툼,덮다툼,더다툼
7407,덮개,다툼,덮가툼,더다툼
7408,이듬해,핸디캡,이듬켑,이디켑
7409,이듬해,핸디캡,이듬켑,이드켑
7410,이듬해,핸디캡,이듬켑,이듬디켑
7411,이듬해,핸디캡,이듬켑,이듬히켑
7412,이듬해,핸디캡,이디켑,이드켑
7413,이듬해,핸디캡,이디켑,이듬디켑
7414,이듬해,핸디캡,이디켑,이듬히켑
7415,이듬해,핸디캡,이드켑,이듬디켑
7416,이듬해,핸디캡,이드켑,이듬히켑
7417,이듬해,핸디캡,이듬디켑,이듬히켑
7418,단칼,왼쪽,단쪽,단퀜쪽
7419,단칼,왼쪽,단쪽,단켄쪽
7420,단칼,왼쪽,단쪽,단칸쪽
7421,단칼,왼쪽,단쪽,단카쪽
7422,단칼,왼쪽,단퀜쪽,단켄쪽
7423,단칼,왼쪽,단퀜쪽,단칸쪽
7424,단칼,왼쪽,단퀜쪽,단카쪽
7425,단칼,왼쪽,단켄쪽,단카쪽
7426,단칼,왼쪽,단칸쪽,단카쪽
7427,가계부,공천,강천,가천
7428,가계부,공천,강천,가공천
7429,가계부,공천,강천,가곙천
7430,가계부,공천,강천,가옹천
7431,가계부,공천,가천,가공천
7432,가계부,공천,가천,가곙천
7433,가계부,공천,가천,가옹천
7434,가계부,공천,가공천,가곙천
7435,가계부,공천,가공천,가옹천
7436,가계부,공천,가곙천,가옹천
7437,감자탕,깐풍기,감풍기,감중기
7438,감자탕,깐풍기,감풍기,간풍기
7439,감자탕,깐풍기,감풍기,감장기
7440,감자탕,깐풍기,감풍기,감자기
7441,감자탕,깐풍기,감중기,감자기
7442,감자탕,깐풍기,간풍기,감자기
7443,감자탕,깐풍기,감장기,감자기
7444,카메룬,견고성,칸고성,카고성
7445,카메룬,견고성,칸고성,카메성
7446,카메룬,견고성,칸고성,카모성
7447,카메룬,견고성,칸고성,카오성
7448,카메룬,견고성,카고성,카모성
7449,카메룬,견고성,카고성,카오성
7450,카메룬,견고성,카메성,카모성
7451,카메룬,견고성,카메성,카오성
7452,카메룬,견고성,카모성,카오성
7453,좁쌀,대왕,좁쐉,조왕
7454,좁쌀,대왕,좁쐉,좁싸왕
7455,좁쌀,대왕,좁쐉,좁쎄왕
7456,좁쌀,대왕,좁쐉,좁데왕
7457,좁쌀,대왕,조왕,좁싸왕
7458,좁쌀,대왕,조왕,좁쎄왕
7459,좁쌀,대왕,조왕,좁데왕
7460,화롯불,말벗,화벗,화말벗
7461,화롯불,말벗,화벗,화랄벗
7462,화롯불,말벗,화벗,화롤벗
7463,화롯불,말벗,화벗,화롯벗
7464,화롯불,말벗,화말벗,화랄벗
7465,화롯불,말벗,화말벗,화롤벗
7466,화롯불,말벗,화말벗,화롯벗
7467,화롯불,말벗,화랄벗,화롯벗
7468,화롯불,말벗,화롤벗,화롯벗
7469,싼값,나무숲,싼무숲,싼구숲
7470,싼값,나무숲,싼무숲,싼가숲
7471,싼값,나무숲,싼무숲,싸무숲
7472,싼값,나무숲,싼무숲,싼값숲
7473,싼값,나무숲,싼구숲,싸무숲
7474,싼값,나무숲,싼구숲,싼값숲
7475,싼값,나무숲,싼가숲,싸무숲
7476,싼값,나무숲,싼가숲,싼값숲
7477,싼값,나무숲,싸무숲,싼값숲
7478,건강식품,싸락눈,건락눈,건각눈
7479,건강식품,싸락눈,건락눈,건가눈
7480,건강식품,싸락눈,건락눈,건강락눈
7481,건강식품,싸락눈,건강눈,건각눈
7482,건강식품,싸락눈,건강눈,건가눈
7483,건강식품,싸락눈,건강눈,건강락눈
7484,건강식품,싸락눈,건각눈,건가눈
7485,건강식품,싸락눈,건각눈,건강락눈
7486,건강식품,싸락눈,건가눈,건강락눈
7487,덕분,카펫,덕펫,더펫
7488,덕분,카펫,덕펫,덕카펫
7489,덕분,카펫,덕펫,덕부펫
7490,덕분,카펫,덕펫,덕바펫
7491,덕분,카펫,더펫,덕카펫
7492,덕분,카펫,더펫,덕부펫
7493,덕분,카펫,더펫,덕바펫
7494,덕분,카펫,덕카펫,덕부펫
7495,덕분,카펫,덕카펫,덕바펫
7496,수확량,동성연애자,수확레자,수화에자
7497,수확량,동성연애자,수확레자,수확자
7498,수확량,동성연애자,수확레자,수훼자
7499,수확량,동성연애자,수확레자,수화자
7500,수확량,동성연애자,수화에자,수확자
7501,수확량,동성연애자,수화에자,수훼자
7502,수확량,동성연애자,수화에자,수화자
7503,수확량,동성연애자,수확자,수훼자
7504,수확량,동성연애자,수확자,수화자
7505,강대국,가정불화,강정불화,강뎅불화
7506,강대국,가정불화,강정불화,강덩불화
7507,강대국,가정불화,강정불화,강데불화
7508,강대국,가정불화,강정불화,강데굴화
7509,강대국,가정불화,강뎅불화,강데불화
7510,강대국,가정불화,강뎅불화,강데굴화
7511,강대국,가정불화,강덩불화,강데불화
7512,강대국,가정불화,강덩불화,강데굴화
7513,강대국,가정불화,강데불화,강데굴화
7514,닮은꼴,셀로판지,닮로판지,달로판지
7515,닮은꼴,셀로판지,닮로판지,다로판지
7516,닮은꼴,셀로판지,닮로판지,다오판지
7517,닮은꼴,셀로판지,닮로판지,닮셀로판지
7518,닮은꼴,셀로판지,달로판지,다로판지
7519,닮은꼴,셀로판지,달로판지,다오판지
7520,닮은꼴,셀로판지,달로판지,닮셀로판지
7521,닮은꼴,셀로판지,다로판지,다오판지
7522,닮은꼴,셀로판지,다로판지,닮셀로판지
7523,닮은꼴,셀로판지,다오판지,닮셀로판지
7524,공교육,가급적,공굡적,공급적
7525,공교육,가급적,공굡적,공교적
7526,공교육,가급적,공굡적,고급적
7527,공교육,가급적,공굡적,고읍적
7528,공교육,가급적,공급적,고급적
7529,공교육,가급적,공급적,고읍적
7530,공교육,가급적,공교적,고급적
7531,공교육,가급적,공교적,고읍적
7532,공교육,가급적,고급적,고읍적
7533,샴페인,전봇대,샴봇데,션봇데
7534,샴페인,전봇대,샴봇데,샴펫데
7535,샴페인,전봇대,샴봇데,샴폿데
7536,샴페인,전봇대,샴봇데,샨봇데
7537,둑길,긍휼,둑휼,둥휼
7538,둑길,긍휼,둑휼,두휼
7539,둑길,긍휼,둑휼,둑긍휼
7540,둑길,긍휼,둑휼,둑깅휼
7541,둑길,긍휼,둥휼,두휼
7542,둑길,긍휼,둥휼,둑긍휼
7543,둑길,긍휼,둥휼,둑깅휼
7544,둑길,긍휼,두휼,둑긍휼
7545,둑길,긍휼,두휼,둑깅휼
7546,둑길,긍휼,둑긍휼,둑깅휼
7547,선발팀,드링크,선발크,선방크
7548,선발팀,드링크,선발크,선빙크
7549,선발팀,드링크,선발크,서링크
7550,선발팀,드링크,선링크,선방크
7551,선발팀,드링크,선링크,선빙크
7552,선발팀,드링크,선링크,서링크
7553,선발팀,드링크,선방크,서링크
7554,선발팀,드링크,선빙크,서링크
7555,여럿,칡넝쿨,엵넝쿨,여러엉쿨
7556,여럿,칡넝쿨,엵넝쿨,여넝쿨
7557,여럿,칡넝쿨,엵넝쿨,여렁쿨
7558,여럿,칡넝쿨,엵넝쿨,여엉쿨
7559,여럿,칡넝쿨,여러엉쿨,여넝쿨
7560,여럿,칡넝쿨,여러엉쿨,여렁쿨
7561,여럿,칡넝쿨,여러엉쿨,여엉쿨
7562,여럿,칡넝쿨,여넝쿨,여렁쿨
7563,여럿,칡넝쿨,여넝쿨,여엉쿨
7564,여럿,칡넝쿨,여렁쿨,여엉쿨
7565,눈썰매장,강신무,눈신무,눈썬무
7566,눈썰매장,강신무,눈신무,눙신무
7567,눈썰매장,강신무,눈신무,눈씬무
7568,눈썰매장,강신무,눈썰무,눈썬무
7569,눈썰매장,강신무,눈썰무,눙신무
7570,눈썰매장,강신무,눈썰무,눈씬무
7571,가래침,전전긍긍,간전긍긍,가전긍긍
7572,가래침,전전긍긍,간전긍긍,가런긍긍
7573,가래침,전전긍긍,간전긍긍,가렌긍긍
7574,가래침,전전긍긍,간전긍긍,가레긍긍
7575,가래침,전전긍긍,가전긍긍,가런긍긍
7576,가래침,전전긍긍,가전긍긍,가렌긍긍
7577,가래침,전전긍긍,가전긍긍,가레긍긍
7578,가래침,전전긍긍,가런긍긍,가레긍긍
7579,가래침,전전긍긍,가렌긍긍,가레긍긍
7580,계집종,짬뽕,계짬뽕,계잠뽕
7581,계집종,짬뽕,계짬뽕,계짐뽕
7582,계집종,짬뽕,계짬뽕,계집좀뽕
7583,계집종,짬뽕,계집뽕,계잠뽕
7584,계집종,짬뽕,계집뽕,계짐뽕
7585,계집종,짬뽕,계집뽕,계집좀뽕
7586,계집종,짬뽕,계잠뽕,계집좀뽕
7587,계집종,짬뽕,계짐뽕,계집좀뽕
7588,결항,갱신,결신,경신
7589,결항,갱신,결신,겨신
7590,결항,갱신,결신,결항신
7591,결항,갱신,결신,결헹신
7592,결항,갱신,경신,겨신
7593,결항,갱신,경신,결항신
7594,결항,갱신,경신,결헹신
7595,결항,갱신,겨신,결항신
7596,결항,갱신,겨신,결헹신
7597,결항,갱신,결항신,결헹신
7598,가을보리,널빤지,갈빤지,가을보지
7599,가을보리,널빤지,갈빤지,가으빤지
7600,가을보리,널빤지,갈빤지,가을보리지
7601,가을보리,널빤지,갈빤지,가을보린지
7602,가을보리,널빤지,가을보지,가으빤지
7603,가을보리,널빤지,가을보지,가을보리지
7604,가을보리,널빤지,가을보지,가을보린지
7605,가을보리,널빤지,가으빤지,가을보리지
7606,가을보리,널빤지,가으빤지,가을보린지
7607,가을보리,널빤지,가을보리지,가을보린지
7608,납덩이,싫증,납증,낧증
7609,납덩이,싫증,납증,납덩증
7610,납덩이,싫증,납증,납덩싫증
7611,납덩이,싫증,납증,나증
7612,납덩이,싫증,낧증,납덩증
7613,납덩이,싫증,낧증,납덩싫증
7614,납덩이,싫증,낧증,나증
7615,납덩이,싫증,납덩증,납덩싫증
7616,납덩이,싫증,납덩증,나증
7617,납덩이,싫증,납덩싫증,나증
7618,도끼질,땅딸보,동딸보,도딸보
7619,도끼질,땅딸보,동딸보,도깔보
7620,도끼질,땅딸보,동딸보,도낄보
7621,도끼질,땅딸보,동딸보,도끼보
7622,도끼질,땅딸보,도딸보,도깔보
7623,도끼질,땅딸보,도딸보,도낄보
7624,도끼질,땅딸보,도딸보,도끼보
7625,도끼질,땅딸보,도깔보,도끼보
7626,도끼질,땅딸보,도낄보,도끼보
7627,가택,굶주림,갊주림,가주림
7628,가택,굶주림,갊주림,가테림
7629,가택,굶주림,갊주림,가투림
7630,가택,굶주림,갊주림,가우림
7631,가택,굶주림,가주림,가테림
7632,가택,굶주림,가주림,가투림
7633,가택,굶주림,가주림,가우림
7634,가택,굶주림,가테림,가우림
7635,가택,굶주림,가투림,가우림
7636,뱁새눈,고명딸,벱명딸,벱셩딸
7637,뱁새눈,고명딸,벱명딸,베명딸
7638,뱁새눈,고명딸,벱명딸,벱셍딸
7639,뱁새눈,고명딸,벱명딸,벱성딸
7640,뱁새눈,고명딸,벱셩딸,베명딸
7641,뱁새눈,고명딸,벱셩딸,벱셍딸
7642,뱁새눈,고명딸,벱셩딸,벱성딸
7643,뱁새눈,고명딸,베명딸,벱셍딸
7644,뱁새눈,고명딸,베명딸,벱성딸
7645,푸념,그룹,푸룹,푸녀룹
7646,푸념,그룹,푸룹,푸그룹
7647,푸념,그룹,푸룹,푸느룹
7648,푸념,그룹,푸룹,푸념룹
7649,푸념,그룹,푸녀룹,푸그룹
7650,푸념,그룹,푸녀룹,푸느룹
7651,푸념,그룹,푸녀룹,푸념룹
7652,푸념,그룹,푸그룹,푸느룹
7653,푸념,그룹,푸그룹,푸념룹
7654,푸념,그룹,푸느룹,푸념룹
7655,벨트,칩거,벨거,벱거
7656,벨트,칩거,벨거,베거
7657,벨트,칩거,벨거,벨칩거
7658,벨트,칩거,벨거,벨팁거
7659,벨트,칩거,벱거,베거
7660,벨트,칩거,벱거,벨칩거
7661,벨트,칩거,벱거,벨팁거
7662,벨트,칩거,베거,벨칩거
7663,벨트,칩거,베거,벨팁거
7664,벨트,칩거,벨칩거,벨팁거
7665,티셔츠,물세탁,티셔탁,틸세탁
7666,티셔츠,물세탁,티셔탁,티세탁
7667,티셔츠,물세탁,티셔탁,티에탁
7668,티셔츠,물세탁,티셔탁,티슐세탁
7669,티셔츠,물세탁,틸세탁,티세탁
7670,티셔츠,물세탁,틸세탁,티에탁
7671,티셔츠,물세탁,틸세탁,티슐세탁
7672,티셔츠,물세탁,티세탁,티에탁
7673,티셔츠,물세탁,티세탁,티슐세탁
7674,티셔츠,물세탁,티에탁,티슐세탁
7675,경찰,오븐,경븐,겨븐
7676,경찰,오븐,경븐,교븐
7677,경찰,오븐,경븐,경차븐
7678,경찰,오븐,경븐,경초븐
7679,경찰,오븐,겨븐,경차븐
7680,경찰,오븐,겨븐,경초븐
7681,경찰,오븐,교븐,경차븐
7682,경찰,오븐,교븐,경초븐
7683,성의껏,나무숲,성무숲,서무숲
7684,성의껏,나무숲,성무숲,서우숲
7685,성의껏,나무숲,성무숲,성나무숲
7686,성의껏,나무숲,성무숲,서나무숲
7687,성의껏,나무숲,서무숲,서우숲
7688,성의껏,나무숲,서무숲,성나무숲
7689,성의껏,나무숲,서무숲,서나무숲
7690,성의껏,나무숲,서우숲,성나무숲
7691,성의껏,나무숲,서우숲,서나무숲
7692,성의껏,나무숲,성나무숲,서나무숲
7693,부지깽이,돛대,붗데,부데
7694,부지깽이,돛대,붗데,부돛데
7695,부지깽이,돛대,붗데,부좇데
7696,부지깽이,돛대,붗데,부짗데
7697,부지깽이,돛대,부데,부돛데
7698,부지깽이,돛대,부데,부좇데
7699,부지깽이,돛대,부데,부짗데
7700,부지깽이,돛대,부돛데,부좇데
7701,부지깽이,돛대,부돛데,부짗데
7702,단풍잎,클럽,단럽,달럽
7703,단풍잎,클럽,단럽,다럽
7704,단풍잎,클럽,단럽,단풍럽
7705,단풍잎,클럽,단럽,단클럽
7706,단풍잎,클럽,달럽,다럽
7707,단풍잎,클럽,달럽,단풍럽
7708,단풍잎,클럽,달럽,단클럽
7709,단풍잎,클럽,다럽,단풍럽
7710,단풍잎,클럽,다럽,단클럽
7711,강당,구중궁궐,강당궁궐,강중궁궐
7712,강당,구중궁궐,강당궁궐,강둥궁궐
7713,강당,구중궁궐,강당궁궐,강다궁궐
7714,강당,구중궁궐,강당궁궐,가중궁궐
7715,강당,구중궁궐,강중궁궐,강둥궁궐
7716,강당,구중궁궐,강중궁궐,강다궁궐
7717,강당,구중궁궐,강중궁궐,가중궁궐
7718,강당,구중궁궐,강둥궁궐,강다궁궐
7719,강당,구중궁궐,강둥궁궐,가중궁궐
7720,덤프트럭,스펙트럼,덤프트럼,더펙트럼
7721,덤프트럭,스펙트럼,덤프트럼,덤프텍트럼
7722,덤프트럭,스펙트럼,덤프트럼,덤프특트럼
7723,덤프트럭,스펙트럼,덤프트럼,덤프트트럼
7724,덤프트럭,스펙트럼,더펙트럼,덤프텍트럼
7725,덤프트럭,스펙트럼,더펙트럼,덤프특트럼
7726,덤프트럭,스펙트럼,더펙트럼,덤프트트럼
7727,덤프트럭,스펙트럼,덤프텍트럼,덤프특트럼
7728,덤프트럭,스펙트럼,덤프텍트럼,덤프트트럼
7729,덤프트럭,스펙트럼,덤프특트럼,덤프트트럼
7730,개나리꽃,힙합,게나힙합,게나립합
7731,개나리꽃,힙합,게나힙합,게나리합
7732,개나리꽃,힙합,게나힙합,게나리힙합
7733,개나리꽃,힙합,게나힙합,게나리낍합
7734,개나리꽃,힙합,게나립합,게나리합
7735,개나리꽃,힙합,게나립합,게나리힙합
7736,개나리꽃,힙합,게나립합,게나리낍합
7737,개나리꽃,힙합,게나리합,게나리힙합
7738,개나리꽃,힙합,게나리합,게나리낍합
7739,개나리꽃,힙합,게나리힙합,게나리낍합
7740,휠체어,빌딩,휠딩,휘딩
7741,휠체어,빌딩,휠딩,휠빌딩
7742,휠체어,빌딩,휠딩,휠첼딩
7743,휠체어,빌딩,휠딩,휠칠딩
7744,휠체어,빌딩,휘딩,휠빌딩
7745,휠체어,빌딩,휘딩,휠첼딩
7746,휠체어,빌딩,휘딩,휠칠딩
7747,휠체어,빌딩,휠빌딩,휠첼딩
7748,휠체어,빌딩,휠빌딩,휠칠딩
7749,개찰,못난이,게차이,게치
7750,개찰,못난이,게차이,게이
7751,개찰,못난이,게치,게이
7752,가시권,젤리,갈리,가리
7753,가시권,젤리,갈리,가젤리
7754,가시권,젤리,갈리,가셀리
7755,가시권,젤리,갈리,가실리
7756,가시권,젤리,가리,가젤리
7757,가시권,젤리,가리,가셀리
7758,가시권,젤리,가리,가실리
7759,가시권,젤리,가젤리,가셀리
7760,가시권,젤리,가젤리,가실리
7761,혐오,노르웨이어,혀에이어,혀이어
7762,혐오,노르웨이어,혀에이어,혀어
7763,혐오,노르웨이어,혀이어,혀어
7764,곳간,도롱뇽,곳롱뇽,곳강뇽
7765,곳간,도롱뇽,곳롱뇽,곳공뇽
7766,곳간,도롱뇽,곳롱뇽,곳가뇽
7767,곳간,도롱뇽,곳롱뇽,고롱뇽
7768,곳간,도롱뇽,곳강뇽,곳가뇽
7769,곳간,도롱뇽,곳강뇽,고롱뇽
7770,곳간,도롱뇽,곳공뇽,곳가뇽
7771,곳간,도롱뇽,곳공뇽,고롱뇽
7772,곳간,도롱뇽,곳가뇽,고롱뇽
7773,다큐멘터리,낭떠러지,다큐멘지,다큐러지
7774,다큐멘터리,낭떠러지,다큐멘지,다큐메지
7775,다큐멘터리,낭떠러지,다큐멘지,당떠러지
7776,다큐멘터리,낭떠러지,다큐멘지,다큐머지
7777,다큐멘터리,낭떠러지,다큐러지,다큐메지
7778,다큐멘터리,낭떠러지,다큐러지,당떠러지
7779,다큐멘터리,낭떠러지,다큐러지,다큐머지
7780,바깥,스튜디오,바튜디오,바뀨디오
7781,바깥,스튜디오,바튜디오,바꾸디오
7782,바깥,스튜디오,바튜디오,바까디오
7783,바깥,스튜디오,바튜디오,바유디오
7784,바깥,스튜디오,바뀨디오,바꾸디오
7785,바깥,스튜디오,바뀨디오,바까디오
7786,바깥,스튜디오,바뀨디오,바유디오
7787,고명,랭킹,공킹,고명킹
7788,고명,랭킹,공킹,고킹
7789,고명,랭킹,공킹,고멩킹
7790,고명,랭킹,공킹,고며킹
7791,고명,랭킹,고명킹,고킹
7792,고명,랭킹,고명킹,고멩킹
7793,고명,랭킹,고명킹,고며킹
7794,고명,랭킹,고킹,고멩킹
7795,고명,랭킹,고킹,고며킹
7796,조깅,그글피,조글피,조길피
7797,조깅,그글피,조글피,조기피
7798,조깅,그글피,조글피,조깅피
7799,조깅,그글피,조글피,조그글피
7800,조깅,그글피,조길피,조기피
7801,조깅,그글피,조길피,조깅피
7802,조깅,그글피,조길피,조그글피
7803,조깅,그글피,조기피,조깅피
7804,조깅,그글피,조기피,조그글피
7805,조깅,그글피,조깅피,조그글피
7806,스쿠터,옹알이,스쿠티,스쿠이
7807,스쿠터,옹알이,스쿠티,스쿠터이
7808,스쿠터,옹알이,스쿠티,스키
7809,스쿠터,옹알이,스쿠티,스이
7810,스쿠터,옹알이,스쿠이,스쿠터이
7811,스쿠터,옹알이,스쿠이,스키
7812,스쿠터,옹알이,스쿠이,스이
7813,스쿠터,옹알이,스쿠터이,스키
7814,스쿠터,옹알이,스쿠터이,스이
7815,스쿠터,옹알이,스키,스이
7816,가스보일러,강태공,가스공,가세공
7817,가스보일러,강태공,가스공,가테공
7818,가스보일러,강태공,가스공,가에공
7819,가스보일러,강태공,가스공,가강테공
7820,가스보일러,강태공,가세공,가에공
7821,가스보일러,강태공,가세공,가강테공
7822,가스보일러,강태공,가테공,가에공
7823,가스보일러,강태공,가테공,가강테공
7824,가스보일러,강태공,가에공,가강테공
7825,굶주림,궂은일,굶주릴,굶주일
7826,굶주림,궂은일,굶주릴,굶주리일
7827,굶주림,궂은일,굶주릴,굶질
7828,굶주림,궂은일,굶주릴,구일
7829,굶주림,궂은일,굶주일,굶주리일
7830,굶주림,궂은일,굶주일,굶질
7831,굶주림,궂은일,굶주일,구일
7832,굶주림,궂은일,굶주리일,굶질
7833,굶주림,궂은일,굶주리일,구일
7834,굶주림,궂은일,굶질,구일
7835,꼭두새벽,결핍증,꼭핍증,꼭둡증
7836,꼭두새벽,결핍증,꼭핍증,꼴핍증
7837,꼭두새벽,결핍증,꼭핍증,꼭딥증
7838,꼭두새벽,결핍증,꼭핍증,꼭두증
7839,꼭두새벽,결핍증,꼭둡증,꼭두증
7840,꼭두새벽,결핍증,꼴핍증,꼭두증
7841,꼭두새벽,결핍증,꼭딥증,꼭두증
7842,공군,경량급,공량급,공걍급
7843,공군,경량급,공량급,고량급
7844,공군,경량급,공량급,공강급
7845,공군,경량급,공량급,공궁급
7846,공군,경량급,공걍급,고량급
7847,공군,경량급,공걍급,공강급
7848,공군,경량급,공걍급,공궁급
7849,까풀,넓적다리,깗적다리,까푸억다리
7850,까풀,넓적다리,깗적다리,까적다리
7851,까풀,넓적다리,깗적다리,까퍽다리
7852,까풀,넓적다리,깗적다리,까푹다리
7853,까풀,넓적다리,까푸억다리,까적다리
7854,까풀,넓적다리,까푸억다리,까퍽다리
7855,까풀,넓적다리,까푸억다리,까푹다리
7856,까풀,넓적다리,까적다리,까퍽다리
7857,까풀,넓적다리,까적다리,까푹다리
7858,낼모레,매듭,넬듭,네듭
7859,낼모레,매듭,넬듭,넬모듭
7860,낼모레,매듭,넬듭,넬메듭
7861,낼모레,매듭,넬듭,네메듭
7862,낼모레,매듭,네듭,넬모듭
7863,낼모레,매듭,네듭,넬메듭
7864,낼모레,매듭,네듭,네메듭
7865,낼모레,매듭,넬모듭,넬메듭
7866,낼모레,매듭,넬모듭,네메듭
7867,낼모레,매듭,넬메듭,네메듭
7868,똥배,개별,똥별,또별
7869,똥배,개별,똥별,똥베별
7870,똥배,개별,똥별,똥게별
7871,똥배,개별,똥별,또게별
7872,똥배,개별,또별,똥베별
7873,똥배,개별,또별,똥게별
7874,똥배,개별,또별,또게별
7875,똥배,개별,똥베별,똥게별
7876,똥배,개별,똥베별,또게별
7877,똥배,개별,똥게별,또게별
7878,개량종,반인륜,게린륜,게인륜
7879,개량종,반인륜,게린륜,겐륜
7880,개량종,반인륜,게린륜,게륜
7881,개량종,반인륜,게인륜,겐륜
7882,개량종,반인륜,게인륜,게륜
7883,개량종,반인륜,겐륜,게륜
7884,개망신,아픔,게픔,게망픔
7885,개망신,아픔,게픔,게마픔
7886,개망신,아픔,게픔,게아픔
7887,개망신,아픔,게픔,게망시픔
7888,개망신,아픔,게망픔,게마픔
7889,개망신,아픔,게망픔,게아픔
7890,개망신,아픔,게망픔,게망시픔
7891,개망신,아픔,게마픔,게아픔
7892,개망신,아픔,게마픔,게망시픔
7893,개망신,아픔,게아픔,게망시픔
7894,매춘,콤팩트,멤펙트,메추엑트
7895,매춘,콤팩트,멤펙트,메펙트
7896,매춘,콤팩트,멤펙트,메첵트
7897,매춘,콤팩트,멤펙트,메축트
7898,매춘,콤팩트,메추엑트,메펙트
7899,매춘,콤팩트,메추엑트,메첵트
7900,매춘,콤팩트,메추엑트,메축트
7901,주특기,셔틀콕,주특콕,주을콕
7902,주특기,셔틀콕,주특콕,주트콕
7903,주특기,셔틀콕,주특콕,주특틀콕
7904,주특기,셔틀콕,주틀콕,주을콕
7905,주특기,셔틀콕,주틀콕,주트콕
7906,주특기,셔틀콕,주틀콕,주특틀콕
7907,주특기,셔틀콕,주을콕,주특틀콕
7908,주특기,셔틀콕,주트콕,주특틀콕
7909,국가시험,프로그램,국가그렘,국가스렘
7910,국가시험,프로그램,국가그렘,국고그렘
7911,국가시험,프로그램,국가시렘,국가스렘
7912,국가시험,프로그램,국가시렘,국고그렘
7913,국가시험,프로그램,국로그렘,국가스렘
7914,국가시험,프로그램,국로그렘,국고그렘
7915,기둥뿌리,외곬,기곬,기둥곬
7916,기둥뿌리,외곬,기곬,기뒈곬
7917,기둥뿌리,외곬,기곬,기웨곬
7918,기둥뿌리,외곬,기곬,기두곬
7919,기둥뿌리,외곬,기둥곬,기뒈곬
7920,기둥뿌리,외곬,기둥곬,기웨곬
7921,기둥뿌리,외곬,기둥곬,기두곬
7922,기둥뿌리,외곬,기뒈곬,기웨곬
7923,기둥뿌리,외곬,기뒈곬,기두곬
7924,발뺌,대호황,발호황,발뽀황
7925,발뺌,대호황,발호황,발뻬황
7926,발뺌,대호황,발호황,바호황
7927,발뺌,대호황,발호황,바오황
7928,발뺌,대호황,발뽀황,바호황
7929,발뺌,대호황,발뽀황,바오황
7930,발뺌,대호황,발뻬황,바호황
7931,발뺌,대호황,발뻬황,바오황
7932,발뺌,대호황,바호황,바오황
7933,윷놀이,급여액,윷노엑,유어엑
7934,윷놀이,급여액,윷노엑,윷노어엑
7935,윷놀이,급여액,윷노엑,윷넥
7936,윷놀이,급여액,윷너엑,유어엑
7937,윷놀이,급여액,윷너엑,윷노어엑
7938,윷놀이,급여액,윷너엑,윷넥
7939,윷놀이,급여액,유어엑,윷노어엑
7940,윷놀이,급여액,유어엑,윷넥
7941,윷놀이,급여액,윷노어엑,윷넥
7942,숫놈,스냅,숫넵,수넵
7943,숫놈,스냅,숫넵,숫스넵
7944,숫놈,스냅,숫넵,숫느넵
7945,숫놈,스냅,숫넵,숫노넵
7946,숫놈,스냅,수넵,숫스넵
7947,숫놈,스냅,수넵,숫느넵
7948,숫놈,스냅,수넵,숫노넵
7949,숫놈,스냅,숫스넵,숫느넵
7950,숫놈,스냅,숫스넵,숫노넵
7951,앙갚음,카메룬,앙갚룬,앙가룬
7952,앙갚음,카메룬,앙갚룬,앙갚메룬
7953,앙갚음,카메룬,앙갚룬,앙카메룬
7954,앙갚음,카메룬,앙갚룬,앙가메룬
7955,앙갚음,카메룬,앙가룬,앙갚메룬
7956,앙갚음,카메룬,앙가룬,앙카메룬
7957,앙갚음,카메룬,앙가룬,앙가메룬
7958,앙갚음,카메룬,앙갚메룬,앙카메룬
7959,앙갚음,카메룬,앙갚메룬,앙가메룬
7960,앙갚음,카메룬,앙카메룬,앙가메룬
7961,극좌,눈썰미,극줠미,극썰미
7962,극좌,눈썰미,극줠미,근썰미
7963,극좌,눈썰미,극줠미,극절미
7964,극좌,눈썰미,극줠미,그썰미
7965,극좌,눈썰미,극썰미,근썰미
7966,극좌,눈썰미,극썰미,극절미
7967,극좌,눈썰미,극썰미,그썰미
7968,극좌,눈썰미,근썰미,그썰미
7969,극좌,눈썰미,극절미,그썰미
7970,비읍,애니메이션,비니메이션,비이메이션
7971,비읍,애니메이션,비니메이션,비으메이션
7972,비읍,애니메이션,비니메이션,비으에이션
7973,비읍,애니메이션,비니메이션,비읍메이션
7974,비읍,애니메이션,비이메이션,비으메이션
7975,비읍,애니메이션,비이메이션,비으에이션
7976,비읍,애니메이션,비이메이션,비읍메이션
7977,비읍,애니메이션,비으메이션,비으에이션
7978,비읍,애니메이션,비으메이션,비읍메이션
7979,비읍,애니메이션,비으에이션,비읍메이션
7980,곗돈,으뜸,곗뜸,계뜸
7981,곗돈,으뜸,곗뜸,곗드뜸
7982,곗돈,으뜸,곗뜸,곗도뜸
7983,곗돈,으뜸,곗뜸,곗돈뜸
7984,곗돈,으뜸,계뜸,곗드뜸
7985,곗돈,으뜸,계뜸,곗도뜸
7986,곗돈,으뜸,계뜸,곗돈뜸
7987,곗돈,으뜸,곗드뜸,곗돈뜸
7988,곗돈,으뜸,곗도뜸,곗돈뜸
7989,레크리에이션,경외,레퀘,레웨
7990,레크리에이션,경외,레퀘,레크뤠
7991,레크리에이션,경외,레퀘,레크웨
7992,레크리에이션,경외,레퀘,레크리웨
7993,레크리에이션,경외,레웨,레크뤠
7994,레크리에이션,경외,레웨,레크웨
7995,레크리에이션,경외,레웨,레크리웨
7996,레크리에이션,경외,레크뤠,레크웨
7997,레크리에이션,경외,레크뤠,레크리웨
7998,레크리에이션,경외,레크웨,레크리웨
7999,꼬챙이,풍뎅이,꼬체이,꼬치
8000,꼬챙이,풍뎅이,꼬체이,꼬이
8001,꼬챙이,풍뎅이,꼬치,꼬이
8002,명칭,미확정,명칙정,명치정
8003,명칭,미확정,명칙정,며악정
8004,명칭,미확정,명칙정,명칭정
8005,명칭,미확정,명착정,명치정
8006,명칭,미확정,명착정,며악정
8007,명칭,미확정,명착정,명칭정
8008,명칭,미확정,명치정,며악정
8009,명칭,미확정,명치정,명칭정
8010,명칭,미확정,며악정,명칭정
8011,노숙자,계획서,노쉑서,노숙서
8012,노숙자,계획서,노쉑서,노섹서
8013,노숙자,계획서,노쉑서,노웩서
8014,노숙자,계획서,노훽서,노숙서
8015,노숙자,계획서,노훽서,노섹서
8016,노숙자,계획서,노훽서,노웩서
8017,노숙자,계획서,노숙서,노섹서
8018,노숙자,계획서,노숙서,노웩서
8019,칵테일,초하룻날,카하룻날,카날
8020,칵테일,초하룻날,카하룻날,칵하룻날
8021,칵테일,초하룻날,카하룻날,칵테룻날
8022,칵테일,초하룻날,카하룻날,칵타룻날
8023,칵테일,초하룻날,카날,칵하룻날
8024,칵테일,초하룻날,카날,칵테룻날
8025,칵테일,초하룻날,카날,칵타룻날
8026,칵테일,초하룻날,칵하룻날,칵타룻날
8027,칵테일,초하룻날,칵테룻날,칵타룻날
8028,탤런트,무르팍,텔런팍,텔르팍
8029,탤런트,무르팍,텔런팍,텔러팍
8030,탤런트,무르팍,텔런팍,테르팍
8031,탤런트,무르팍,텔런팍,테으팍
8032,탤런트,무르팍,텔르팍,텔러팍
8033,탤런트,무르팍,텔르팍,테르팍
8034,탤런트,무르팍,텔르팍,테으팍
8035,탤런트,무르팍,텔러팍,테르팍
8036,탤런트,무르팍,텔러팍,테으팍
8037,탤런트,무르팍,테르팍,테으팍
8038,영웅,말미잘,영미잘,열미잘
8039,영웅,말미잘,영미잘,여미잘
8040,영웅,말미잘,영미잘,여이잘
8041,영웅,말미잘,영미잘,영말미잘
8042,영웅,말미잘,열미잘,여미잘
8043,영웅,말미잘,열미잘,여이잘
8044,영웅,말미잘,열미잘,영말미잘
8045,영웅,말미잘,여미잘,여이잘
8046,영웅,말미잘,여미잘,영말미잘
8047,영웅,말미잘,여이잘,영말미잘
8048,엉덩방아,걸작,엉작,엉걸작
8049,엉덩방아,걸작,엉작,엉덩작
8050,엉덩방아,걸작,엉작,엉덜작
8051,엉덩방아,걸작,엉작,엉더작
8052,엉덩방아,걸작,엉걸작,엉덜작
8053,엉덩방아,걸작,엉걸작,엉더작
8054,엉덩방아,걸작,엉덩작,엉덜작
8055,엉덩방아,걸작,엉덩작,엉더작
8056,엉덩방아,걸작,엉덜작,엉더작
8057,넝쿨,흠모,넝모,넘모
8058,넝쿨,흠모,넝모,너모
8059,넝쿨,흠모,넝모,넝흠모
8060,넝쿨,흠모,넝모,넝쿰모
8061,넝쿨,흠모,넘모,너모
8062,넝쿨,흠모,넘모,넝흠모
8063,넝쿨,흠모,넘모,넝쿰모
8064,넝쿨,흠모,너모,넝흠모
8065,넝쿨,흠모,너모,넝쿰모
8066,넝쿨,흠모,넝흠모,넝쿰모
8067,버튼,뒤꼍,버꼍,버티꼍
8068,버튼,뒤꼍,버꼍,버트꼍
8069,버튼,뒤꼍,버꼍,버이꼍
8070,버튼,뒤꼍,버꼍,버튼꼍
8071,버튼,뒤꼍,버티꼍,버이꼍
8072,버튼,뒤꼍,버티꼍,버튼꼍
8073,버튼,뒤꼍,버트꼍,버이꼍
8074,버튼,뒤꼍,버트꼍,버튼꼍
8075,버튼,뒤꼍,버이꼍,버튼꼍
8076,감독,허튼수작,감튼수작,감돈수작
8077,감독,허튼수작,감튼수작,감든수작
8078,감독,허튼수작,감튼수작,감도수작
8079,감독,허튼수작,감튼수작,가튼수작
8080,감독,허튼수작,감돈수작,감도수작
8081,감독,허튼수작,감돈수작,가튼수작
8082,감독,허튼수작,감든수작,감도수작
8083,감독,허튼수작,감든수작,가튼수작
8084,끗발,말썽,끗썽,끌썽
8085,끗발,말썽,끗썽,끄썽
8086,끗발,말썽,끗썽,끗발썽
8087,끗발,말썽,끗썽,끗말썽
8088,끗발,말썽,끌썽,끄썽
8089,끗발,말썽,끌썽,끗발썽
8090,끗발,말썽,끌썽,끗말썽
8091,끗발,말썽,끄썽,끗발썽
8092,끗발,말썽,끄썽,끗말썽
8093,끗발,말썽,끗발썽,끗말썽
8094,논길,스펙트럼,논펙트럼,논긱트럼
8095,논길,스펙트럼,논펙트럼,논겍트럼
8096,논길,스펙트럼,논펙트럼,논기트럼
8097,논길,스펙트럼,논펙트럼,노펙트럼
8098,논길,스펙트럼,논긱트럼,논기트럼
8099,논길,스펙트럼,논긱트럼,노펙트럼
8100,논길,스펙트럼,논겍트럼,논기트럼
8101,논길,스펙트럼,논겍트럼,노펙트럼
8102,갑론을박,가을걷이,갑로이,갑리
8103,갑론을박,가을걷이,갑로이,가이
8104,갑론을박,가을걷이,갑리,가이
8105,병폐,낭만적,병만적,병판적
8106,병폐,낭만적,병만적,뱡만적
8107,병폐,낭만적,병만적,벼만적
8108,병폐,낭만적,병만적,벼안적
8109,병폐,낭만적,병판적,벼만적
8110,병폐,낭만적,병판적,벼안적
8111,병폐,낭만적,뱡만적,벼만적
8112,병폐,낭만적,뱡만적,벼안적
8113,병폐,낭만적,벼만적,벼안적
8114,고등어자반,거래액,고드엑,고에엑
8115,고등어자반,거래액,고드엑,고등레엑
8116,고등어자반,거래액,고레엑,고에엑
8117,고등어자반,거래액,고레엑,고등레엑
8118,고등어자반,거래액,고데엑,고에엑
8119,고등어자반,거래액,고데엑,고등레엑
8120,고등어자반,거래액,고에엑,고등레엑
8121,칼슘,넋두리,칼슈리,칼슘리
8122,칼슘,넋두리,칼슈리,칼두리
8123,칼슘,넋두리,칼슈리,칼수리
8124,칼슘,넋두리,칼슈리,칷두리
8125,칼슘,넋두리,칼슘리,칼수리
8126,칼슘,넋두리,칼슘리,칷두리
8127,칼슘,넋두리,칼두리,칼수리
8128,칼슘,넋두리,칼두리,칷두리
8129,플랑크톤,까막눈,플막눈,플락눈
8130,플랑크톤,까막눈,플막눈,플라눈
8131,플랑크톤,까막눈,플막눈,플랑막눈
8132,플랑크톤,까막눈,플랑눈,플락눈
8133,플랑크톤,까막눈,플랑눈,플라눈
8134,플랑크톤,까막눈,플랑눈,플랑막눈
8135,플랑크톤,까막눈,플락눈,플라눈
8136,플랑크톤,까막눈,플락눈,플랑막눈
8137,플랑크톤,까막눈,플라눈,플랑막눈
8138,가정학,왁스,각스,가스
8139,가정학,왁스,각스,가좍스
8140,가정학,왁스,각스,가왁스
8141,가정학,왁스,각스,가정스
8142,가정학,왁스,가스,가좍스
8143,가정학,왁스,가스,가왁스
8144,가정학,왁스,가스,가정스
8145,가정학,왁스,가좍스,가왁스
8146,가정학,왁스,가좍스,가정스
8147,강북,숭늉,강늉,강숭늉
8148,강북,숭늉,강늉,강붕늉
8149,강북,숭늉,강늉,강부늉
8150,강북,숭늉,강늉,강북늉
8151,강북,숭늉,강숭늉,강붕늉
8152,강북,숭늉,강숭늉,강부늉
8153,강북,숭늉,강숭늉,강북늉
8154,강북,숭늉,강붕늉,강부늉
8155,강북,숭늉,강붕늉,강북늉
8156,강북,숭늉,강부늉,강북늉
8157,스펙트럼,하이힐,스펙힐,스페힐
8158,스펙트럼,하이힐,스펙힐,스피힐
8159,스펙트럼,하이힐,스펙힐,스이힐
8160,스펙트럼,하이힐,스펙힐,스펙트힐
8161,스펙트럼,하이힐,스페힐,스이힐
8162,스펙트럼,하이힐,스페힐,스펙트힐
8163,스펙트럼,하이힐,스피힐,스이힐
8164,스펙트럼,하이힐,스피힐,스펙트힐
8165,스펙트럼,하이힐,스이힐,스펙트힐
8166,빌딩,허벅다리,빌벅다리,빌덕다리
8167,빌딩,허벅다리,빌벅다리,빌딕다리
8168,빌딩,허벅다리,빌벅다리,비벅다리
8169,빌딩,허벅다리,빌벅다리,빌디다리
8170,빌딩,허벅다리,빌덕다리,비벅다리
8171,빌딩,허벅다리,빌덕다리,빌디다리
8172,빌딩,허벅다리,빌딕다리,비벅다리
8173,빌딩,허벅다리,빌딕다리,빌디다리
8174,쥐덫,고조할머니,쥐조할머니,쥐도할머니
8175,쥐덫,고조할머니,쥐조할머니,쥐더할머니
8176,쥐덫,고조할머니,쥐조할머니,쥐오할머니
8177,쥐덫,고조할머니,쥐조할머니,쥐더알머니
8178,쥐덫,고조할머니,쥐도할머니,쥐오할머니
8179,쥐덫,고조할머니,쥐도할머니,쥐더알머니
8180,쥐덫,고조할머니,쥐더할머니,쥐오할머니
8181,쥐덫,고조할머니,쥐더할머니,쥐더알머니
8182,쥐덫,고조할머니,쥐오할머니,쥐더알머니
8183,섹스,낯짝,섹짝,셏짝
8184,섹스,낯짝,섹짝,세짝
8185,섹스,낯짝,섹짝,섹낯짝
8186,섹스,낯짝,섹짝,섹샃짝
8187,섹스,낯짝,셏짝,세짝
8188,섹스,낯짝,셏짝,섹낯짝
8189,섹스,낯짝,셏짝,섹샃짝
8190,섹스,낯짝,세짝,섹낯짝
8191,섹스,낯짝,세짝,섹샃짝
8192,섹스,낯짝,섹낯짝,섹샃짝
8193,대참사,굳은살,데참살,데찬살
8194,대참사,굳은살,데참살,데츤살
8195,대참사,굳은살,데참살,데참슨살
8196,대참사,굳은살,데참살,데참사살
8197,대참사,굳은살,데찬살,데참슨살
8198,대참사,굳은살,데찬살,데참사살
8199,대참사,굳은살,데츤살,데참슨살
8200,대참사,굳은살,데츤살,데참사살
8201,대참사,굳은살,데참슨살,데참사살
8202,아킬레스건,귀엣말,아킬말,아킷말
8203,아킬레스건,귀엣말,아킬말,아키말
8204,아킬레스건,귀엣말,아킬말,아킬렛말
8205,아킬레스건,귀엣말,아킬말,아킬레말
8206,아킬레스건,귀엣말,아킷말,아키말
8207,아킬레스건,귀엣말,아킷말,아킬렛말
8208,아킬레스건,귀엣말,아킷말,아킬레말
8209,아킬레스건,귀엣말,아키말,아킬렛말
8210,아킬레스건,귀엣말,아키말,아킬레말
8211,아킬레스건,귀엣말,아킬렛말,아킬레말
8212,거즈,규범,거범,거규범
8213,거즈,규범,거범,거쥬범
8214,거즈,규범,거범,거유범
8215,거즈,규범,거범,거주범
8216,거즈,규범,거규범,거쥬범
8217,거즈,규범,거규범,거유범
8218,거즈,규범,거규범,거주범
8219,거즈,규범,거쥬범,거유범
8220,거즈,규범,거쥬범,거주범
8221,바윗돌,레깅스,바윗스,바윙스
8222,바윗돌,레깅스,바윗스,바위스
8223,바윗돌,레깅스,바윗스,바윗깅스
8224,바윗돌,레깅스,바깅스,바윙스
8225,바윗돌,레깅스,바깅스,바위스
8226,바윗돌,레깅스,바깅스,바윗깅스
8227,바윗돌,레깅스,바윙스,바위스
8228,바윗돌,레깅스,바윙스,바윗깅스
8229,바윗돌,레깅스,바위스,바윗깅스
8230,까막눈이,하굣길,까굣길,까묫길
8231,까막눈이,하굣길,까굣길,까못길
8232,까막눈이,하굣길,까굣길,까욧길
8233,까막눈이,하굣길,까굣길,까막길
8234,까막눈이,하굣길,까묫길,까못길
8235,까막눈이,하굣길,까묫길,까욧길
8236,까막눈이,하굣길,까묫길,까막길
8237,까막눈이,하굣길,까못길,까막길
8238,까막눈이,하굣길,까욧길,까막길
8239,너털웃음,감탄조,넘탄조,너털조
8240,너털웃음,감탄조,넘탄조,너탄조
8241,너털웃음,감탄조,넘탄조,너턴조
8242,너털웃음,감탄조,넘탄조,너터조
8243,너털웃음,감탄조,너털조,너턴조
8244,너털웃음,감탄조,너털조,너터조
8245,너털웃음,감탄조,너탄조,너턴조
8246,너털웃음,감탄조,너탄조,너터조
8247,너털웃음,감탄조,너턴조,너터조
8248,돗자리,깔때기,돗자기,돗떼기
8249,돗자리,깔때기,돗자기,돗제기
8250,돗자리,깔때기,돗자기,돌떼기
8251,돗자리,깔때기,돗자기,돗자리기
8252,돗자리,깔때기,돗떼기,돌떼기
8253,돗자리,깔때기,돗떼기,돗자리기
8254,돗자리,깔때기,돗제기,돌떼기
8255,돗자리,깔때기,돗제기,돗자리기
8256,돗자리,깔때기,돌떼기,돗자리기
8257,가치,갈비,가비,가갈비
8258,가치,갈비,가비,가찰비
8259,가치,갈비,가비,가알비
8260,가치,갈비,가비,가치비
8261,가치,갈비,가갈비,가찰비
8262,가치,갈비,가갈비,가알비
8263,가치,갈비,가갈비,가치비
8264,가치,갈비,가찰비,가알비
8265,가치,갈비,가찰비,가치비
8266,가치,갈비,가알비,가치비
8267,홑몸,스윙,홑뮝,호윙
8268,홑몸,스윙,홑뮝,홑스윙
8269,홑몸,스윙,홑뮝,홑므윙
8270,홑몸,스윙,홑뮝,홑모윙
8271,홑몸,스윙,호윙,홑스윙
8272,홑몸,스윙,호윙,홑므윙
8273,홑몸,스윙,호윙,홑모윙
8274,홑몸,스윙,홑스윙,홑므윙
8275,홑몸,스윙,홑스윙,홑모윙
8276,돋보기안경,맴매,돋메,돔메
8277,돋보기안경,맴매,돋메,도메
8278,돋보기안경,맴매,돋메,돋벰메
8279,돋보기안경,맴매,돋메,돋멤메
8280,돋보기안경,맴매,돔메,도메
8281,돋보기안경,맴매,돔메,돋벰메
8282,돋보기안경,맴매,돔메,돋멤메
8283,돋보기안경,맴매,도메,돋벰메
8284,돋보기안경,맴매,도메,돋멤메
8285,경찰권,별첨,경첨,결첨
8286,경찰권,별첨,경첨,겨첨
8287,경찰권,별첨,경첨,경찰첨
8288,경찰권,별첨,경첨,경철첨
8289,경찰권,별첨,결첨,겨첨
8290,경찰권,별첨,결첨,경찰첨
8291,경찰권,별첨,결첨,경철첨
8292,경찰권,별첨,겨첨,경찰첨
8293,경찰권,별첨,겨첨,경철첨
8294,경찰권,별첨,경찰첨,경철첨
8295,간극,터럭,간럭,가럭
8296,간극,터럭,간럭,간터럭
8297,간극,터럭,간럭,간그럭
8298,간극,터럭,간럭,간거럭
8299,간극,터럭,가럭,간터럭
8300,간극,터럭,가럭,간그럭
8301,간극,터럭,가럭,간거럭
8302,간극,터럭,간터럭,간그럭
8303,간극,터럭,간터럭,간거럭
8304,계절병,고랭지,계절지,계젱지
8305,계절병,고랭지,계절지,계렝지
8306,계절병,고랭지,계절지,계정지
8307,계절병,고랭지,계절지,계저지
8308,계절병,고랭지,계젱지,계저지
8309,계절병,고랭지,계렝지,계저지
8310,계절병,고랭지,계정지,계저지
8311,강산성,거물급,강산급,강술급
8312,강산성,거물급,강산급,강살급
8313,강산성,거물급,강산급,강사급
8314,강산성,거물급,강물급,강술급
8315,강산성,거물급,강물급,강살급
8316,강산성,거물급,강물급,강사급
8317,강산성,거물급,강술급,강사급
8318,강산성,거물급,강살급,강사급
8319,수놈,스탬프,수놈프,수템프
8320,수놈,스탬프,수놈프,수넴프
8321,수놈,스탬프,수놈프,수엠프
8322,수놈,스탬프,수놈프,수노프
8323,수놈,스탬프,수템프,수엠프
8324,수놈,스탬프,수템프,수노프
8325,수놈,스탬프,수넴프,수엠프
8326,수놈,스탬프,수넴프,수노프
8327,끝내기,서클,끝클,끄클
8328,끝내기,서클,끝클,끝서클
8329,끝내기,서클,끝클,끝네클
8330,끝내기,서클,끝클,끝너클
8331,끝내기,서클,끄클,끝서클
8332,끝내기,서클,끄클,끝네클
8333,끝내기,서클,끄클,끝너클
8334,끝내기,서클,끝서클,끝네클
8335,끝내기,서클,끝서클,끝너클
8336,깍쟁이,캘린더,깍린더,깔린더
8337,깍쟁이,캘린더,깍린더,깍젱더
8338,깍쟁이,캘린더,깍린더,깍젠더
8339,깍쟁이,캘린더,깍린더,깍진더
8340,몸뻬,풋김치,몸김치,못김치
8341,몸뻬,풋김치,몸김치,몸삠치
8342,몸뻬,풋김치,몸김치,몸뻼치
8343,몸뻬,풋김치,몸김치,모김치
8344,몸뻬,풋김치,못김치,몸뻼치
8345,몸뻬,풋김치,못김치,모김치
8346,몸뻬,풋김치,몸삠치,몸뻼치
8347,몸뻬,풋김치,몸삠치,모김치
8348,몸뻬,풋김치,몸뻼치,모김치
8349,은닉,글러브,은러브,은니브
8350,은닉,글러브,은러브,은너브
8351,은닉,글러브,은러브,은닉브
8352,은닉,글러브,은러브,은글러브
8353,은닉,글러브,은니브,은닉브
8354,은닉,글러브,은니브,은글러브
8355,은닉,글러브,은너브,은닉브
8356,은닉,글러브,은너브,은글러브
8357,은닉,글러브,은닉브,은글러브
8358,공공요금,널빤지,공공지,공곤지
8359,공공요금,널빤지,공공지,골빤지
8360,공공요금,널빤지,공공지,공간지
8361,공공요금,널빤지,공빤지,공곤지
8362,공공요금,널빤지,공빤지,골빤지
8363,공공요금,널빤지,공빤지,공간지
8364,힌트,매출액,힌트엑,힌텍
8365,힌트,매출액,힌트엑,히엑
8366,힌트,매출액,힌텍,히엑
8367,게스트,감귤,겜귤,게귤
8368,게스트,감귤,겜귤,게감귤
8369,게스트,감귤,겜귤,게삼귤
8370,게스트,감귤,겜귤,게슴귤
8371,게스트,감귤,게귤,게감귤
8372,게스트,감귤,게귤,게삼귤
8373,게스트,감귤,게귤,게슴귤
8374,게스트,감귤,게감귤,게삼귤
8375,게스트,감귤,게감귤,게슴귤
8376,묶음,햄버거,묶버거,뭄버거
8377,묶음,햄버거,묶버거,무버거
8378,묶음,햄버거,묶버거,무어거
8379,묶음,햄버거,묶버거,묶헴버거
8380,묶음,햄버거,뭄버거,무버거
8381,묶음,햄버거,뭄버거,무어거
8382,묶음,햄버거,뭄버거,묶헴버거
8383,묶음,햄버거,무버거,무어거
8384,묶음,햄버거,무버거,묶헴버거
8385,묶음,햄버거,무어거,묶헴버거
8386,딸아이,날벼락,딸벼락,따벼락
8387,딸아이,날벼락,딸벼락,따여락
8388,딸아이,날벼락,딸벼락,따어락
8389,딸아이,날벼락,딸벼락,딸날벼락
8390,딸아이,날벼락,따벼락,따여락
8391,딸아이,날벼락,따벼락,따어락
8392,딸아이,날벼락,따벼락,딸날벼락
8393,딸아이,날벼락,따여락,따어락
8394,딸아이,날벼락,따여락,딸날벼락
8395,딸아이,날벼락,따어락,딸날벼락
8396,가동,굳은살,가돈살,가은살
8397,가동,굳은살,가돈살,가도살
8398,가동,굳은살,가돈살,가동살
8399,가동,굳은살,가든살,가은살
8400,가동,굳은살,가든살,가도살
8401,가동,굳은살,가든살,가동살
8402,가동,굳은살,가은살,가도살
8403,가동,굳은살,가은살,가동살
8404,가동,굳은살,가도살,가동살
8405,관광버스,나부랭이,관기,과이
8406,펜대,챔피언,펜디언,펜피언
8407,펜대,챔피언,펜디언,펨피언
8408,펜대,챔피언,펜디언,페피언
8409,펜대,챔피언,펜디언,펜데언
8410,펜대,챔피언,펜피언,펨피언
8411,펜대,챔피언,펜피언,페피언
8412,펜대,챔피언,펜피언,펜데언
8413,펜대,챔피언,펨피언,페피언
8414,펜대,챔피언,펨피언,펜데언
8415,펜대,챔피언,페피언,펜데언
8416,대환영,등긁이,데화이,데휘
8417,대환영,등긁이,데화이,데히
8418,대환영,등긁이,데화이,데이
8419,대환영,등긁이,데휘,데히
8420,대환영,등긁이,데휘,데이
8421,대환영,등긁이,데히,데이
8422,고투,떨이,고티,고이
8423,고투,떨이,고티,고투이
8424,고투,떨이,고이,고투이
8425,곡괭이,감안,곡관,곡간
8426,곡괭이,감안,곡관,고안
8427,곡괭이,감안,곡관,곡궤안
8428,곡괭이,감안,곡간,고안
8429,곡괭이,감안,곡간,곡궤안
8430,곡괭이,감안,고안,곡궤안
8431,숨쉬기,고양이,숨쉬이,숨쉬
8432,숨쉬기,고양이,숨쉬이,숨쉬기이
8433,숨쉬기,고양이,숨쉬이,숨시
8434,숨쉬기,고양이,숨쉬이,수이
8435,숨쉬기,고양이,숨쉬,숨시
8436,숨쉬기,고양이,숨쉬,수이
8437,숨쉬기,고양이,숨쉬기이,숨시
8438,숨쉬기,고양이,숨쉬기이,수이
8439,숨쉬기,고양이,숨시,수이
8440,꿰미,누각,꿰각,꿰누각
8441,꿰미,누각,꿰각,꿰무각
8442,꿰미,누각,꿰각,꿰우각
8443,꿰미,누각,꿰각,꿰미각
8444,꿰미,누각,꿰누각,꿰무각
8445,꿰미,누각,꿰누각,꿰우각
8446,꿰미,누각,꿰누각,꿰미각
8447,꿰미,누각,꿰무각,꿰우각
8448,꿰미,누각,꿰무각,꿰미각
8449,꿰미,누각,꿰우각,꿰미각
